step,J,D,stress,movement,active_directed_pairs,x_0,x_1,x_2,x_3,x_4,x_5,x_6,x_7,x_8,x_9,v_0,v_1,v_2,v_3,v_4,v_5,v_6,v_7,v_8,v_9,y_0,y_1,y_2,y_3,y_4,y_5,y_6,y_7,y_8,y_9
1,0.6,0.036,0.39235599999999976,0.6,10.0,0.0,0.0,0.0,0.0,0.0,-0.12,-0.12,-0.12,-0.12,-0.12,0.0,0.0,0.0,0.0,0.0,-0.12,-0.12,-0.12,-0.12,-0.12,0.999805,0.999805,0.999805,0.999508,0.999184,1.0288329999999999,1.058455,1.08805,1.118347,1.148671
2,1.387400715226802,0.17274131498408546,0.3852498960803688,0.7874007152268021,10.0,0.0,-0.010714285714285714,-0.016666666666666666,-0.04001976284584979,0.12,-0.24,-0.24,-0.24,-0.24,-0.24,0.0,-0.010714285714285714,-0.016666666666666666,-0.04001976284584979,0.12,-0.12,-0.12,-0.12,-0.12,-0.12,0.9995789122200264,0.9994978722002635,0.9997678722002635,0.9991738722002635,0.9985427472002635,1.0278707472002635,1.0571957872200264,1.0861157872200264,1.1167097872200262,1.1473577872200262
3,2.104977185446075,0.42467913974740795,0.37818708713886245,0.72294543570112,10.0,-0.000688148454033647,-0.02757097087568784,-0.0154494399149618,-0.03855250685663117,0.22271611934476077,-0.36,-0.36,-0.36,-0.36,-0.36,-0.000688148454033647,-0.016856685161402124,0.0012172267517048668,0.0014672559892186243,0.10271611934476077,-0.12,-0.12,-0.12,-0.12,-0.12,0.99938182441425,0.9993037555878653,0.999804866856391,0.998914795856804,0.9979862201359332,1.0269610291277802,1.0559050979541649,1.0841889866856391,1.1150799866856391,1.1460519866856391
4,2.6457807393673707,0.6731684385718038,0.3704460185493251,0.6488551903212366,10.0,0.0013279219909971864,-0.00990774829876553,-0.013076591960832286,-0.036542602749657906,0.19142442423684905,-0.47350145013026895,-0.48,-0.48,-0.48,-0.48,0.0020160704450308334,0.017663222576922308,0.002372847954129514,0.0020099041069732634,-0.031291695107911716,-0.11350145013026897,-0.12,-0.12,-0.12,-0.12,0.9992199212611967,0.9991459224906286,0.9995766274451615,0.9984029186614013,0.9971225233649719,1.0257420612305013,1.0543040600010694,1.0822533550465365,1.113425271135609,1.144721271135609
5,3.060420307522088,0.8382678608623748,0.3635650862583027,0.6647174804924342,10.0,0.005351976259418547,-0.015070798882331322,-0.03890701346729216,-0.06120360071478643,0.10288401793772142,-0.4370029002605379,-0.6,-0.6,-0.6,-0.6,0.004024054268421361,-0.005163050583565792,-0.025830421506459873,-0.024660997965128523,-0.08854040629912763,0.03649854986973103,-0.12,-0.12,-0.12,-0.12,0.9989856144361624,0.998861677144715,0.9990931661850748,0.9980043588389798,0.9964080953472195,1.0247231279714606,1.052957065262908,1.0807005762225481,1.1117821584006928,1.143402158400693
6,3.473504582044967,1.1284985738091973,0.35795976735690666,0.6618158321822704,10.0,0.001610088683812874,-0.038646138332934565,-0.06700406454035138,-0.06698126354369877,0.10226012668363146,-0.3170029002605379,-0.72,-0.72,-0.72,-0.72,-0.003741887575605673,-0.023575339450603246,-0.02809705107305921,-0.005777662828912344,-0.0006238912540899588,0.12,-0.12,-0.12,-0.12,-0.12,0.9987520947116643,0.9986164576529883,0.9988465429380264,0.9980597871401585,0.9961766548080329,1.0241912621242055,1.0520588991828814,1.0793988138978434,1.1101833960759881,1.1421273960759881
7,3.776356660194238,1.596423329421802,0.35353884218812387,0.6576536609911457,10.0,-0.0041968242032024115,-0.029067287378158172,-0.04933388652568846,-0.03843958977601382,0.15494497039158722,-0.1970029002605379,-0.7833712016590504,-0.84,-0.84,-0.84,-0.005806912887015285,0.009578850954776393,0.01767017801466292,0.028541673767684947,0.05268484370795576,0.12,-0.06337120165905039,-0.12,-0.12,-0.12,0.998703069414561,0.9986252292452645,0.9989738554286456,0.9984919389631751,0.9964226176963162,1.0240544186920624,1.051486258861359,1.0783026326779779,1.1087902148561226,1.140905317100602
8,4.034904112927649,2.0325841128695226,0.3496336280114663,0.6299783939688598,10.0,-0.0005780613201005012,0.013558476061805696,-0.01306758760179106,-0.00830526668439642,0.19564941768091684,-0.2270029002605379,-0.6967424033181008,-0.96,-0.96,-0.96,0.0036187628831019104,0.04262576343996387,0.0362662989238974,0.0301343230916174,0.04070444728932962,-0.03,0.08662879834094961,-0.12,-0.12,-0.12,0.9987643202167736,0.9987475020517377,0.9991877132415198,0.9986266614461571,0.9967241023574008,1.023939624015084,1.05093244218012,1.0772522309903378,1.1078140631684827,1.1396952676574417
9,4.168853672093938,2.0920234242205304,0.34831319193562377,0.40561285844569206,10.0,0.008659740978963184,0.01863178776058402,-0.0037628823529599273,-0.029247137663786858,0.18970053461014683,-0.3421091854093963,-0.5767424033181008,-1.0,-1.0,-1.0,0.009237802299063685,0.005073311698778324,0.009304705248831133,-0.020941870979390438,-0.005948883070770017,-0.11510628514885834,0.12,-0.0981448988867449,-0.05330233923287722,-0.10453711389558634,0.9987618112560387,0.9987025858022696,0.9991294120051424,0.9982710011209325,0.9966844515662507,1.023766224754486,1.0506754502082551,1.0768736240053824,1.1077203442392707,1.1392775487282294
10,4.174980490464337,1.9415338896613332,0.3482783569968802,0.2613124253183481,10.0,0.011462238544726036,-0.02046060316477571,-0.03660970552413941,-0.07685683560644249,0.14886252186233317,-0.3072154705582546,-0.6067424033181008,-1.0,-0.966770711885565,-1.0,0.002802497565762853,-0.03909239092535973,-0.032846823171179484,-0.04760969794265563,-0.04083801274781365,0.03489371485114165,-0.03,-0.025735857723875988,0.03322928811443504,-0.02817547539839542,0.9986232140091257,0.9984675789170226,0.9988025195912129,0.9980266872795458,0.9964207082405715,1.0235616057105148,1.0506719130601785,1.0769619723859882,1.1077223306756199,1.1393605351645788
11,4.007662059746226,1.8036689205277694,0.35035092466998724,0.3830472791433208,10.0,0.004114767430485652,-0.04344850232181734,-0.06608278885861033,-0.07672720331517559,0.12979439916719868,-0.1872154705582546,-0.6621458450391928,-0.9913623711699255,-0.846770711885565,-1.0,-0.007347471114240384,-0.02298789915704163,-0.029473083334470913,0.000129632291266904,-0.0190681226951345,0.12,-0.05540344172109199,0.008637628830074517,0.12,-0.12,0.9985694661457057,0.9984140935589926,0.9987061309571187,0.9982372177314559,0.9965178553410069,1.0237370694252803,1.0512251142695541,1.077558076871428,1.1080214351610596,1.1398092289426653
12,3.754153439130168,1.7139019804052724,0.35348250447439217,0.3828752208876751,10.0,-0.002436558651647821,-0.013262612771762584,-0.044413977084101344,-0.03913442702168711,0.16204114065135955,-0.2172154705582546,-0.5675492867602848,-0.981329253745505,-0.726770711885565,-1.0,-0.006551326082133473,0.030185889550054752,0.02166881177450898,0.03759277629348848,0.032246741484160873,-0.03,0.094596558278908,0.010033117424420618,0.12,-0.12,0.9987377118775279,0.9986584646628089,0.9990230572292745,0.9984887382938226,0.9969772438346853,1.0241868009262312,1.0519767203985104,1.0782371278320448,1.1087747361216764,1.1403071191959293
13,3.6169161350741463,1.7644662778427433,0.3551484037503439,0.24868507319841393,10.0,0.00264546088638273,0.014322031733692165,-0.0025826450486870767,-0.028343783073091544,0.19168403720082647,-0.16812968849284154,-0.5735286490282893,-0.984463386879155,-0.6512164527311807,-1.0,0.005082019538030551,0.02758464450545475,0.04183133203541427,0.010790643948595566,0.02964289654946692,0.04908578206541306,-0.005979362268004412,-0.0031341331336500466,0.07555425915438432,-0.12,0.9989242394966392,0.9988668433359162,0.9992981324196181,0.9988784400684018,0.9973073555160448,1.0244324488705108,1.0524385132051306,1.0786322241214288,1.1090483451004487,1.140596872452825
14,3.7232524128872457,1.7782012651957486,0.3539869322456953,0.2565032356069774,10.0,0.01041437973189176,0.01448086350012387,-0.005240030844860001,-0.020369213811676768,0.18645318895996868,-0.2690439064274285,-0.5116505876336226,-1.0,-0.7056002419776732,-1.0,0.0077689188455090305,0.00015883176643170446,-0.0026573857961729244,0.007974569261414776,-0.005230848240857788,-0.10091421793458694,0.06187806139466663,-0.017561037506301974,-0.05438378924649262,-0.12,0.9988980709079159,0.9988568232499473,0.9992763429251071,0.9985963998440612,0.9971921358974377,1.0242765679529584,1.0520951748486975,1.0783006551735377,1.1089665388419454,1.1403479954285562
15,3.8397201421911036,1.764161434067896,0.35226184606819505,0.317913519677264,10.0,0.011454196909819081,-0.011297438444938464,-0.03051832498984286,-0.06500440749376603,0.14929693933880278,-0.21995812436201542,-0.5997725262389559,-1.0,-0.7524181844129632,-1.0,0.0010398171779273213,-0.025778301945062334,-0.02527829414498286,-0.044635193682089264,-0.0371562496211659,0.04908578206541306,-0.08812193860533336,-0.03706401026616862,-0.046817942435289917,-0.12,0.9987553057646392,0.9986236718394643,0.9989595899529766,0.9983997304293524,0.996798138074058,1.0239280710590397,1.0516895877033137,1.0779786695898015,1.1085230659475975,1.1401424517684426
16,3.9744630521402837,1.7213203551600293,0.35096410408123596,0.18297686687794124,10.0,0.005770269926616161,-0.032637839611075165,-0.05780065427707915,-0.06945967666481186,0.13086388785762507,-0.28603057005590304,-0.6113668252703678,-1.0,-0.7805333284768055,-1.0,-0.00568392698320292,-0.021340401166136704,-0.02728232928723629,-0.004455269171045828,-0.018433051481177715,-0.06607244569388765,-0.01159429903141189,-0.04319896007762952,-0.028115144063842246,-0.12,0.9986177703024178,0.9984771144571716,0.9987715582048513,0.9980558426795619,0.9964565568487194,1.0236355980264182,1.0513175738869625,1.0776481301392828,1.1083560558001713,1.1400067462284011
17,3.896849052457086,1.7568890352821032,0.3514822108625862,0.1850393706075903,10.0,-0.0002998213592219903,-0.025163243488904266,-0.04701667017566256,-0.072718533074324,0.13410869564953795,-0.2021030157497907,-0.6582760251719169,-1.0,-0.7571630477877273,-1.0,-0.0060700912858381514,0.007474596122170898,0.010783984101416594,-0.003258856409512137,0.003244807791912885,0.08392755430611235,-0.046909199901549126,-0.04610745206349215,0.023370280689078204,-0.12,0.9986605785518664,0.998513323522391,0.9988150680876025,0.9983152678824566,0.9965775547229875,1.0237371847293035,1.0514993761582478,1.0778226315930364,1.1083228365570172,1.1401001818249812
18,3.7949156472361354,1.7628191270953077,0.3528437449143205,0.3093653306445978,10.0,0.0004280822096585107,-0.003447509198329854,-0.027782684045972013,-0.031861414974729885,0.17132413045781586,-0.2681754614436783,-0.555185225073466,-1.0,-0.7367111398324854,-1.0,0.000727903568880501,0.021715734290574412,0.019233986129690545,0.04085711809959411,0.03721543480827791,-0.06607244569388765,0.10309080009845087,-0.02132947325651796,0.020451907955241877,-0.12,0.9987765531100102,0.9987120337446863,0.9990975130382165,0.9984332008601603,0.9969396305794493,1.024064639410732,1.0518085186855834,1.0780480393920535,1.1087117736591265,1.140210773766825
19,3.7409742705306774,1.8256410041101256,0.3534366552092956,0.20770309754542035,10.0,0.005534003884091734,0.008450868869287836,-0.006712838753386546,-0.03405012905951482,0.1855502863477416,-0.18424790713756597,-0.6020944249750151,-1.0,-0.7143338115040735,-1.0,0.005105921674433223,0.01189837806761769,0.021069845292585467,-0.0021887140847849373,0.014226155889925735,0.08392755430611235,-0.046909199901549126,-0.012730145673610832,0.022377328328411883,-0.12,0.9988670773054074,0.9987981257940619,0.9992156139383443,0.9987521294629353,0.9971131643970337,1.0242002475067897,1.0520190475118973,1.078226559367615,1.1086825729377805,1.140308227885213
20,3.7227365266259143,1.7640222026477275,0.35372927098381185,0.23371438584540136,10.0,0.009879309294161396,0.001948559159013312,-0.021224515582681243,-0.029051445813086784,0.17416601452781275,-0.2503203528314536,-0.49900362487656424,-1.0,-0.7371427045411406,-1.0,0.004345305410069661,-0.0065023097102745245,-0.014511676829294697,0.004998683246428038,-0.011384271819928848,-0.06607244569388765,0.10309080009845087,-0.011973568174595967,-0.022808893037067096,-0.12,0.9988362457085471,0.9987774165307757,0.9991692900634632,0.9985364101226583,0.9971860313548161,1.0242992354828648,1.0520360651413319,1.0782691916086442,1.108888734481902,1.1402360442690689
21,3.717583365251056,1.7392914497345067,0.3538421588001293,0.2222694158987601,10.0,0.00864652729067204,-0.014214390993939889,-0.03369997609991502,-0.06401052166231508,0.15960023704412113,-0.16639279852534125,-0.5459128247781133,-1.0,-0.7251060888566382,-1.0,-0.0012327820034893568,-0.0161629501529532,-0.012475460517233777,-0.03495907584922829,-0.014565777483691617,0.08392755430611235,-0.046909199901549126,-0.019309568293992524,0.0120366156845024,-0.12,0.9987828733482561,0.9986532520418899,0.9990123525752391,0.9985888575870465,0.9971372806259611,1.024272940582941,1.0521184777094088,1.0783843771760595,1.1087961993524096,1.1402701639793105
22,3.8986368812662344,1.7782263199626847,0.35174839335774216,0.2170841661972851,10.0,0.0051502179240899195,-0.018626069670609702,-0.0415297678493889,-0.05230454677972787,0.15678719620223724,-0.2324652442192289,-0.6503609515335032,-1.0,-0.7414128870874489,-1.0,-0.0034963093665821205,-0.004411678676669811,-0.007829791749473885,0.011705974882587206,-0.002813040841883885,-0.06607244569388765,-0.1044481267553898,-0.01698930606974053,-0.016306798230810687,-0.12,0.998700967707188,0.998595050999959,0.9989478221914141,0.998365517917774,0.9966388794083647,1.0237886329904935,1.0515590991033972,1.077831327911942,1.1084066793913845,1.140162653960525
23,3.9605330260642715,1.7401825003831966,0.3507358532432097,0.24365718175809503,10.0,0.0036084113222649592,-0.007732995479091157,-0.03314685378220836,-0.0592417211744775,0.13227634582734238,-0.35246524421922887,-0.604809078288893,-1.0,-0.7672523759707652,-1.0,-0.0015418066018249605,0.010893074191518545,0.00838291406718054,-0.006937174394749626,-0.024510850374894866,-0.12,0.0455518732446102,-0.04636025884136871,-0.025839488883316303,-0.12,0.9986984168692864,0.9985784523839081,0.9988760741620196,0.9979988513272919,0.9963780462837916,1.0235127106205995,1.0512158301216699,1.0775432083435583,1.108415559823001,1.140048544334381
24,4.031764028067213,1.7597330385571204,0.3501861315000084,0.16829807869772287,10.0,0.004599986736662006,-0.018155031467273767,-0.0378598581517397,-0.0740657786222873,0.13629390441331884,-0.32246524421922884,-0.6896053868333277,-1.0,-0.7487188376233744,-1.0,0.0009915754143970464,-0.01042203598818261,-0.004713004369531346,-0.014824057447809805,0.004017558585976466,0.03,-0.08479630854443475,-0.044692052201386195,0.018533538347390827,-0.12,0.9986592064832687,0.9985092232815586,0.9988158845664885,0.9980115731049514,0.9961782327350623,1.0233213804797354,1.051112899342932,1.077431238058002,1.1082293395374445,1.1400912740818945
25,3.8428779226479857,1.7604722317289592,0.35214737645938193,0.23090688873022935,10.0,0.002347032595040438,-0.024163158491941,-0.04299639291298922,-0.05162592714474609,0.1455581137395891,-0.20246524421922885,-0.6244016953777625,-1.0,-0.7493203581666887,-1.0,-0.002252954141621568,-0.006008127024667234,-0.005136534761249523,0.02243985147754121,0.009264209326270256,0.12,0.06520369145556525,-0.03236337087821914,-0.0006015205433143045,-0.12,0.9986947553544011,0.998590212851933,0.9989177186078471,0.9984134486344012,0.996765621031506,1.0239180145387494,1.0516621979129923,1.0779596921570784,1.108460793636521,1.1401466782140408
26,3.7152505934486033,1.7800917254385178,0.35405335243772434,0.2900544122635248,10.0,0.0013626266007225542,-0.0009298509964307325,-0.02659595948120126,-0.022150679510953432,0.19677165527166024,-0.23246524421922884,-0.5044016953777625,-0.9991402482285309,-0.731432633762113,-1.0,-0.000984405994317884,0.023233307495510266,0.016400433431787962,0.02947524763379266,0.05121354153207114,-0.03,0.12,0.0008597517714691583,0.017887724404575756,-0.12,0.9988204633393583,0.9987756082133485,0.9992183444377098,0.9986411534123563,0.9972807333501557,1.0244061208511532,1.0521469631808125,1.0783292269564513,1.1089045784358937,1.1402664630134136
27,3.598507342096781,1.829609388510768,0.35510958875059645,0.22562203504026823,10.0,0.006727916577693199,0.01000494156372923,-0.0020159525783791134,-0.030694223535711905,0.1966777922963004,-0.11246524421922885,-0.5344016953777625,-0.9996658645072954,-0.7058537114406804,-1.0,0.005365289976970645,0.010934792560159962,0.024580006902822145,-0.008543544024758473,-9.386297535984856e-05,0.12,-0.03,-0.0005256162787645458,0.025578922321432496,-0.12,0.9989276432094821,0.9988654874068223,0.999308012439489,0.9990205782726665,0.9975619359121837,1.024641541973141,1.0524802585847626,1.078662733552096,1.1089410850315384,1.1403839696090585
28,3.7124342709327114,1.8442703781184995,0.35365817965518126,0.15721756896232075,10.0,0.01131138121907066,0.008951180649419058,-0.01805122934674867,-0.02637582428043014,0.18040463240269716,-0.14246524421922885,-0.5957656101657833,-1.0,-0.7291091686493336,-1.0,0.00458346464137746,-0.0010537609143101718,-0.016035276768369557,0.004318399255281765,-0.01627315989360323,-0.03,-0.061363914788020814,-0.0021525252926371807,-0.023255457208653213,-0.12,0.9988625999426719,0.998809188898504,0.9992150993214101,0.9988472274773217,0.9972245622203513,1.0243320544331753,1.0520887715960978,1.0783078611731918,1.1086604626526344,1.140269029800082
29,3.7773607649030234,1.7174600618301896,0.3528873080512987,0.34424043663643594,10.0,0.01033385940193383,-0.005880146379334674,-0.033788840471162256,-0.05889284879696434,0.13931244874817045,-0.26246524421922884,-0.5071295249538041,-1.0,-0.7595578519324253,-1.0,-0.0009775218171368298,-0.014831327028753732,-0.015737611124413586,-0.032517024516534196,-0.041092183654526715,-0.12,0.08863608521197919,-0.03374061438111273,-0.03044868328309172,-0.12,0.9987690480253817,0.9986497900065678,0.9989632430162512,0.9982996908266161,0.9969397023397882,1.0240755222526363,1.051802173037863,1.0781137200281796,1.1087633215076222,1.1401325712249974
30,3.8448235859990567,1.6736525115009915,0.3525959642078916,0.19921021026097935,10.0,0.006054199058735583,-0.03097979897484242,-0.04919722881957535,-0.0903574087435288,0.1336284492760684,-0.23246524421922884,-0.568493439741825,-1.0,-0.7336478171652524,-1.0,-0.004279660343198248,-0.025099652595507747,-0.015408388348413089,-0.03146455994656446,-0.005683999472102047,0.03,-0.06136391478802081,-0.03865292713889143,0.02591003476717288,-0.12,0.9986782961780041,0.9984953224252984,0.9987959864361695,0.9982124617879976,0.9967263226840801,1.0238898776959553,1.0517618608245904,1.0780861968137192,1.1086615482931619,1.1401964805804647
31,3.8722714634284934,1.7882538431514687,0.3518050405429061,0.23531745735509238,10.0,0.00034889595964612136,-0.02648385820914204,-0.04520642650194491,-0.05758087220503782,0.14615469001860212,-0.17549903697731228,-0.682857189097927,-1.0,-0.7381404944588812,-1.0,-0.005705303099089462,0.004495940765700382,0.003990802317630441,0.032776536538490976,0.012526240742533723,0.05696620724191656,-0.11436374935610202,-0.02986887339902536,-0.004492677293628761,-0.12,0.9986758781503694,0.9985592768841541,0.998888124936696,0.9984532938106316,0.9966512914767466,1.0238076630444501,1.0515991217531198,1.077895273700578,1.108329633817097,1.1401733482276613
32,3.8994562575512157,1.8385140297464095,0.35131298038137865,0.26190132202344646,10.0,0.0009394877845919037,0.00882808110631374,-0.02133577458900466,-0.026213369020655748,0.16298514548212728,-0.2685328297353957,-0.6472209384540291,-1.0,-0.7634006313790972,-1.0,0.0005905918249457824,0.03531193931545578,0.02387065191294025,0.03136750318438207,0.016830455463525157,-0.09303379275808343,0.03563625064389797,-0.036784183133720616,-0.02526013692021603,-0.12,0.9987738320720797,0.9987207499998129,0.9990874665771476,0.9984215795150433,0.996660178753475,1.0237735831477353,1.051421953231158,1.0776802366538232,1.1083448554074182,1.140092351941244
33,3.720744423834817,1.7766889427798878,0.353470760021436,0.2276679033999776,10.0,0.007287173854625617,0.007341903503147413,-0.013058663342926706,-0.04434371779241163,0.16246991163446187,-0.21156662249347916,-0.5272209384540291,-1.0,-0.7474554927597354,-1.0,0.006347686070033713,-0.0014861776031663276,0.008277111246077953,-0.01813034877175588,-0.0005152338476654139,0.05696620724191656,0.12,-0.040141432464847415,0.01594513861936178,-0.12,0.9988503453814441,0.9987605493529145,0.999126106654092,0.9985926415787169,0.9971575815468735,1.0242560871408908,1.0519913983672273,1.0782508410660498,1.1087744684567211,1.140197964990547
34,3.654981674203108,1.801740783884938,0.35466427627926717,0.23797585434172866,10.0,0.008548188761552325,-0.013214052716610369,-0.030571108527435123,-0.0438220836186446,0.18658895118142607,-0.10170339017629762,-0.5572209384540291,-1.0,-0.7133129607671125,-1.0,0.0012610149069267082,-0.02055595621975778,-0.017512445184508417,0.0005216341737670285,0.024119039546964205,0.10986323231718154,-0.03,-0.003998595730242735,0.03414253199262299,-0.12,0.9988205484927114,0.9987318087733836,0.9991516339135418,0.9988883779680274,0.9974046935672302,1.0245347215625795,1.0523765254554909,1.0785817003153326,1.1088334162060192,1.140337912739845
35,3.5911727022684232,1.7742109420641121,0.35514529740426976,0.1647099883365138,10.0,0.00582530934856766,-0.00204468427707832,-0.026539313673385502,-0.02990326022910784,0.18176321035062115,-0.14184015785911608,-0.4796300652453381,-1.0,-0.7236267012852088,-1.0,-0.002722879412984665,0.011169368439532049,0.004031794854049621,0.013918823389536757,-0.00482574083080492,-0.04013676768281846,0.077590873208691,-0.0026993145874173313,-0.010313740518096276,-0.12,0.9988546292997926,0.9987940751978287,0.9992030424211176,0.9988441238627956,0.9975523430643697,1.0246751138289818,1.0524562438218974,1.0786722765986085,1.1090233309893098,1.1403183321654722
36,3.787386296511077,1.7623855767502437,0.3530878916803651,0.2432368676084783,10.0,0.007809906397930836,0.0066873413701345145,-0.016053976736928748,-0.04778721517731219,0.17078159488124395,-0.2618401578591161,-0.5520391920366471,-1.0,-0.7243869120517638,-1.0,0.001984597049363176,0.008732025647212835,0.010485336936456754,-0.017883954948204345,-0.010981615469377204,-0.12,-0.072409126791309,-0.017479785214648866,-0.0007602107665549973,-0.12,0.9988320998085858,0.9987353306978518,0.9991195892863346,0.9984609915219961,0.9969599531408392,1.0240638502989656,1.0518788006367366,1.0781195420482539,1.108767596438955,1.140258102257454
37,3.910565536345647,1.7668468027727338,0.35105152258919753,0.2931523219066944,10.0,0.009613852580239526,-0.014067039151488636,-0.03258111651783081,-0.07340787857997365,0.12248239521531618,-0.23184015785911607,-0.6720391920366471,-1.0,-0.754533904405035,-1.0,0.0018039461823086888,-0.02075438052162315,-0.01652713978090207,-0.025620663402661465,-0.04829919966592777,0.03,-0.12,-0.04848462831176435,-0.030146992353271257,-0.12,0.998709290385879,0.9985606394317544,0.9988362248209889,0.9982494417293043,0.996457091497469,1.023590737507201,1.0513626066624495,1.0777120212732152,1.1082858256639163,1.1401003314824154
38,4.053833846720956,1.7289709156455113,0.3499791986200865,0.22939751925992452,10.0,0.0044076718712187084,-0.027392828360257963,-0.05699696060008304,-0.06554945484668634,0.12448176990223564,-0.35184015785911604,-0.642039192036647,-1.0,-0.7811258112447104,-1.0,-0.005206180709020817,-0.01332578920876933,-0.024415844082252225,0.007858423733287306,0.001999374686919464,-0.12,0.03,-0.051232739065770014,-0.026591906839675328,-0.12,0.9985982901171534,0.9984655524710888,0.9987456364533689,0.9978688817056414,0.9961785195918098,1.02335611412089,1.0510283054615337,1.0773732214792537,1.108244025869955,1.139977531688454
39,4.003380842026754,1.7291454485955546,0.35066643378243306,0.10602672856987036,10.0,-0.0004558592959649794,-0.02616155221162926,-0.04331951131429834,-0.07214873424082006,0.13959889655105767,-0.321840157859116,-0.6476537886355609,-1.0,-0.7522023419183067,-1.0,-0.004863531167183688,0.001231276148628703,0.013677449285784696,-0.006599279394133729,0.015117126648822032,0.03,-0.005614596598913835,-0.04814585362779532,0.02892346932640366,-0.12,0.9986394877313174,0.9984933865444797,0.9988074840617196,0.9980115450810678,0.9963040842964851,1.0234570594168508,1.0512337232266458,1.077544625709406,1.1083411801001073,1.1400898453294233
40,3.759426852837106,1.7613321921382732,0.35321220754847676,0.29857734410568987,10.0,0.0003979094035739914,-0.013474058919989325,-0.03090262768130979,-0.04188163850380379,0.16651266460550457,-0.20184015785911602,-0.5725217781812065,-1.0,-0.7318960176826018,-1.0,0.0008537686995389708,0.012687493291639935,0.012416883632988554,0.03026709573701628,0.026913768054446896,0.12,0.07513201045435439,-0.02007540386521732,0.02030632423570486,-0.12,0.9987639906200663,0.998679180302096,0.9990538337974584,0.9985537422290623,0.997029155070772,1.0241597798005984,1.0519391176628683,1.078189464167506,1.1086890185582075,1.1402348273592966
41,3.714765083495236,1.8329376678672076,0.35407288220507854,0.15613086847097887,10.0,0.003937385954808559,0.010166025240701027,-0.012196955362531653,-0.010002465216900208,0.2085417123781234,-0.1916391706371537,-0.5691980202573234,-0.990247279397399,-0.718836069050295,-1.0,0.003539476551234568,0.023640084160690352,0.018705672318778135,0.03187917328690358,0.042029047772618844,0.010200987221962346,0.003323757923883147,0.009752720602601003,0.013059948632306834,-0.12,0.998877304417825,0.9988570494257607,0.9993262682786115,0.9988466458602455,0.9972937997157967,1.0244192809432118,1.0521752023177675,1.0783309834649168,1.1088052904122438,1.1403421250669386
42,3.7404164289576296,1.8437940896591019,0.35339555359688185,0.11109609281009857,10.0,0.00997460712194521,0.014595347435519167,-0.00488492446911707,-0.025283014222213428,0.18302274602230864,-0.1817477942125306,-0.591150081120581,-1.0,-0.7297579143534144,-1.0,0.006037221167136651,0.00442932219481814,0.0073120308934145825,-0.01528054900531322,-0.02551896635581477,0.009891376424623101,-0.021952060863257572,-0.020018383678858845,-0.010921845303119432,-0.12,0.9988880599902941,0.9988368618864941,0.9992486630650443,0.9987853715547537,0.9971662786635171,1.0242500715275615,1.0520025322011484,1.0782157310225982,1.1086655568132742,1.1402616620322996
43,3.8342477598332927,1.7210864576618636,0.35253798379637274,0.32686467512274486,10.0,0.01191245717766753,-0.007697482430641698,-0.03495276510844822,-0.055143781295021656,0.1489635384061351,-0.3017477942125306,-0.5232879640487331,-1.0,-0.7505419771541153,-1.0,0.0019378500557223185,-0.022292829866160865,-0.03006784063933115,-0.029860767072808228,-0.03405920761617354,-0.12,0.06786211707184786,-0.028477117523783083,-0.02078406280070086,-0.12,0.9987566693704791,0.9986450032133567,0.9989801711747706,0.9982172635669047,0.9968165095988013,1.0239544245759966,1.0517018835050835,1.0779917155436698,1.1087385413343456,1.1401514188372772
44,3.931704382787013,1.6712442127910079,0.3516975779312275,0.2374116141622928,10.0,0.006307297918098944,-0.03624454651541138,-0.05373136120755213,-0.09311435674100225,0.12807873878409437,-0.2717477942125306,-0.6054258469768853,-1.0,-0.7370544404314382,-1.0,-0.0056051592595685856,-0.028547064084769688,-0.018778596099103907,-0.0379705754459806,-0.020884799622040734,0.03,-0.08213788292815213,-0.037158588359887765,0.013487536722677135,-0.12,0.9986353117708369,0.9984467551984363,0.9987349323607005,0.9980538417178351,0.9964762770917592,1.023647993541933,1.0515148286269744,1.0778516514647103,1.1085242272553861,1.1401588770422237
45,3.8543806772922617,1.7710472279067255,0.3519347631962711,0.23982244365376043,10.0,-0.0003826908269337348,-0.03227977062571987,-0.05347927722187921,-0.06506543996020966,0.13447415144370553,-0.1517477942125306,-0.6668972832306195,-1.0,-0.7500542697706636,-1.0,-0.006689988745032679,0.003964775889691512,0.00025208398567291845,0.028048916780792597,0.0063954126596111605,0.12,-0.06147143625373424,-0.03369763766288354,-0.012999829339225416,-0.12,0.9986506378017933,0.9985188802858739,0.9988214471266222,0.9984463879685626,0.9966966059425755,1.0238678686415748,1.0516369552077167,1.0779593883669683,1.1083349641576443,1.140135586822367
46,3.7494151362935506,1.842985622709566,0.3531188710209035,0.2958097004834134,10.0,-0.0007437512540139028,0.008813082624276894,-0.02195789615301731,-0.01700753465999505,0.1816271438830636,-0.1817477942125306,-0.5783687194843538,-1.0,-0.7591492140222997,-1.0,-0.00036106042708016796,0.041092853249996765,0.031521381068861896,0.048057905300214615,0.04715299243935808,-0.03,0.08852856374626575,-0.019986725521322593,-0.009094944251636178,-0.12,0.9988227780819161,0.9987883378242296,0.9991969988979665,0.9987481771714835,0.9971727010237424,1.0242872252368178,1.0519303454703341,1.0781466843965972,1.1085965101872732,1.140158105729881
47,3.810211343824568,1.819796659854442,0.35330482617582143,0.274419380552288,10.0,0.007217251466177327,0.02309115272334939,0.005824869072075672,-0.02024882389166749,0.1986734580557182,-0.3017477942125306,-0.5300391852239987,-1.0,-0.7233688091790506,-1.0,0.00796100272019123,0.014278070099072497,0.027782765225092983,-0.0032412892316724395,0.017046314172654592,-0.12,0.048329534260355016,-0.0155794452411291,0.03578040484324921,-0.12,0.9989128260295592,0.9988718221611786,0.999318837441804,0.9985622683616486,0.9970947939960045,1.0241593092316748,1.0519217013511415,1.078099686070516,1.108846511861192,1.140277617661297
48,3.8747722114088017,1.757474190829487,0.3519755821653244,0.2892905829514045,10.0,0.012854132418505321,-0.0066775559309230625,-0.02050254021869758,-0.06268710631789261,0.15251126310033844,-0.2717477942125306,-0.6317096509636437,-1.0,-0.7160821682462697,-1.0,0.0056368809523279955,-0.029768708654272454,-0.026327409290773252,-0.04243828242622512,-0.046162194955379765,0.03,-0.10167046573964497,-0.02656322064646828,0.007286640932780891,-0.12,0.998775741314581,0.9986487999242873,0.9989919502662631,0.9983020213968221,0.9966069224898114,1.023718827062205,1.051590109622523,1.0778719592805475,1.1085445350712235,1.1402501511288252
49,3.798787390663875,1.7106848444955718,0.35269561438736946,0.33361681216622857,10.0,0.007363081158858064,-0.03700656158981597,-0.06402701933624835,-0.07479519997478011,0.12014584152680935,-0.1517477942125306,-0.5847653073412428,-1.0,-0.7589365855235898,-1.0,-0.005491051259647257,-0.030329005658892905,-0.043524479117550766,-0.012108093656887503,-0.03236542157352909,0.12,0.046944343622400936,-0.034455341379307405,-0.04285441727732012,-0.12,0.9986486486001269,0.998497188320178,0.9987675164636133,0.9983820005133728,0.9968614195180554,1.0240516681528606,1.0518124781884104,1.078167150044975,1.108542725835651,1.1401215921654724
50,3.6811028025527848,1.72221620508237,0.35446470844292804,0.27664745760778175,10.0,-0.0012062837171111333,-0.02106719792125422,-0.049689782756801644,-0.04715696614909466,0.16842099255804405,-0.1817477942125306,-0.4647653073412428,-1.0,-0.7470484778967058,-1.0,-0.008569364875969198,0.015939363668561746,0.014337236579446709,0.02763823382568545,0.0482751510312347,-0.03,0.12,-0.010011060390472518,0.011888107626883998,-0.12,0.9987425611404298,0.9986470682839779,0.9990260155172335,0.9985778182095756,0.9973561327164803,1.0245205743254424,1.0522628644765197,1.0785089172432643,1.10895874303394,1.1402136093637616
51,3.5584637768591367,1.8188054988137783,0.3555985185903226,0.27536481451752703,10.0,0.001794200279689395,0.01182012755837844,0.0018410557748102518,-0.02971482104634357,0.1993285033571054,-0.11235710316431113,-0.4947653073412428,-1.0,-0.7068426583372558,-1.0,0.0030004839968005284,0.03288732547963266,0.051530838531611896,0.01744214510275109,0.030907510799061344,0.06939069104821946,-0.03,-0.00576728786291221,0.040205819559450046,-0.12,0.9989434822003096,0.9988833096876907,0.9993317988202443,0.999051292819535,0.9976968097888091,1.0247684958884145,1.052602114027271,1.0787786248947175,1.1090567087250491,1.1403925750548705
52,3.7700787388347985,1.8789786656211784,0.35327015062404304,0.26864796354851794,10.0,0.01056095093557078,0.026678140709784276,0.00509594846634321,-0.009540332142185134,0.19098649147483576,-0.19296641211609167,-0.6147653073412428,-1.0,-0.7194851556487449,-1.0,0.008766750655881384,0.014858013151405836,0.003254892691532958,0.020174488904158436,-0.008342011882269629,-0.08060930895178053,-0.12,-0.01053469630358124,-0.012642497311489115,-0.12,0.9989290049577035,0.9989096857851156,0.999339405390934,0.9988475562371837,0.9971456718357443,1.024211499128505,1.0519644400607993,1.0781597204549809,1.1086373123249684,1.1402971786547895
53,3.889705916655891,1.7495692390680255,0.3513400652037824,0.36776070120316173,10.0,0.013767245744772998,0.0003801166627522487,-0.02670506388281415,-0.05556445844243722,0.1283137022971763,-0.31296641211609166,-0.5847653073412428,-1.0,-0.7672436101686035,-1.0,0.0032062948092022175,-0.026298024047032027,-0.03180101234915736,-0.046024126300252086,-0.06267278917765945,-0.12,0.03,-0.04748390003481369,-0.047758454519858634,-0.12,0.9987574517483427,0.9986449337199969,0.9989336395501655,0.9981404618984228,0.9965609968848576,1.0236840659998465,1.0513797666561615,1.0777160608259928,1.1084906526959801,1.1400695190258014
54,4.082006161936185,1.700774649728234,0.3499143472836264,0.32154858179606216,10.0,0.007274832528876184,-0.04555903187150668,-0.06781205712731976,-0.10582284686460315,0.11003176452383964,-0.28296641211609164,-0.7047653073412428,-1.0,-0.7577739095627054,-1.0,-0.006492413215896813,-0.04593914853425893,-0.04110699324450561,-0.05025838842216593,-0.01828193777333667,0.03,-0.12,-0.05281308155648874,0.009469700605898107,-0.12,0.9985447914054687,0.9983305001405679,0.9985780716107465,0.9978679087168453,0.9960367978622215,1.0232338595650505,1.051061163014829,1.0774385915446503,1.1081389334146377,1.140041799744459
55,4.071911678096657,1.6992967515198882,0.3501026643829384,0.12336386607709841,10.0,-0.0031126201611169566,-0.04660446824110798,-0.06726069215118924,-0.0769198694112967,0.1239599466740684,-0.32071595208327885,-0.6747653073412427,-1.0,-0.7585728220333564,-1.0,-0.010387452689993141,-0.0010454363696012978,0.0005513649761305223,0.028902977453306444,0.013928182150228757,-0.037749539967187246,0.03,-0.04340041975111365,-0.0007989124706510309,-0.12,0.998536807915348,0.9983810451797902,0.9986599550598068,0.9978703851156182,0.9961219208232766,1.0233179900691487,1.0510842484153016,1.0774303385352848,1.108224110516691,1.1400459768465123
56,3.7533603314386377,1.7620487588762337,0.3532037511464206,0.40385621083397005,10.0,-0.004392775215934324,-0.005685889856612385,-0.027300202411365132,-0.04430580662269404,0.16533222370722642,-0.2084654920504661,-0.5547653073412427,-1.0,-0.7431126342330968,-1.0,-0.0012801550548173675,0.04091857838449559,0.03996048973982411,0.03261406278860267,0.04137227703315802,0.11225046003281275,0.12,-0.027196802640009968,0.015460187800259623,-0.12,0.9987763773500432,0.9986866580916323,0.9990586555949734,0.9985486337486901,0.9970597226953929,1.0241838630597333,1.05193277752031,1.0781857800169687,1.1087017321097936,1.140199598439615
57,3.646609069353663,1.9037708526304253,0.3548783075381206,0.33903455130204224,10.0,0.0037399870514815154,0.02075354490275131,0.002837815553176047,0.0012509565762276742,0.22411484801460654,-0.10804976539771868,-0.5835420235587597,-0.9902088644461631,-0.7121112638527785,-1.0,0.00813276226741584,0.026439434759363695,0.03013801796454118,0.04555676319892171,0.05878262430738013,0.10041572665274742,-0.028776716217516984,0.009791135553836927,0.031001370380318333,-0.12,0.9989530813766512,0.9989556145637181,0.999459872971751,0.9991874008198721,0.9975791505230416,1.0246776815265408,1.0524319978583379,1.078552739450305,1.108820162619664,1.1403957260832729
58,3.5975352503423026,1.85021518905957,0.35550264051692887,0.2301571087744686,10.0,0.01189120605223816,0.02953124037675861,0.00584642242155067,0.0009051855049712898,0.2048451551929485,-0.15763403874497126,-0.46354202355875973,-1.0,-0.7233399784901046,-1.0,0.008151219000756644,0.0087776954740073,0.0030086068683746227,-0.0003457710712563844,-0.019269692821658052,-0.04958427334725257,0.12,-0.010863538574431786,-0.011228714637326082,-0.12,0.9989970433199236,0.9989988763205712,0.9994597779197553,0.9990535805456909,0.9977555053784889,1.02481998181813,1.0525396278852388,1.0787037262860546,1.1090938705319484,1.140345433995557
59,3.630126063102395,1.7419080800338251,0.3548024837794546,0.20774579970608031,10.0,0.014704623577560855,-0.002565908123620987,-0.025125010365922594,-0.05966397021821988,0.16524991474966863,-0.15337613826923557,-0.49354202355875976,-1.0,-0.7158984742394066,-1.0,0.002813417525322695,-0.0320971485003796,-0.030971432787473264,-0.06056915572319117,-0.03959524044327986,0.004257900475735668,-0.03,-0.01481899362290906,0.007441504250698033,-0.12,0.9988543991497311,0.9987335796100392,0.9991053919182259,0.9987059347341798,0.9973774125758659,1.0244976375945245,1.0523633769403622,1.0786165646321755,1.1089961705743918,1.1403287340380006
60,3.93919190572613,1.6888134208459153,0.3515848431366449,0.38969776828647495,10.0,0.008395169553328438,-0.03457072432782853,-0.05598291697186329,-0.08118538361904831,0.1312434059425314,-0.27337613826923557,-0.6135420235587598,-1.0,-0.7408961434835352,-1.0,-0.006309454024232417,-0.032004816204207545,-0.030857906605940698,-0.021521413400828436,-0.03400650880713724,-0.12,-0.12,-0.028684941773198136,-0.024997669244128634,-0.12,0.998636117597673,0.9984717171958445,0.9987670148592152,0.9980790754381018,0.9964769608653095,1.0236527301158589,1.0514833076657142,1.0778130100023435,1.1084896159445599,1.1401461794081684
61,3.9906429211781247,1.727556452393329,0.35017981968941153,0.1925340175890054,10.0,0.0004115092351260497,-0.03214955408493909,-0.056028676211060335,-0.0901542011363903,0.10110673543511761,-0.24337613826923557,-0.6904506086768711,-1.0,-0.7769654981293845,-1.0,-0.007983660318202388,0.002421170242889445,-4.575923919704003e-05,-0.008968817517341986,-0.030136670507413782,0.03,-0.07690858511811141,-0.060975593249394555,-0.036069354645849316,-0.12,0.9985912886354126,0.9984087263781114,0.9986362165328404,0.9980333050531567,0.9962197239574129,1.0233955755745927,1.0511306965127865,1.0775282063580573,1.1081305623002737,1.1399947789437013
62,4.010590862446559,1.7568973575554487,0.3504157211729935,0.3101216693360052,10.0,-0.0017469797980169286,-0.014700453235007717,-0.04195668857786354,-0.05009134970274779,0.14389968620138135,-0.36337613826923554,-0.6173591937949825,-1.0,-0.7774603728673237,-1.0,-0.0021584890331429784,0.01744910084993137,0.014071987633196791,0.040062851433642514,0.04279295076626374,-0.12,0.07309141488188858,-0.04729021309079634,-0.0004948747379392437,-0.12,0.9986551974011871,0.9985537624180391,0.9988775367119922,0.9979805391925031,0.9963368225831019,1.0234873446225419,1.0511397794311579,1.077441005137205,1.1083403610794211,1.1400072309026676
63,3.9544166859409273,1.8086252357686143,0.35107344222622966,0.19417435446820322,10.0,0.0016833347596897437,-0.0019834057466244677,-0.01366217417322203,-0.043100774376135846,0.17192468733565489,-0.3333761382692355,-0.6566509468823047,-1.0,-0.7320352243980597,-1.0,0.0034303145577066724,0.01271704748838325,0.02829451440464151,0.006990575326611945,0.02802500113427353,0.03,-0.03929175308732227,-0.034633098668754525,0.04542514846926399,-0.12,0.9987601271407077,0.998672848072596,0.9990596786191013,0.9982323001749593,0.9964624664824281,1.0235620583959397,1.0513434265071977,1.0775815959606925,1.1084067019029087,1.140179659459491
64,3.7409775454576986,1.774421230099503,0.3533025509747639,0.24454735491963184,10.0,0.006741199147750589,-0.004265476625714443,-0.02187634612427309,-0.032994641628696246,0.167493711315025,-0.21337613826923552,-0.5677360856549233,-1.0,-0.7264939466920807,-1.0,0.005057864388060845,-0.002282070879089975,-0.00821417195105106,0.0101061327474396,-0.00443097602062989,0.12,0.08891486122738149,-0.017138732190906614,0.005541277705979036,-0.12,0.9988100720107776,0.9987432578614795,0.9991201187119383,0.9985829121508725,0.9970567428452897,1.0241711202683135,1.0519494784855314,1.0781976176350727,1.108725723577289,1.1402586110085573
65,3.6758806793854144,1.8197973060756463,0.35427495603441767,0.171763807519982,10.0,0.0067812966188442085,-0.005686556168122025,-0.03079179955289522,-0.028715326232403415,0.18916534201248583,-0.11371378288662813,-0.5890212952391877,-0.9887846538198548,-0.7232206268549927,-1.0,4.009747109361885e-05,-0.001421079542407582,-0.008915453428622131,0.004279315396292831,0.021671630697460836,0.09966235538260738,-0.02128520958426436,0.011215346180145247,0.0032733198370880345,-0.12,0.9988220073488728,0.9987638588132522,0.9991894808327803,0.9988988844697004,0.9973174832985194,1.0244807134252916,1.052260716986319,1.0784600949667908,1.1087415365794353,1.140331894076581
66,3.6123730148396307,1.782698030264716,0.35490674270258765,0.2208020474758989,10.0,0.0068313424154853395,0.0033626353919388252,-0.021313696982750444,-0.028704418868586976,0.18218605210372804,-0.16405142750402074,-0.4690212952391877,-1.0,-0.7369021463339328,-1.0,5.004579664113056e-05,0.00904919156006085,0.009478102570144777,1.0907363816439752e-05,-0.006979289908757791,-0.05033764461739261,0.12,-0.014849552532164356,-0.013681519478940113,-0.12,0.9988688559680219,0.998810729519813,0.9992206481370464,0.998805398541713,0.997533744893825,1.0246471095483938,1.0523839942356508,1.0785990756184176,1.1090051029014898,1.1402714603986357
67,3.6400864525091197,1.7512320543208388,0.3546561401557505,0.09769448838972927,10.0,0.009179095314670954,0.0007542651715000447,-0.019098211286575528,-0.05432294208839008,0.1725443487791708,-0.16878911441464106,-0.4990212952391877,-1.0,-0.7163771802149835,-1.0,0.0023477528991856142,-0.0026083702204387806,0.002215485696174916,-0.025618523219803103,-0.009641703324557244,-0.004737686910620306,-0.03,-0.016035843215993884,0.0205249661189493,-0.12,0.9988609502015628,0.9987509462438339,0.999139171028587,0.998709026191736,0.997360480726945,1.0244698575072608,1.0523232733473127,1.0785600485625595,1.108977801620736,1.1403251591178816
68,3.8483236911594547,1.7570257596162142,0.35215446084139473,0.257394070148493,10.0,0.008899474297142872,-0.011882389760645214,-0.03182573680852213,-0.05533528143420681,0.14899981921911987,-0.23871888029185623,-0.6190212952391877,-1.0,-0.7336408141087738,-1.0,-0.00027962101752808155,-0.012636654932145257,-0.0127275255219466,-0.0010123393458167304,-0.02354452956005093,-0.06992976587721515,-0.12,-0.02792278261594333,-0.01726363389379021,-0.12,0.9987455747066395,0.9986335207617353,0.9989687703549783,0.9983659268359548,0.996713284102682,1.0238455704289373,1.051646655809399,1.077936406216156,1.1085272354448783,1.140198592942024
69,3.8908041627779437,1.714332246692295,0.3513968420835865,0.1698845121837546,10.0,0.005664548141128569,-0.016686332049033362,-0.04268610774776193,-0.06904003094556752,0.11853272509250165,-0.276826937574057,-0.5890212952391877,-1.0,-0.7723461859887064,-1.0,-0.0032349261560143034,-0.004803942288388149,-0.010860370939239798,-0.013704749511360713,-0.030467094126618216,-0.03810805728220079,0.03,-0.05514424268900209,-0.038705371879932615,-0.12,0.9986848677384401,0.9985450616757753,0.9988117603072334,0.9981189664967471,0.9965548899725786,1.0237067249665244,1.0514136405433248,1.0777719419118668,1.1084570885823624,1.1400474460795083
70,3.872663060782171,1.7939877622071987,0.3517893695393806,0.24825962105489152,10.0,0.0024289068565333393,-0.02339849801938804,-0.04473841673438347,-0.06751208689588961,0.1453152741892478,-0.16493499485625782,-0.6685335307150246,-1.0,-0.7558013525154466,-1.0,-0.00323564128459523,-0.006712165970354678,-0.002052308986621537,0.001527944049677911,0.026782549096746155,0.1118919427177992,-0.079512235475837,-0.0401620843092097,0.016544833473259912,-0.12,0.9986839100980974,0.9985471981221333,0.9988741574890591,0.9984626643525335,0.9966944764539835,1.0238500056041053,1.0516059433196459,1.07790398395272,1.1083121980649895,1.14011723859792
71,3.779901545301961,1.8124422297402167,0.3528429577599395,0.23239983084214824,10.0,0.001123754394735101,-0.003956395653754632,-0.026981035075191093,-0.026156616490650896,0.17702637458801607,-0.2030430521384586,-0.5980457661908616,-1.0,-0.7435685507702932,-1.0,-0.0013051524617982383,0.01944210236563341,0.017757381659192373,0.041355470405238716,0.03171110039876826,-0.03810805728220079,0.070487764524163,-0.021406321521812988,0.012232801745153371,-0.12,0.9987836716620193,0.9987307045136258,0.9991290138564488,0.9986249652339733,0.9970164729884126,1.0241400388515478,1.051850765065015,1.078077455722192,1.1085799872762347,1.14019471084495
72,3.763526164869117,1.7705736358881592,0.3535929234657645,0.2696661146732503,10.0,0.005875465239639389,0.013808317365324636,-0.007596054046376026,-0.03148277592298917,0.18505721511813505,-0.29777139108597567,-0.49964737481586147,-1.0,-0.7222875712748159,-1.0,0.004751710844904288,0.017764713019079267,0.019384981028815067,-0.005326159432338273,0.008030840530118988,-0.09472833894751705,0.0983983913750001,-0.016035864176385334,0.02128097949547722,-0.12,0.9988723843294133,0.9988086317081692,0.999225010442185,0.9984800943711738,0.9971092983593205,1.024197971256604,1.0519865180283323,1.0781951392943165,1.1089321234872545,1.140281171399257
73,3.7709432639540688,1.729286464790579,0.35328731748720116,0.2079064572500153,10.0,0.010501323398612181,-0.008080354917352737,-0.02235323889687316,-0.060079547538650004,0.16097810794357842,-0.24249973003349273,-0.5512489834408614,-1.0,-0.7152019777846482,-1.0,0.004625858158972793,-0.021888672282677372,-0.014757184850497134,-0.028596771615660835,-0.024079107174556635,0.05527166105248295,-0.05160160862499989,-0.017613853882261887,0.007085593490167713,-0.12,0.9988012487019724,0.9986795876182066,0.9990417883610797,0.9984274247426587,0.9969517790463632,1.0240670148763775,1.0519357897301216,1.0781985889872487,1.1087987758190816,1.1402871480743717
74,3.825845811626047,1.8131135499443862,0.35226571438837145,0.338651890004174,10.0,0.006925290741668882,-0.025600438218641837,-0.04845020190892815,-0.057431052176719,0.14532796479635476,-0.12249973003349274,-0.6712489834408614,-1.0,-0.7483621503093801,-1.0,-0.003576032656943299,-0.0175200833012891,-0.026096963012054997,0.0026484953619310067,-0.015650143147223655,0.12,-0.12,-0.021257012647175805,-0.03316017252473191,-0.12,0.9986951078964716,0.9985788100158137,0.9989057979366055,0.9985932619622714,0.9968212103971754,1.0239834207606116,1.0517423778677948,1.078040389947003,1.1083435767788359,1.1401559490341262
75,3.8126272588137393,1.8429535152599263,0.35211566504699415,0.15181609859764567,10.0,0.0019781650264911986,-0.006465131253991962,-0.040534776313693455,-0.0369115847468045,0.15643757933992167,-0.15249973003349274,-0.6412489834408613,-1.0,-0.7765513086584821,-1.0,-0.004947125715177684,0.019135306964649875,0.007915425595234699,0.0205194674299145,0.011109614543566904,-0.03,0.03,-0.030620510875148638,-0.028189158349102017,-0.12,0.9987352829246628,0.9986605369655506,0.9990125215190654,0.9986324141644468,0.9969112244908814,1.024059187088246,1.0516877964250841,1.0779608118715693,1.1083382487034021,1.1400696209586925
76,3.779623978629031,1.7659282505567255,0.35310929483652315,0.333983063496039,10.0,0.004624315166245712,0.007336904388476373,-0.01610454284096789,-0.042591886241119294,0.17126411497304161,-0.2724997300334927,-0.5212489834408613,-1.0,-0.7439535015448262,-1.0,0.002646150139754513,0.013802035642468334,0.024430233472725566,-0.005680301494314796,0.014826535633119947,-0.12,0.12,-0.03210657623682378,0.03259780711365584,-0.12,0.9988291039777542,0.9987428554081158,0.9991281996668052,0.9984475200094979,0.9970285921297957,1.0241325803069095,1.0518753753466814,1.0781150310879921,1.108789467919825,1.1401968401751152
77,3.762318845299218,1.726353515825887,0.35344247483561314,0.14624500877242586,10.0,0.00876119146634893,-0.007145858285423391,-0.01965690691788464,-0.06222672529998199,0.16506830276944823,-0.2424997300334927,-0.5512489834408614,-1.0,-0.7057111470857762,-1.0,0.004136876300103217,-0.014482762673899764,-0.003552364076916753,-0.019634839058862694,-0.006195812203593387,0.03,-0.03,-0.020904885979344423,0.03824235445905,-0.12,0.9988095277615926,0.9986835186428602,0.9990549223240914,0.998442907883779,0.9969657903552882,1.0240761727877403,1.0519791917931527,1.0782327881119214,1.1088329749437542,1.1403213471990445
78,3.792641990834945,1.8184304158126876,0.35263380861959265,0.3184693314242467,10.0,0.006959827884171076,-0.018921394933235545,-0.03981618961762181,-0.05171756886005885,0.15330572984728952,-0.12249973003349271,-0.6712489834408614,-1.0,-0.7281725662182139,-1.0,-0.0018013635821778542,-0.011775536647812154,-0.020159282699737168,0.010509156439923138,-0.01176257292215871,0.12,-0.12,-0.017371462441373053,-0.022461419132437765,-0.12,0.9987344623819583,0.9986297343050167,0.9989746721971731,0.9986620895976965,0.9968795185394261,1.0240261876807377,1.051837172174092,1.0781172342819356,1.1084204211137685,1.1402327933690588
79,3.800856098036511,1.8527400673491061,0.3522081233829138,0.15414279736853004,10.0,0.003591604479296131,-0.0021115106423204508,-0.03669599578171048,-0.03205152530827826,0.15959801051327308,-0.1524997300334927,-0.6412489834408613,-1.0,-0.7730587378372784,-1.0,-0.003368223404874945,0.016809884290915095,0.003120193835911323,0.019666043551780588,0.006292280665983557,-0.03,0.03,-0.02781742499994852,-0.04488617161906444,-0.12,0.998756105501931,0.9986912011631817,0.9990502966868365,0.9986680111889565,0.9969399645629279,1.024081017355335,1.0517107866698967,1.077976691146242,1.1083541279780749,1.1400855002333652
80,3.785840841292856,1.7627222097873978,0.35301807499328147,0.3137315778721834,10.0,0.005775793667572145,0.004903384581121023,-0.019028304293965837,-0.04513861724136614,0.16878150537505252,-0.2724997300334927,-0.5212489834408613,-1.0,-0.7484645226594244,-1.0,0.0021841891882760137,0.007014895223441474,0.017667691487744646,-0.01308709193308788,0.00918349486177944,-0.12,0.12,-0.03410340508022161,0.024594215177853984,-0.12,0.9988179524886726,0.9987265467887588,0.9991063051758526,0.9984240710225686,0.997008975936563,1.024118226884292,1.0518519693378288,1.0780972109507347,1.1087716477825678,1.140179020037858
81,3.777224384200832,1.7148856649597934,0.3533412752994914,0.15514584987597266,10.0,0.00845716267499126,-0.01219955802153097,-0.02490635688811375,-0.06764433401024228,0.16101008402637954,-0.2424997300334927,-0.5512489834408614,-1.0,-0.7092581751052199,-1.0,0.0026813690074191147,-0.017102942602651994,-0.005878052594147913,-0.022505716768876145,-0.00777142134867298,0.03,-0.03,-0.02286635056026512,0.03920634755420449,-0.12,0.9987862538674745,0.9986492740911038,0.9990115467801632,0.998399942778719,0.9969307848273127,1.0240506162697112,1.0519534327945006,1.0782161601054412,1.108816346937274,1.1403047191925644
82,3.794166440189098,1.8129102752722699,0.3526316924352498,0.30840910627926127,10.0,0.005862372719265785,-0.02043165047371793,-0.04135977564700131,-0.05334939484040629,0.1521662880064435,-0.12249973003349271,-0.6712489834408614,-1.0,-0.7272482450279092,-1.0,-0.002594789955725475,-0.008232092452186958,-0.016453418758887558,0.014294939169835992,-0.00884379601993604,0.12,-0.12,-0.017664000334077307,-0.017990069922689284,-0.12,0.9987267575710672,0.9986187250465154,0.9989610991945298,0.9986499981595259,0.9968698057537317,1.0240192533498964,1.0518364539026102,1.0781190797545959,1.1084222665864285,1.1402346388417188
83,3.792847117707042,1.8584597193865768,0.3522695464065016,0.16906666304499712,10.0,0.0031104362626615954,0.0007139740424158963,-0.03368654009456629,-0.02901322455963696,0.16186404776943758,-0.1524997300334927,-0.6412489834408613,-1.0,-0.7707101815039699,-1.0,-0.0027519364566041898,0.021145624516133825,0.007673235552435015,0.02433617028076933,0.009697759762994085,-0.03,0.03,-0.02722796329986818,-0.0434619364760607,-0.12,0.9987684193808777,0.9987096676011444,0.9990738617086257,0.9986922257878381,0.996959729023431,1.0240953647956013,1.051726379503597,1.0779871853961158,1.1083646222279486,1.140095994483239
84,3.784951588152258,1.7716306546408045,0.35305324590995607,0.31281192673535946,10.0,0.006279279134833308,0.007956430231864516,-0.0158497443496165,-0.04168049712616914,0.17124367473157276,-0.2724997300334927,-0.5212489834408613,-1.0,-0.7481932491038479,-1.0,0.0031688428721717123,0.0072424561894486195,0.017836795744949792,-0.012667272566532183,0.009379626962135179,-0.12,0.12,-0.03369846253813791,0.022516932400121953,-0.12,0.9988318962317605,0.9987474932250799,0.999132791493226,0.9984498776345611,0.9970299740016556,1.024133503541485,1.0518610978134884,1.0781007995453422,1.1087752363771752,1.1401826086324653
85,3.7788294703107765,1.716007237259424,0.3533294120941353,0.16637594197030559,10.0,0.009153764807037452,-0.01215946017205447,-0.02492837870034474,-0.06769482899559408,0.16102659505224876,-0.2424997300334927,-0.5512489834408614,-1.0,-0.7101177291091426,-1.0,0.0028744856722041443,-0.020115890403918986,-0.00907863435072824,-0.026014331869424936,-0.010217079679324004,0.03,-0.03,-0.023095226093788807,0.03807551999470524,-0.12,0.9987870168207682,0.9986499347920521,0.9990122446309196,0.9983997002165973,0.9969304791110779,1.0240503501927385,1.0519505613747608,1.0782132515358933,1.1088134383677262,1.1403018106230165
86,3.8005343319438594,1.8069429657336,0.352599109216774,0.31289589396953904,10.0,0.005966669284254116,-0.02283072436045843,-0.043807448863163866,-0.05602455789122346,0.15028844551117476,-0.12249973003349271,-0.6712489834408614,-1.0,-0.7278677725592306,-1.0,-0.003187095522783337,-0.010671264188403959,-0.018879070162819124,0.01167027110437062,-0.010738149541073994,0.12,-0.12,-0.01792396632777435,-0.017750043450088016,-0.12,0.9987165320832343,0.9986030823535046,0.9989412313559047,0.998629989520538,0.9968535756561155,1.024007429064069,1.0518280953102372,1.0781149463078372,1.10841813313967,1.1402305053949604
87,3.7944506237028706,1.8533061295843072,0.3522550464646697,0.17190557517721045,10.0,0.002586438813638871,-0.0008675772172197782,-0.035421836148504256,-0.03075890651063734,0.16051502002370835,-0.1524997300334927,-0.6412489834408613,-1.0,-0.7705521315148078,-1.0,-0.003380230470615245,0.021963147143238652,0.00838561271465961,0.025265651380586118,0.010226574512533587,-0.03,0.03,-0.027273423098616384,-0.04268435895557715,-0.12,0.9987607203600127,0.9986984335743286,0.999059592369382,0.9986786638451507,0.9969486580239775,1.0240874173290448,1.0517224649004573,1.0779863061054038,1.1083637429372368,1.140095115192527
88,3.7840612456164955,1.773183175091431,0.353062040428688,0.31697658609144164,10.0,0.005822448432573043,0.008683190200208833,-0.015122230889882349,-0.04088184116758137,0.17176648955015458,-0.2724997300334927,-0.5212489834408613,-1.0,-0.7480363319017411,-1.0,0.0032360096189341723,0.00955076741742861,0.020299605258621907,-0.010122934656944027,0.011251469526446234,-0.12,0.12,-0.03358688917340094,0.02251579961306671,-0.12,0.9988343031648872,0.9987515174365229,0.9991379920380107,0.9984556949007939,0.9970346466209382,1.02413686663654,1.0518633379194138,1.078101863317926,1.108776300149759,1.1401836724050491
89,3.7748346363042566,1.7208322144656252,0.35334692273986673,0.16265070727026604,10.0,0.009206742041250302,-0.010435870394163906,-0.02306332354571306,-0.06583263348792312,0.16243780250293488,-0.2424997300334927,-0.5512489834408614,-1.0,-0.7101095508579173,-1.0,0.003384293608677259,-0.01911906059437274,-0.007941092655830713,-0.024950792320341753,-0.009328687047219703,0.03,-0.03,-0.02306105866034605,0.037926781043823854,-0.12,0.9987946173372799,0.9986613062544668,0.9990267913100984,0.9984141753765099,0.9969422396170904,1.0240587535994725,1.0519552195970832,1.0782147345414517,1.1088149213732845,1.1403032936285749
90,3.799446794691711,1.8090728486670575,0.35260525875932497,0.3145845075172305,10.0,0.006339017756815748,-0.02217789370788446,-0.04310452515930456,-0.055312389223167016,0.15083959648723752,-0.12249973003349271,-0.6712489834408614,-1.0,-0.7279246588829477,-1.0,-0.0028677242844345543,-0.011742023313720554,-0.0200412016135915,0.010520244264756104,-0.01159820601569736,0.12,-0.12,-0.0179428388256809,-0.01781510802503039,-0.12,0.9987199170224739,0.998607909434297,0.9989472985263933,0.9986355540205887,0.9968581119478883,1.024010700093175,1.0518297450058707,1.0781153559137744,1.1084185427456072,1.1402309150008976
91,3.796723936974958,1.8509673094894563,0.3522462577574917,0.1659662215991753,10.0,0.002785000211433923,-0.0017391901485249474,-0.036364861524712334,-0.03170023430453652,0.1598164039469131,-0.1524997300334927,-0.6412489834408613,-1.0,-0.7705695333644833,-1.0,-0.003554017545381825,0.020438703559359513,0.006739663634592226,0.023612154918630494,0.008976807459675579,-0.03,0.03,-0.027290565480479784,-0.04264487448153559,-0.12,0.998757214285307,0.9986930213108403,0.9990526082197209,0.9986714116376025,0.9969427786067961,1.0240832353575406,1.0517201343019091,1.0779855473930287,1.1083629842248615,1.1400943564801518
92,3.7843241722040144,1.7699101503650598,0.3530506920702606,0.3163288441019496,10.0,0.00568051003386493,0.007583166305735505,-0.01626792811901081,-0.04212882148440899,0.17087368030437733,-0.2724997300334927,-0.5212489834408613,-1.0,-0.7480413524822633,-1.0,0.0028955098224310066,0.009322356454260453,0.020096933405701525,-0.010428587179872467,0.01105727635746423,-0.12,0.12,-0.03358608367017277,0.022528180882220028,-0.12,0.9988293682909296,0.9987440574274238,0.9991285232081085,0.99844641768773,0.9970271019455081,1.0241313842161224,1.0518603648193092,1.0781008990386243,1.1087753358704573,1.1401827081257474
93,3.774844424816708,1.7203708618013527,0.35334547292331436,0.15858377744238464,10.0,0.008966273209041484,-0.010557608413438602,-0.023171222907107852,-0.06593417013523567,0.1623434562956355,-0.2424997300334927,-0.5512489834408614,-1.0,-0.7101229803818949,-1.0,0.003285763175176554,-0.018140774719174108,-0.006903294788097043,-0.023805348650826674,-0.008530224008741816,0.03,-0.03,-0.023058188842080635,0.037918372100368414,-0.12,0.9987937766611442,0.9986602599666203,0.9990255327432855,0.9984132414426204,0.9969414974205812,1.024058205621814,1.051954834928135,1.0782145621514698,1.1088147489833027,1.140303121238593
94,3.7975348287128186,1.8111755348987428,0.3526129502206315,0.3128451749259291,10.0,0.006281330422978772,-0.02138871751928365,-0.04230081432624903,-0.05443011536006047,0.151455068341964,-0.12249973003349271,-0.6712489834408614,-1.0,-0.7279300692679284,-1.0,-0.002684942786062713,-0.010831109105845046,-0.019129591419141175,0.011504054775175201,-0.010888387953671502,0.12,-0.12,-0.017942934701885377,-0.017807088886033468,-0.12,0.9987231694574175,0.9986129484738133,0.9989537223775827,0.9986420557496788,0.9968633707244814,1.0240145121902686,1.0518317534556787,1.0781159795519093,1.1084191663837424,1.1402315386390325
95,3.795453521068061,1.852833268030314,0.3522529058930293,0.16506237733568863,10.0,0.0029537481640480754,-0.001135771256380768,-0.03570470680230498,-0.031034908915615153,0.16032711800965013,-0.1524997300334927,-0.6412489834408613,-1.0,-0.7705485544457079,-1.0,-0.0033275822589306963,0.02025294626290288,0.006596107523944045,0.023395206444445316,0.008872049667686122,-0.03,0.03,-0.027289255983635435,-0.04261848517777958,-0.12,0.9987601284190917,0.9986972827285376,0.9990580187440593,0.998676594352205,0.9969470109366434,1.0240862794088876,1.0517218971529376,1.077986161137416,1.108363597969249,1.140094970224539
96,3.78454705843873,1.7695227806902936,0.35304935482091776,0.3149220574223831,10.0,0.005847418599709749,0.0074002297919327845,-0.016448491827628878,-0.04232660312990537,0.17074932096429168,-0.2724997300334927,-0.5212489834408613,-1.0,-0.7480262806509079,-1.0,0.002893670435661673,0.008536001048313552,0.019256214974676104,-0.011291694214290215,0.010422202954641552,-0.12,0.12,-0.033581999808639906,0.022522273794800013,-0.12,0.9988288670718978,0.9987431557005597,0.9991273416727293,0.9984450108257868,0.9970259832085743,1.024130590493864,1.0518600190811516,1.078100833108982,1.1087752699408149,1.1401826421961052
97,3.7762352611314554,1.718730047147131,0.3533394257369898,0.16005847751207689,10.0,0.00896353234597733,-0.011147779243333666,-0.023811014563961896,-0.06657352750637208,0.16186077613224523,-0.2424997300334927,-0.5512489834408614,-1.0,-0.7101299178652113,-1.0,0.0031161137462675814,-0.01854800903526645,-0.007362522736333019,-0.024246924376466708,-0.008888544832046458,0.03,-0.03,-0.023058273691250908,0.03789636278569666,-0.12,0.998791193214015,0.9986563818208146,0.9990205685671122,0.9984082809666123,0.9969374664636301,1.0240553262898453,1.0519532284417703,1.0782140416954726,1.1088142285273057,1.1403026007825958
98,3.7980793649050497,1.8103394018920214,0.3526096691250556,0.3124111781354415,10.0,0.006156345228595142,-0.021664515051160897,-0.042595410147056936,-0.05473254515560597,0.1512254084194698,-0.12249973003349271,-0.6712489834408614,-1.0,-0.7279564274288068,-1.0,-0.0028071871173821882,-0.010516735807827231,-0.01878439558309504,0.011840982350766104,-0.010635367712775429,0.12,-0.12,-0.017946660607858017,-0.01782650956359555,-0.12,0.9987217754552625,0.9986109420513225,0.9989511992202662,0.9986397013223748,0.99686145067829,1.0240131224165547,1.051830893074094,1.0781156359051502,1.1084188227369831,1.1402311949922734
99,3.7947636392992417,1.8535419382194878,0.3522552729548983,0.16714904834650665,10.0,0.0028748472605734468,-0.000871471887151757,-0.035419451346370916,-0.030750658112165354,0.16053666355515714,-0.1524997300334927,-0.6412489834408613,-1.0,-0.7705618336634686,-1.0,-0.003281497968021695,0.02079304316400914,0.007175958800686021,0.02398188704344062,0.00931125513568734,-0.03,0.03,-0.027292993682878047,-0.0426054062346618,-0.12,0.9987611547976355,0.9986988847149584,0.9990600922079574,0.9986787743323228,0.9969487746452547,1.0240875296576781,1.0517225299643154,1.0779863224713162,1.108363759303149,1.1400951315584396
100,3.7844342544970924,1.7706742995169167,0.3530534851123102,0.31526177438414427,10.0,0.005886982115766833,0.007792837694717362,-0.016039685190586746,-0.04188226596628844,0.17106627794212095,-0.2724997300334927,-0.5212489834408613,-1.0,-0.748017492113258,-1.0,0.0030121348551933867,0.008664309581869119,0.01937976615578417,-0.011131607854123086,0.010529614386963815,-0.12,0.12,-0.03358089228227526,0.022544341550210678,-0.12,0.9988306133853703,0.9987458017967885,0.9991307009221583,0.9984483166644691,0.9970286706898096,1.0241325421231526,1.0518610986115777,1.078101199486208,1.1087756363180408,1.140183008573331
101,3.7761345488154636,1.718985733811209,0.35334046476020947,0.16137757904582484,10.0,0.009047829793414171,-0.011068397453391514,-0.02373337714426447,-0.06649826556366988,0.16192395886655875,-0.2424997300334927,-0.5512489834408614,-1.0,-0.7101140065198107,-1.0,0.0031608476776473376,-0.018861235148108876,-0.007693691953677723,-0.024615999597381436,-0.009142319075562205,0.03,-0.03,-0.023054364577009406,0.03790348559344725,-0.12,0.9987916521517496,0.9986569931639832,0.9990213220714329,0.9984089206693789,0.9969379811400777,1.0240557012189373,1.0519535010861663,1.0782141721787166,1.1088143590105495,1.1403027312658398
102,3.798707565915374,1.8096633653500585,0.35260721880073526,0.31305220445898385,10.0,0.006184671199447829,-0.021920632671833376,-0.04285539346030229,-0.05501915449503391,0.1510266348496243,-0.12249973003349271,-0.6712489834408614,-1.0,-0.7279523657647782,-1.0,-0.0028631585939663425,-0.010852235218441864,-0.01912201631603782,0.011479111068635965,-0.01089732401693444,0.12,-0.12,-0.017944683360656216,-0.017838359244967433,-0.12,0.9987207370128447,0.9986093232249923,0.998949133153404,0.9986375970154518,0.9968597497566196,1.0240118894648482,1.0518302533005415,1.0781154433721298,1.1084186302039627,1.140231002459253
103,3.7952529144248532,1.8528557348601173,0.3522527380022818,0.1673380947722315,10.0,0.0028214646180998,-0.0010970680118846943,-0.035666072345587524,-0.03099887371966944,0.1603466093468361,-0.1524997300334927,-0.6412489834408613,-1.0,-0.7705741129084219,-1.0,-0.003363206581348029,0.020823564659948682,0.0071893211147147605,0.024020280775364472,0.00931997449721178,-0.03,0.03,-0.027294252381916545,-0.04262174714364378,-0.12,0.9987600790286555,0.9986973063093733,0.9990580861804036,0.9986768403713363,0.9969471959981646,1.0240863949283867,1.0517218591920074,1.0779860793209772,1.10836351615281,1.1400948884081004
104,3.78436538543697,1.7707372054944213,0.35305367178598274,0.3157322645535104,10.0,0.005826756480566873,0.007831499302093765,-0.016002891003202364,-0.04184161180042545,0.1710894478843326,-0.2724997300334927,-0.5212489834408613,-1.0,-0.7480244654919948,-1.0,0.0030052918624670732,0.00892856731397846,0.01966318134238516,-0.01084273808075601,0.010742838537496524,-0.12,0.12,-0.03358370386633594,0.02254964741642715,-0.12,0.9988306767920955,0.9987459475281996,0.9991308987859393,0.9984485958328576,0.9970288889661665,1.0241326941699722,1.0518611463675684,1.0781011951098287,1.1087756319416615,1.1401830041969518
105,3.7756573324553444,1.7195363368751617,0.3533425228733816,0.16078733960821046,10.0,0.009043603799462476,-0.010869014009363256,-0.023516699340384407,-0.06628158544827709,0.1620871443787683,-0.2424997300334927,-0.5512489834408614,-1.0,-0.7101105720047349,-1.0,0.0032168473188956027,-0.018700513311457022,-0.007513808337182043,-0.024439973647851637,-0.009002303505564302,0.03,-0.03,-0.023054191781382655,0.03791389348725985,-0.12,0.9987925188408777,0.9986582986303449,0.9990229947051972,0.998410599008235,0.9969393454500095,1.024056675508822,1.05195404741754,1.0782143513426878,1.1088145381745207,1.140302910429811
106,3.798477839395618,1.8099939616093803,0.35260853534537856,0.3131624753567994,10.0,0.0062262533966090244,-0.02180901343508712,-0.042737083784147846,-0.05489639976559678,0.15111869625603908,-0.12249973003349271,-0.6712489834408614,-1.0,-0.7279416792837841,-1.0,-0.0028173504028534517,-0.010939999425723863,-0.01922038444376344,0.011385185682680307,-0.010968448122729235,0.12,-0.12,-0.017942844297057697,-0.017831107279049158,-0.12,0.9987212857145912,0.9986101205050658,0.998950137571642,0.9986385452977236,0.9968605222385936,1.024012448989405,1.0518305979091864,1.0781155808426104,1.1084187676744433,1.1402311399297336
107,3.7954615385780324,1.8526538069089666,0.3522520728593142,0.16660567596562756,10.0,0.002852232562893507,-0.0011744192578814205,-0.0357493764016386,-0.031081733767420773,0.1602859908364474,-0.1524997300334927,-0.6412489834408613,-1.0,-0.7705690722773968,-1.0,-0.0033740208337155173,0.0206345941772057,0.006987707382509246,0.023814665998176006,0.009167294580408325,-0.03,0.03,-0.0272926998660947,-0.042627392993612734,-0.12,0.9987597911738627,0.9986968506629836,0.9990574941423657,0.9986762067965729,0.9969466842516137,1.0240860331291366,1.0517216810623418,1.07798603758296,1.1083634744147928,1.140094846670083
108,3.7844093539469075,1.7703348188744221,0.3530522223296098,0.3155849365487183,10.0,0.005816957277209819,0.007693090660439281,-0.016146733880788116,-0.04199808413124697,0.17097820105666217,-0.2724997300334927,-0.5212489834408613,-1.0,-0.748027573466207,-1.0,0.002964724714316312,0.008867509918320702,0.01960264252085048,-0.010916350363826197,0.01069221022021477,-0.12,0.12,-0.03358419868831233,0.022541498811189775,-0.12,0.99883006808664,0.9987450219662742,0.9991297229186518,0.9984474331944946,0.9970279443214141,1.0241320084423995,1.0518607677063467,1.0781010667539692,1.108775503585802,1.1401828758410923
109,3.7757223748636894,1.7194132600766971,0.3533420328476638,0.16036804669870985,10.0,0.009014786427357589,-0.010909023333459477,-0.023557208031064456,-0.06632129130510919,0.16205499775693694,-0.2424997300334927,-0.5512489834408614,-1.0,-0.7101163545354074,-1.0,0.00319782915014777,-0.01860211399389876,-0.00741047415027634,-0.024323207173862223,-0.008923203299725235,0.03,-0.03,-0.02305567246619697,0.03791121893079957,-0.12,0.9987923055867621,0.9986580049718692,0.9990226287168223,0.9984102719233126,0.9969390813797724,1.0240564843542284,1.0519539184523345,1.0782142947073816,1.1088144815392145,1.1403028537945048
110,3.7982744968718505,1.8102071368909776,0.35260930537689866,0.31293327900798895,10.0,0.006213903855069921,-0.021727332800629606,-0.042654485382091885,-0.05480485059358576,0.15118174254083405,-0.12249973003349271,-0.6712489834408614,-1.0,-0.7279434682252849,-1.0,-0.0028008825722876675,-0.010818309467170127,-0.01909727735102743,0.011516440711523433,-0.010873255216102884,0.12,-0.12,-0.0179435938195317,-0.01782711368987741,-0.12,0.9987216110621987,0.9986106312397467,0.9989507901604635,0.9986392145584263,0.9968610628522969,1.0240128409259848,1.0518307988235271,1.0781156399028102,1.108418826734643,1.1402311989899334
111,3.7952788056455304,1.8529040222895818,0.35225299511229774,0.16658649737840248,10.0,0.0028688090192311665,-0.0010914152697689625,-0.03565871758160834,-0.030990536458407686,0.16035563833692673,-0.1524997300334927,-0.6412489834408613,-1.0,-0.7705649755052336,-1.0,-0.0033450948358387544,0.020635917530860644,0.006995767800483544,0.023814314135178073,0.00917389579609268,-0.03,0.03,-0.027292292673717022,-0.042621507279948734,-0.12,0.9987601819783063,0.9986974261419781,0.9990582263282362,0.9986769166042273,0.9969472633279869,1.0240864490196337,1.0517219251831205,1.0779861249968625,1.1083635618286953,1.1400949340839857
112,3.7844304988935704,1.7703383932783885,0.35305224833052035,0.3154310283863302,10.0,0.005838449408056988,0.007688399298200133,-0.016150437619189835,-0.04200231503278435,0.17097718089270905,-0.2724997300334927,-0.5212489834408613,-1.0,-0.7480250031682758,-1.0,0.0029696403888258213,0.008779814567969096,0.019508279962418502,-0.011011778574376664,0.01062154255578232,-0.12,0.12,-0.03358319359069284,0.022539972336957814,-0.12,0.998830084400086,0.9987450297121446,0.9991297283691531,0.9984474096306194,0.9970279281464345,1.0241319989341489,1.0518607748621103,1.0781010762051018,1.1087755130369346,1.140182885292225
113,3.7758836886765916,1.7192303416157828,0.3533413495703988,0.1605988370176114,10.0,0.009018080266462426,-0.010975570806854542,-0.02362971571692335,-0.06639384867010736,0.16200049485553372,-0.2424997300334927,-0.5512489834408614,-1.0,-0.7101172648863564,-1.0,0.003179630858405437,-0.018663970105054675,-0.007479278097733515,-0.024391533637323014,-0.00897668603717533,0.03,-0.03,-0.023055673234908536,0.0379077382819194,-0.12,0.9987920187843152,0.9986575712407583,0.9990220723541833,0.9984097111139907,0.9969386253827212,1.0240561588710115,1.0519537370301766,1.0782142359167517,1.1088144227485843,1.1403027950038747
114,3.7983668903289938,1.8100792161440886,0.3526088006781563,0.3129094427861339,10.0,0.006200286425433426,-0.021771130467785553,-0.04270066800106562,-0.05485312662136365,0.15114589017844032,-0.12249973003349271,-0.6712489834408614,-1.0,-0.7279470751605509,-1.0,-0.002817793841029001,-0.010795559660931011,-0.019070952284142267,0.011540722048743714,-0.010854604677093399,0.12,-0.12,-0.01794419989887841,-0.017829810274194502,-0.12,0.9987214005372745,0.9986103229558663,0.9989504012087678,0.9986388439902605,0.996860761265457,1.024012622467859,1.0518306667625115,1.0781155885096099,1.108418775341443,1.140231147596733
115,3.7952180121889625,1.8529582039592234,0.3522531680575865,0.16684133474652518,10.0,0.002857120368598828,-0.001069843436659227,-0.03563556753846028,-0.030967573728651852,0.16037225395444935,-0.1524997300334927,-0.6412489834408613,-1.0,-0.770566939687789,-1.0,-0.0033431660568345976,0.020701287031126326,0.007065100462605334,0.023885552892711798,0.009226363776009022,-0.03,0.03,-0.027292850910359157,-0.04261986452723804,-0.12,0.9987602571291793,0.9986975477923787,0.9990583853637763,0.9986770914194458,0.9969474041675682,1.0240865481891375,1.0517219716659214,1.0779861340945238,1.1083635709263566,1.1400949431816472
116,3.784413937289141,1.7704775332467204,0.3530527489131699,0.31549172251025337,10.0,0.005840505726014307,0.007736634561322887,-0.016100375203610122,-0.041947854566998316,0.1710157770025805,-0.2724997300334927,-0.5212489834408613,-1.0,-0.748024076754261,-1.0,0.0029833853574154794,0.008806477997982114,0.01953519233485016,-0.010980280838346464,0.010643523048131154,-0.12,0.12,-0.03358307476691058,0.022542862933528085,-0.12,0.9988302942479818,0.9987453498424835,0.9991301353407394,0.9984478138261763,0.997028256371452,1.0241322370468184,1.0518609056105406,1.078101120112285,1.1087755569441178,1.1401829291994081
117,3.7758510405710437,1.7192844910609566,0.35334156210434725,0.16072953054174222,10.0,0.009027868637739949,-0.010957525358096906,-0.02361112395857881,-0.06637553445402929,0.16201505758405416,-0.2424997300334927,-0.5512489834408614,-1.0,-0.7101152171041902,-1.0,0.003187362911725642,-0.018694159919419792,-0.007510748754968689,-0.02442767988703097,-0.009000719418526343,0.03,-0.03,-0.023055161867265195,0.03790885965007068,-0.12,0.9987921107080288,0.9986577002507593,0.9990222341303234,0.9984098596758296,0.9969387455229782,1.0240562455461037,1.0519537930694949,1.0782142591899309,1.1088144460217637,1.140302818277054
118,3.798431535138827,1.8100134406704214,0.3526085655059839,0.3129903411121684,10.0,0.006205430599296353,-0.021796668237589117,-0.042726373623764496,-0.05488180041672458,0.15112630638760993,-0.12249973003349271,-0.6712489834408614,-1.0,-0.7279462423994882,-1.0,-0.0028224380384435964,-0.010839142879492211,-0.019115249665185685,0.011493734037304706,-0.010888751196444224,0.12,-0.12,-0.017943906847268043,-0.01783102529529801,-0.12,0.9987213010951075,0.9986101654492636,0.9989501996386357,0.9986386354754938,0.9968605929726777,1.0240125004452003,1.051830605427486,1.0781155712381139,1.1084187580699467,1.140231130325237
119,3.795285128070953,1.852868127810575,0.3522528377673682,0.16683195029093217,10.0,0.002852117156264932,-0.001099949243189794,-0.03566842412688929,-0.031000603671627644,0.16034708602583655,-0.1524997300334927,-0.6412489834408613,-1.0,-0.7705682343727909,-1.0,-0.0033533134430314207,0.020696718994399323,0.0070579494968752085,0.023881196745096936,0.009220779638226623,-0.03,0.03,-0.027292958549267055,-0.04262199197330263,-0.12,0.9987601170491635,0.9986973408267283,0.9990581217702865,0.9986768345802927,0.9969471947450603,1.0240863979084887,1.0517218841926494,1.0779861032490914,1.1083635400809242,1.1400949123362145
120,3.7844076536236058,1.7704675443126452,0.3530527084857698,0.315541214709813,10.0,0.005832934845885257,0.007735225236908033,-0.016102241433455573,-0.04194981300518852,0.17101370389698015,-0.2724997300334927,-0.5212489834408613,-1.0,-0.7480250217308342,-1.0,0.002980817689620325,0.008835174480097827,0.019566182693433715,-0.010949209333560875,0.010666617871143591,-0.12,0.12,-0.033583428573216056,0.02254321264195669,-0.12,0.9988302754032173,0.9987453270318818,0.99913010786565,0.9984477965717752,0.9970282413367367,1.024132225371317,1.0518608949242003,1.0781011140904322,1.108775550922265,1.1401829231775553
121,3.7757972233839414,1.7193444405660063,0.35334178541404576,0.16064137372195728,10.0,0.009026114489604173,-0.010935611178920751,-0.02358717991130785,-0.06635155544584304,0.16203301938443243,-0.2424997300334927,-0.5512489834408614,-1.0,-0.7101150294994791,-1.0,0.003193179643718916,-0.018670836415828784,-0.007484938477852275,-0.024401742440654517,-0.008980684512547715,0.03,-0.03,-0.023055192746606196,0.037909992231355105,-0.12,0.9987922042661032,0.9986578423663254,0.9990224166599403,0.9984100445735464,0.9969388959058629,1.0240563528297033,1.0519538523865577,1.078214278092943,1.1088144649247758,1.140302837180066
122,3.7983954714448616,1.8100618831283575,0.35260875508153117,0.3129935136862168,10.0,0.006209824534348194,-0.02177989213753226,-0.04270876217428377,-0.054863275918898356,0.15113995605398475,-0.12249973003349271,-0.6712489834408614,-1.0,-0.7279450471514601,-1.0,-0.002816289955255979,-0.010844280958611506,-0.019121582262975924,0.01148827952694468,-0.010893063330447678,0.12,-0.12,-0.017943715544552125,-0.017830017651981056,-0.12,0.9987213802658496,0.9986102821321138,0.9989503470332353,0.998638776938281,0.9968607080131072,1.024012583785021,1.0518306550202297,1.0781155901191082,1.108418776950941,1.1402311492062314
123,3.795301966744583,1.8528550286111587,0.35225279861825026,0.16674427385556656,10.0,0.002856481614883899,-0.0011055275175740134,-0.0356743763737396,-0.031006479980942428,0.16034291379280166,-0.1524997300334927,-0.6412489834408613,-1.0,-0.7705674739902871,-1.0,-0.003353342919464295,0.020674364619958245,0.00703438580054417,0.02385679593795593,0.009202957738816908,-0.03,0.03,-0.027292758905429676,-0.042622426838827,-0.12,0.9987600998302835,0.9986973117083221,0.9990580832643559,0.9986767901823429,0.9969471591328928,1.0240863730103655,1.0517218735892575,1.0779861020332238,1.1083635388650566,1.1400949111203469
124,3.784413786038024,1.7704199795825648,0.35305253764775363,0.31551708288829255,10.0,0.005832700322003562,0.007718606968935619,-0.016119463063455106,-0.04196855324625839,0.17100046594229704,-0.2724997300334927,-0.5212489834408613,-1.0,-0.7480252830207197,-1.0,0.0029762187071196637,0.008824134486509632,0.019554913310284496,-0.01096207326531596,0.010657552149495375,-0.12,0.12,-0.033583447572506836,0.022542190969567444,-0.12,0.9988302039087081,0.9987452175883845,0.9991299686367546,0.9984476576594871,0.9970281285982207,1.0241321436317348,1.0518608503105433,1.0781010992621731,1.1087755360940061,1.1401829083492963
125,3.7758119172052425,1.719321914865207,0.3533416977656148,0.16060165167002918,10.0,0.009022836176012027,-0.0109432394651558,-0.023595125234887413,-0.06635940717428573,0.16202684574536044,-0.2424997300334927,-0.5512489834408614,-1.0,-0.7101157499351867,-1.0,0.0031901358540084657,-0.01866184643409142,-0.007475662171432307,-0.024390853928027353,-0.008973620196936594,0.03,-0.03,-0.023055367697569523,0.037909533085532965,-0.12,0.9987921665462836,0.9986577887467556,0.9990223491496827,0.9984099814890122,0.9969388448358795,1.0240563160613023,1.0519538292485344,1.0782142688456073,1.1088144556774402,1.1403028279327305
126,3.7983753502009727,1.8100816193134286,0.352608824616608,0.3129652955771901,10.0,0.00620776775421948,-0.02177210199771514,-0.0427009663959851,-0.05485450951251352,0.15114588053819525,-0.12249973003349271,-0.6712489834408614,-1.0,-0.7279454105279898,-1.0,-0.002815068421792548,-0.01082886253255934,-0.019105841161097686,0.011504897661772213,-0.010880965207165194,0.12,-0.12,-0.01794382893907051,-0.017829660592803137,-0.12,0.9987214097313614,0.9986103293495985,0.9989504075808094,0.9986388402625084,0.9968607590678644,1.0240126208073772,1.0518306731459768,1.078115594914766,1.108418781746599,1.140231154001889
127,3.7952776615594104,1.8528870516706988,0.3522529154789454,0.16675304086059176,10.0,0.002857940479623223,-0.0010947490267190982,-0.0356626215949155,-0.030994669808098556,0.16035189353548263,-0.1524997300334927,-0.6412489834408613,-1.0,-0.7705670736402173,-1.0,-0.003349827274596257,0.020677352970996044,0.007038344801069598,0.023859839704414965,0.009206012997287377,-0.03,0.03,-0.027292734201137314,-0.04262166311222751,-0.12,0.9987601494328443,0.998697385226483,0.9990581769869378,0.9986768819354575,0.9969472339098842,1.024086426628755,1.0517219045531496,1.0779861127926949,1.1083635496245279,1.140094921879818
128,3.784415577170266,1.7704264312639362,0.3530525623946788,0.3155014581964008,10.0,0.005835337725900537,0.007720140204147486,-0.01611773359094879,-0.041966696133864376,0.17100201666292006,-0.2724997300334927,-0.5212489834408613,-1.0,-0.7480249393781303,-1.0,0.0029773972462773146,0.008814889230866584,0.01954488800396671,-0.01097202632576582,0.010650123127437433,-0.12,0.12,-0.03358332391681976,0.022542134262086927,-0.12,0.9988302149327261,0.9987452323730549,0.9991299869105466,0.9984476723727836,0.9970281408966718,1.0241321528171354,1.0518608568177654,1.078101102280274,1.1087755391121068,1.1401829113673971
129,3.775829633822347,1.7193025671681097,0.3533416259324558,0.16063468473220563,10.0,0.009023650233352176,-0.01095035004835052,-0.023602918984780733,-0.06636721887637374,0.16202101267560212,-0.2424997300334927,-0.5512489834408614,-1.0,-0.7101157695295336,-1.0,0.0031883125074516384,-0.018670490252498007,-0.007485185393831945,-0.024400522742509367,-0.008981003987317937,0.03,-0.03,-0.023055345996599558,0.037909169848596685,-0.12,0.9987921365135908,0.9986577428953661,0.9990222901738862,0.9984099214142383,0.9969387959602741,1.0240562812144467,1.0519538101586534,1.0782142628801332,1.108814449711966,1.1403028219672564
130,3.798389106981342,1.8100635988753777,0.35260875458257873,0.31296597166079476,10.0,0.006206375297767861,-0.0217784025802628,-0.04270755682677783,-0.054861477060495545,0.15114078017616456,-0.12249973003349271,-0.6712489834408614,-1.0,-0.7279458015655189,-1.0,-0.0028172749355843147,-0.01082805253191228,-0.019104637841997094,0.011505741815878198,-0.010880232499437564,0.12,-0.12,-0.017943888036836303,-0.017830032035985294,-0.12,0.9987213804561437,0.9986102859650962,0.9989503527204925,0.9986387872820076,0.9968607160107812,1.0240125896130694,1.0518306548291856,1.0781155880737892,1.1084187749056222,1.1402311471609123
131,3.7952733580734797,1.8528895748628902,0.35225292168915573,0.16678285757211136,10.0,0.0028563371782885805,-0.0010934948045638986,-0.03566129928830236,-0.03099337725416254,0.16035277388763355,-0.1524997300334927,-0.6412489834408613,-1.0,-0.7705673621861746,-1.0,-0.0033500381194792803,0.0206849077756989,0.007046257538475469,0.023868099806333004,0.009211993711468996,-0.03,0.03,-0.027292804889929162,-0.042621560620655724,-0.12,0.998760152277316,0.9986973906883763,0.9990581844296235,0.9986768915425999,0.9969472415416267,1.0240864318803455,1.051721906278399,1.0779861125371517,1.1083635493689847,1.1400949216242748
132,3.7844133406155445,1.770442500294641,0.35305262001026844,0.31551079944547117,10.0,0.00583525325258454,0.007725799759289463,-0.016111877313622777,-0.04196032201055931,0.17100650429141934,-0.2724997300334927,-0.5212489834408613,-1.0,-0.7480248705137149,-1.0,0.0029789160742959594,0.008819294563853362,0.019549421974679584,-0.010966944756396771,0.010653730403785783,-0.12,0.12,-0.033583325124590974,0.02254249167245967,-0.12,0.9988302390029796,0.9987452693509082,0.9991300339855639,0.99844771956184,0.9970281791719288,1.0241321805510932,1.0518608718610465,1.0781011072263909,1.1087755440582239,1.140182916313514
133,3.7758234303697202,1.7193115861379726,0.35334166080844415,0.16064636561186899,10.0,0.009024734726173152,-0.010947260653350728,-0.023599676828667225,-0.066364008051598,0.16202351786071012,-0.2424997300334927,-0.5512489834408614,-1.0,-0.7101155187748671,-1.0,0.003189481473588611,-0.01867306041264019,-0.007487799515044448,-0.024403686041038694,-0.008982986430709217,0.03,-0.03,-0.023055286772992595,0.03790935173884777,-0.12,0.9987921514675795,0.998657764351275,0.9990223172664616,0.9984099470427483,0.996938816722987,1.0240562961412787,1.0519538193734423,1.0782142664582557,1.1088144532900885,1.1403028255453789
134,3.7983952112466737,1.810057896404227,0.35260873490276917,0.31297570300195626,10.0,0.006207175433212206,-0.02178070456528284,-0.042709842529471666,-0.05486407524464491,0.15113904889812255,-0.12249973003349271,-0.6712489834408614,-1.0,-0.7279456511015853,-1.0,-0.0028175592929609466,-0.010833443911932111,-0.01911016570080444,0.011499932806953099,-0.010884468962587573,0.12,-0.12,-0.0179438450441666,-0.01783013232671818,-0.12,0.9987213720917191,0.9986102723393487,0.9989503351993695,0.9986387686807018,0.9968607010351017,1.0240125787516547,1.0518306497030552,1.0781155868430345,1.1084187736748672,1.1402311459301575
135,3.7952820471858058,1.8528783245080822,0.3522528808225223,0.16677794598237572,10.0,0.002855932770097936,-0.0010973069593143633,-0.03566545387530304,-0.030997549146274617,0.1603496082646945,-0.1524997300334927,-0.6412489834408613,-1.0,-0.7705674826957674,-1.0,-0.00335124266311427,0.020683397605968476,0.007044388654168628,0.02386652609837029,0.009210559366571947,-0.03,0.03,-0.027292808998044232,-0.04262183159418215,-0.12,0.998760134917999,0.9986973648809778,0.9990581514995733,0.9986768591585008,0.9969472151616714,1.0240864129786469,1.0517218954451766,1.077986108826581,1.1083635456584138,1.140094917913704
136,3.7844128609298595,1.7704392550776027,0.3530526078153911,0.3155156237510014,10.0,0.005834345114534944,0.007724912749824569,-0.016112844656943175,-0.04196136611366701,0.17100568495056803,-0.2724997300334927,-0.5212489834408613,-1.0,-0.7480249938699677,-1.0,0.002978412344437008,0.008822219709138933,0.019552609218359863,-0.010963816967392397,0.010656076685873539,-0.12,0.12,-0.033583367877718234,0.022542488825799623,-0.12,0.9988302336708862,0.9987452619045061,0.9991300246956448,0.9984477114979073,0.9970281725050361,1.0241321756254185,1.0518608686611082,1.0781011058699694,1.1087755427018022,1.1401829149570928
137,3.7758176841752267,1.7193177202852514,0.3533416834953967,0.16063418952036593,10.0,0.00902438459827519,-0.0109449921048881,-0.023597181268059368,-0.06636150429678889,0.1620253806702246,-0.2424997300334927,-0.5512489834408614,-1.0,-0.7101155277626362,-1.0,0.0031900394837402453,-0.01866990485471267,-0.0074843366111161935,-0.024400138183121874,-0.008980304280343437,0.03,-0.03,-0.02305529801553105,0.03790946610733148,-0.12,0.9987921609293702,0.9986577788831691,0.9990223359896772,0.9984099662386365,0.9969388323459114,1.024056307272194,1.0519538254059426,1.0782142682994347,1.1088144551312675,1.1403028273865579
138,3.7983900625021647,1.8100644966413162,0.35260876039774286,0.31297485684164655,10.0,0.006207607417796229,-0.021778377489951997,-0.0427074161044841,-0.05486149852396303,0.15114092436617513,-0.12249973003349271,-0.6712489834408614,-1.0,-0.7279455251254399,-1.0,-0.002816777180478961,-0.010833385385063895,-0.019110234836424732,0.01150000577282586,-0.010884456304049467,0.12,-0.12,-0.01794382727988239,-0.01782999736280369,-0.12,0.9987213827576485,0.9986102882231376,0.9989503553029615,0.9986387882011145,0.9968607168903709,1.0240125902393589,1.0518306563697248,1.078115589289901,1.108418776121734,1.1402311483770242
139,3.7952829913060553,1.8528781581344396,0.35225288124174275,0.16676792743082994,10.0,0.00285651354687167,-0.0010975016230659156,-0.035665650590579134,-0.030997734462209416,0.16034950243560508,-0.1524997300334927,-0.6412489834408613,-1.0,-0.7705673751733706,-1.0,-0.0033510938709245585,0.02068087586688608,0.007041765513904966,0.023863764061753612,0.009208578069429957,-0.03,0.03,-0.027292784255595975,-0.04262185004793079,-0.12,0.9987601350245515,0.9986973646122655,0.9990581509927456,0.9986768578676245,0.9969472141773905,1.0240864123484534,1.0517218955289434,1.0779861091484633,1.1083635459802963,1.1400949182355864
140,3.7844136657742893,1.7704338934429555,0.3530525886263936,0.31551208488521004,10.0,0.0058344315059774745,0.007723008268355114,-0.016114812215276886,-0.041963508220331985,0.17100418212674326,-0.2724997300334927,-0.5212489834408613,-1.0,-0.7480250099632504,-1.0,0.002977917959105805,0.00882050989142103,0.01955083837530225,-0.01096577375812257,0.010654679691138175,-0.12,0.12,-0.033583364769993934,0.022542365210120152,-0.12,0.9988302256692015,0.9987452495650554,0.9991300089748405,0.9984476956604745,0.9970281596671616,1.0241321663291492,1.0518608636519111,1.0781011042421258,1.1087755410739586,1.140182913329249
141,3.775820194246327,1.7193142106441317,0.3533416699887593,0.1606309094759068,10.0,0.009024031012005053,-0.010946204833475004,-0.023598461186449052,-0.06636277388362927,0.162024395806299,-0.2424997300334927,-0.5512489834408614,-1.0,-0.710115614050115,-1.0,0.0031895995060275788,-0.018669213101830118,-0.007483648971172166,-0.02439926566329729,-0.008979786320444272,0.03,-0.03,-0.02305531782136158,0.0379093959131353,-0.12,0.9987921551548052,0.9986577705376909,0.9990223254282551,0.998409956154556,0.9969388241718784,1.0240563014020139,1.0519538218348705,1.0782142669443064,1.108814453776139,1.1403028260314294
142,3.798388272043466,1.8100660566817834,0.3526087656106665,0.31297153948219253,10.0,0.006207303130882094,-0.021777726521816768,-0.04270677702355832,-0.05486076066460573,0.15114140606391885,-0.12249973003349271,-0.6712489834408614,-1.0,-0.72794558516433,-1.0,-0.002816727881122959,-0.010831521688341762,-0.01910831583710927,0.011502013219023534,-0.01088298974238014,0.12,-0.12,-0.017943843288448835,-0.017829971114214943,-0.12,0.9987213849840035,0.9986102919436577,0.9989503601073014,0.9986387934162418,0.9968607210802234,1.0240125932788657,1.051830657725944,1.0781155895623002,1.108418776394133,1.1402311486494234
143,3.7952799223307485,1.8528820653210447,0.35225289537014276,0.16677025875034918,10.0,0.0028566171000560855,-0.0010961689838232744,-0.035664199215698786,-0.03099627780975163,0.16035060555139005,-0.1524997300334927,-0.6412489834408613,-1.0,-0.7705673401956747,-1.0,-0.0033506860308260087,0.020681557537993493,0.0070425778078595375,0.023864482854854104,0.009209199487471204,-0.03,0.03,-0.02729278438897137,-0.04262175503134483,-0.12,0.9987601410305177,0.998697373567953,0.9990581624304435,0.9986768691655256,0.9969472233763848,1.024086418934973,1.0517218992759214,1.0779861104134307,1.1083635472452635,1.140094919500554
144,3.7844137813061733,1.7704353546808782,0.3530525940571306,0.3155106364828582,10.0,0.005834740626419638,0.007723435273498154,-0.01611435341680249,-0.041963011855663056,0.17100456043475823,-0.2724997300334927,-0.5212489834408613,-1.0,-0.7480249662246774,-1.0,0.002978123526363553,0.008819604257321428,0.019549845798896296,-0.010966734045911426,0.010653954883368177,-0.12,0.12,-0.0335833501572777,0.02254237397099737,-0.12,0.9988302280193057,0.998745252920298,0.9991300131812761,0.9984476994495977,0.9970281627837515,1.0241321686199019,1.0518608650753019,1.0781011048143236,1.1087755416461564,1.1401829139014468
145,3.775822026665645,1.7193123067270806,0.35334166298027664,0.16063533313332748,10.0,0.009024174526832353,-0.010946914306738451,-0.023599245063630783,-0.06636356124808346,0.1620238125359475,-0.2424997300334927,-0.5512489834408614,-1.0,-0.7101156055100587,-1.0,0.0031894339004127146,-0.018670349580236605,-0.007484891646828293,-0.02440054939242041,-0.008980747898810731,0.03,-0.03,-0.023055312681640155,0.03790936071461873,-0.12,0.9987921522407593,0.998657766029232,0.9990223196074379,0.9984099501399938,0.9969388192747366,1.024056297915851,1.0519538199700218,1.078214266391816,1.1088144532236488,1.1403028254789391
146,3.798390167994392,1.8100636724744514,0.35260875645226136,0.3129720412050096,10.0,0.006207172645309124,-0.02177857347882823,-0.0427076576464502,-0.05486169955407755,0.15114072617334529,-0.12249973003349271,-0.6712489834408614,-1.0,-0.7279456250220278,-1.0,-0.002817001881523229,-0.010831659172089777,-0.01910841258281942,0.01150186169400591,-0.010883086362602212,0.12,-0.12,-0.01794384843454247,-0.01783001951196908,-0.12,0.9987213811496816,0.9986102862080846,0.9989503528419746,0.9986387863270706,0.9968607153250094,1.024012589108773,1.0518306553315506,1.0781155886976606,1.1084187755294934,1.1402311477847837
147,3.795279788339851,1.8528818772150082,0.3522528943363679,0.16677358219720012,10.0,0.002856409428730454,-0.001096185372465728,-0.03566422236209159,-0.030996305235506713,0.1603505728291439,-0.1524997300334927,-0.6412489834408613,-1.0,-0.7705673796375586,-1.0,-0.00335076321657867,0.0206823881063625,0.00704343528435861,0.023865394318570834,0.009209846655798604,-0.03,0.03,-0.027292792950505212,-0.04262175461553089,-0.12,0.9987601406158818,0.9986973730977798,0.9990581618866454,0.9986768689020837,0.9969472231387551,1.0240864187390069,1.0517218990112505,1.0779861102223849,1.1083635470542177,1.140094919309508
148,3.784413495272183,1.7704371198603042,0.353052600361965,0.3155119533163202,10.0,0.005834691264005363,0.007724068062727539,-0.016113700778742194,-0.04196230112414741,0.17100505716682676,-0.2724997300334927,-0.5212489834408613,-1.0,-0.7480249634013796,-1.0,0.002978281835274909,0.008820253435193267,0.019550521583349394,-0.010965995888640695,0.010654484337682874,-0.12,0.12,-0.03358335215273131,0.022542416236179058,-0.12,0.9988302306430051,0.9987452569832287,0.9991300183618541,0.9984477046968148,0.9970281670343256,1.0241321716957275,1.0518608667207894,1.078101105342164,1.1087755421739969,1.1401829144292872
149,3.7758210420237615,1.7193136420833874,0.3533416680992761,0.1606361910110853,10.0,0.009024287973147551,-0.010946449640007905,-0.02359875244542615,-0.06636307198964517,0.1620241903409716,-0.2424997300334927,-0.5512489834408614,-1.0,-0.7101155761602088,-1.0,0.0031895967091421875,-0.018670517702735444,-0.0074850516666839575,-0.024400770865497752,-0.008980866825855166,0.03,-0.03,-0.02305530614484605,0.037909387241170794,-0.12,0.9987921544241389,0.9986577692033598,0.999022323631627,0.9984099540110304,0.9969388224139231,1.0240563001683247,1.0519538213241992,1.078214266895932,1.1088144537277649,1.1403028259830552
150,3.7983906689073805,1.81006328208205,0.3526087552226838,0.31297315866688963,10.0,0.006207286248418506,-0.021778745684036725,-0.04270782361694768,-0.0548618960736054,0.15114060209010519,-0.12249973003349271,-0.6712489834408614,-1.0,-0.7279456017199128,-1.0,-0.0028170017247290454,-0.01083229604402882,-0.019109071171521528,0.011501175916039767,-0.01088358825086641,0.12,-0.12,-0.017943842566084306,-0.017830025559704088,-0.12,0.9987213806197042,0.9986102852801552,0.9989503516348579,0.9986387849665896,0.9968607142357516,1.024012588318262,1.0518306550123935,1.0781155886576907,1.1084187754895236,1.140231147744814
151,3.79528085975089,1.8528805357353781,0.35225288950781214,0.16677256569484308,10.0,0.002856386623451437,-0.001096645920307615,-0.03566472361067626,-0.030996808042906276,0.16035019280718607,-0.1524997300334927,-0.6412489834408613,-1.0,-0.7705673892720083,-1.0,-0.0033508996249670686,0.02068209976372911,0.0070431000062714175,0.023865088030699123,0.009209590717080884,-0.03,0.03,-0.027292792365857937,-0.042621787552095475,-0.12,0.9987601385617088,0.9986973700254219,0.999058157959238,0.9986768650054635,0.9969472199674977,1.0240864164699968,1.0517218977300768,1.0779861097962609,1.1083635466280937,1.140094918883384
152,3.7844134732460324,1.770436502723468,0.35305259808442707,0.3155123721721418,10.0,0.005834587301168828,0.007723880365582553,-0.016113900736064366,-0.04196251774661238,0.17100489489382223,-0.2724997300334927,-0.5212489834408613,-1.0,-0.7480249787284282,-1.0,0.002978200677717391,0.008820526285890168,0.019550822874611896,-0.010965709703706104,0.010654702086636159,-0.12,0.12,-0.03358335708856894,0.022542410543580055,-0.12,0.9988302296640035,0.9987452555655666,0.9991300165790776,0.9984477030543881,0.9970281656875221,1.0241321707088469,1.0518608661242894,1.0781011051107783,1.108775541942611,1.1401829141979014
153,3.775820469266324,1.7193142175491736,0.3533416702048194,0.16063460485987552,10.0,0.009024231130466284,-0.010946233127770384,-0.023598511920359774,-0.06636283004533255,0.16202436860398545,-0.2424997300334927,-0.5512489834408614,-1.0,-0.7101155809640555,-1.0,0.003189643829297456,-0.018670113493352937,-0.0074846111842954074,-0.024400312298720174,-0.008980526289836782,0.03,-0.03,-0.023055308336179664,0.03790939776437277,-0.12,0.9987921552961433,0.9986577705653015,0.9990223253946604,0.9984099558508014,0.9969388239126874,1.024056301234144,1.0519538218849491,1.07821426705559,1.108814453887423,1.1403028261427133
154,3.7983899807141452,1.8100641324386928,0.3526087584721607,0.3129729146088668,10.0,0.0062073242993481905,-0.021778441497874248,-0.04270750816250757,-0.05486155851603359,0.15114084538387976,-0.12249973003349271,-0.6712489834408614,-1.0,-0.7279455893801479,-1.0,-0.0028169068311180937,-0.010832208370103864,-0.019108996242147794,0.011501271529298966,-0.01088352322010569,0.12,-0.12,-0.017943841152742918,-0.01783000841609239,-0.12,0.998721381981108,0.9986102873251131,0.9989503542272268,0.9986387875075898,0.9968607162976586,1.024012589812351,1.0518306558617987,1.078115588959685,1.1084187757915178,1.1402311480468081
155,3.7952808387772694,1.8528806852575728,0.3522528901695546,0.16677147850149904,10.0,0.0028564599878842783,-0.0010966112789174282,-0.035664684068964295,-0.030996766920810187,0.16035022804152635,-0.1524997300334927,-0.6412489834408613,-1.0,-0.7705673750048129,-1.0,-0.0033508643114639122,0.02068183021895682,0.00704282409354327,0.0238647915952234,0.009209382657646592,-0.03,0.03,-0.02729278943721669,-0.04262178562466504,-0.12,0.9987601388345159,0.9986973703815012,0.9990581583945947,0.9986768653417781,0.9969472202492521,1.024086416680576,1.0517218979023257,1.0779861098892323,1.108363546721065,1.1400949189763554
156,3.7844135737034765,1.7704359301415447,0.3530525960438969,0.31551188972533334,10.0,0.005834610937219339,0.007723672994660423,-0.016114114210767323,-0.04196275029482121,0.17100473304929004,-0.2724997300334927,-0.5212489834408613,-1.0,-0.7480249787423641,-1.0,0.002978150949335061,0.00882028427357785,0.019550569858196972,-0.010965983374011022,0.010654505007763687,-0.12,0.12,-0.03358335608698823,0.022542396262448833,-0.12,0.9988302288168196,0.9987452542474726,0.9991300148968335,0.9984477013402354,0.9970281642999784,1.0241321697055579,1.0518608655918664,1.0781011049425056,1.1087755417743383,1.1401829140296287
157,3.775820846333671,1.7193137188367293,0.35334166829935715,0.16063440747875746,10.0,0.00902419541197288,-0.010946407688756774,-0.023598697672977734,-0.06636301472357647,0.16202422653436113,-0.2424997300334927,-0.5512489834408614,-1.0,-0.710115590827672,-1.0,0.0031895844747535404,-0.018670080683417196,-0.007484583462210412,-0.024400264428755265,-0.008980506514928904,0.03,-0.03,-0.023055310462473694,0.037909387914692144,-0.12,0.9987921544850563,0.9986577693802411,0.9990223238899434,0.9984099543943044,0.9969388227311238,1.0240563003869352,1.0519538213806432,1.078214266870941,1.1088144537027738,1.140302825958064
158,3.798389850498233,1.810064214175857,0.35260875869367486,0.31297254290937637,10.0,0.006207282558439473,-0.02177840098316388,-0.042707470515964165,-0.05486151167854277,0.151140873060521,-0.12249973003349271,-0.6712489834408614,-1.0,-0.7279455982272476,-1.0,-0.0028169128535334067,-0.010831993294407104,-0.01910877284298643,0.011501503045033702,-0.010883353473840118,0.12,-0.12,-0.017943843274255272,-0.017830007399575576,-0.12,0.9987213820790517,0.9986102875179026,0.9989503544822887,0.998638787819002,0.9968607165452601,1.0240125899921888,1.051830655918922,1.078115588954536,1.1084187757863688,1.1402311480416591
159,3.7952804689977446,1.8528811404945873,0.35225289180037606,0.1667718989583912,10.0,0.0028564632728636996,-0.0010964539401954639,-0.0356645129411418,-0.0309965953524697,0.16035035745163803,-0.1524997300334927,-0.6412489834408613,-1.0,-0.7705673725650821,-1.0,-0.0033508192855757736,0.020681947042968416,0.007042957574822369,0.02386491632607307,0.009209484391117018,-0.03,0.03,-0.02729278982390773,-0.042621774337834595,-0.12,0.998760139528851,0.9986973714232623,0.9990581597275284,0.9986768666702772,0.9969472213299427,1.0240864174532367,1.0517218983352454,1.0779861100309793,1.1083635468628121,1.1400949191181025
160,3.78441357501461,1.7704361799069046,0.3530525969610894,0.31551177499083183,10.0,0.005834645459840752,0.007723751048327088,-0.016114031526693075,-0.04196266063895729,0.17100479943369473,-0.2724997300334927,-0.5212489834408613,-1.0,-0.7480249734327429,-1.0,0.002978182186977052,0.008820204988522552,0.019550481414448723,-0.010966065286487588,0.0106544419820567,-0.12,0.12,-0.03358335444038277,0.022542399132339186,-0.12,0.9988302292091926,0.9987452548213988,0.9991300156201246,0.9984477020169209,0.9970281648537295,1.0241321701104775,1.0518608658319584,1.0781011050332325,1.1087755418650653,1.1401829141203557
161,3.775821021001862,1.7193135508812056,0.3533416676899111,0.16063496927887255,10.0,0.009024217346764502,-0.010946471702314086,-0.023598769299868715,-0.06636308690960642,0.1620241737255121,-0.2424997300334927,-0.5512489834408614,-1.0,-0.7101155885434427,-1.0,0.00318957188692375,-0.018670222750641174,-0.00748473777317564,-0.02440042627064913,-0.008980625708182643,0.03,-0.03,-0.023055309569746635,0.037909384889300124,-0.12,0.9987921542340364,0.9986577689830445,0.9990223233739268,0.9984099538486758,0.9969388222863167,1.0240563000710563,1.0519538212181365,1.078214266827254,1.108814453659087,1.1403028259143773
162,3.798390097053507,1.8100639145018702,0.3526087575542403,0.31297265081959436,10.0,0.006207272004162326,-0.021778508890491384,-0.04270758214586612,-0.05486163154218092,0.15114078705156453,-0.12249973003349271,-0.6712489834408614,-1.0,-0.7279456019448871,-1.0,-0.002816945342602176,-0.0108320371881773,-0.019108812845997403,0.0115014553674255,-0.01088338667394756,0.12,-0.12,-0.01794384363035953,-0.017830013401444467,-0.12,0.9987213816013498,0.998610286797477,0.9989503535683429,0.9986387869193044,0.9968607158155166,1.0240125894633791,1.0518306556211257,1.0781155888502598,1.1084187756820927,1.140231147937383
163,3.7952804995186487,1.8528810600744394,0.35225289146860544,0.16677224907989296,10.0,0.0028564376554581104,-0.0010964758341644142,-0.035664537399649275,-0.0309966203860537,0.16035033710879742,-0.1524997300334927,-0.6412489834408613,-1.0,-0.7705673776601719,-1.0,-0.0033508343487042153,0.02068203305632697,0.0070430447462168436,0.02386501115612722,0.009209550057232896,-0.03,0.03,-0.027292790813965656,-0.042621775715284776,-0.12,0.9987601393906919,0.9986973712344102,0.999058159492905,0.9986768664702372,0.9969472211643856,1.024086417331705,1.0517218982483572,1.0779861099898624,1.1083635468216952,1.1400949190769856
164,3.7844135401372876,1.7704363625205566,0.35305259761017177,0.31551194930919607,10.0,0.0058346351019608455,0.0077238179652439,-0.016113962786855302,-0.041962585731218104,0.1710048513158036,-0.2724997300334927,-0.5212489834408613,-1.0,-0.7480249737618514,-1.0,0.0029781974465027347,0.008820293799408314,0.019550574612793973,-0.010965965345164405,0.010654514207006166,-0.12,0.12,-0.03358335489085312,0.022542403898320545,-0.12,0.9988302294779497,0.998745255241844,0.9991300161573046,0.998447702568084,0.9970281652994984,1.0241321704325148,1.0518608660012707,1.07810110508581,1.1087755419176428,1.1401829141729334
165,3.775820879413885,1.719313734180559,0.35334166838822517,0.16063500231170397,10.0,0.009024228338878802,-0.010946407214632931,-0.023598700456984246,-0.06636301840368888,0.16202422625464794,-0.2424997300334927,-0.5512489834408614,-1.0,-0.7101155852706976,-1.0,0.003189593236917956,-0.01867022517987683,-0.007484737670128944,-0.024400432672470787,-0.008980625061155656,0.03,-0.03,-0.023055308889417925,0.037909388491153745,-0.12,0.9987921545307553,0.9986577694184879,0.9990223239275609,0.9984099543874705,0.9969388227235432,1.0240563003843657,1.0519538214030306,1.0782142668939576,1.1088144537257905,1.1403028259810808
166,3.798390126649235,1.8100639050382776,0.3526087575491775,0.312972772776334,10.0,0.006207287125543633,-0.021778516136790063,-0.042707588164612224,-0.05486164022650724,0.15114078287467303,-0.12249973003349271,-0.6712489834408614,-1.0,-0.7279455986467548,-1.0,-0.0028169412133351684,-0.010832108922157132,-0.01910888770762798,0.011501378177181644,-0.010883443379974905,0.12,-0.12,-0.017943842873146904,-0.017830013376057136,-0.12,0.9987213815974696,0.9986102867760109,0.998950353537479,0.9986387868680265,0.9968607157756516,1.024012589434348,1.0518306556200694,1.0781155888586014,1.1084187756904342,1.1402311479457246
167,3.7952806256775804,1.8528809074543748,0.35225289092461304,0.16677208142863773,10.0,0.002856438128813839,-0.0010965289537268434,-0.03566459513397442,-0.030996678236792002,0.1603502935651544,-0.1524997300334927,-0.6412489834408613,-1.0,-0.7705673781847651,-1.0,-0.003350848996729794,0.02068198718306322,0.007042993030637802,0.023864961989715237,0.00920951069048137,-0.03,0.03,-0.027292790617761825,-0.042621779538010246,-0.12,0.9987601391588882,0.9986973708854586,0.9990581590459802,0.9986768660226735,0.9969472208004853,1.0240864170717263,1.0517218981038738,1.0779861099433523,1.1083635467751851,1.1400949190304754
168,3.7844135418766873,1.7704362645257108,0.35305259725166654,0.31551197808583026,10.0,0.005834623796002667,0.007723786721662195,-0.016113995748888006,-0.041962621495946935,0.1710048250596169,-0.2724997300334927,-0.5212489834408613,-1.0,-0.7480249755802165,-1.0,0.0029781856671888276,0.008820315675389039,0.019550599385086416,-0.010965943259154932,0.010654531494462494,-0.12,0.12,-0.03358335543284793,0.022542402604548567,-0.12,0.9988302293251429,0.9987452550166136,0.9991300158729978,0.9984477022990402,0.9970281650796633,1.0241321702720112,1.0518608659074629,1.0781011050510787,1.1087755418829117,1.140182914138202
169,3.7758208278198704,1.7193137808262369,0.3533416685553968,0.1606348056466316,10.0,0.00902422005013807,-0.010946389098403887,-0.023598679977678762,-0.06636299770952428,0.1620242412420671,-0.2424997300334927,-0.5512489834408614,-1.0,-0.7101155862677043,-1.0,0.003189596254135404,-0.01867017582006608,-0.007484684228790756,-0.02440037621357735,-0.008980583817549792,0.03,-0.03,-0.02305530924141433,0.037909389312512226,-0.12,0.9987921545990384,0.9986577695286766,0.9990223240714712,0.9984099545425706,0.9969388228501103,1.0240563004740701,1.0519538214476887,1.078214266904894,1.1088144537367268,1.1403028259920172
170,3.7983900393899237,1.8100640094298588,0.3526087579441555,0.31297272772993157,10.0,0.0062072898301517975,-0.02177847830579628,-0.04270754912145833,-0.05486159816383038,0.1511408129278079,-0.12249973003349271,-0.6712489834408614,-1.0,-0.7279455975665245,-1.0,-0.002816930219986273,-0.010832089207392395,-0.019108869143779565,0.011501399545693902,-0.010883428314259203,0.12,-0.12,-0.01794384279742739,-0.017830011298820198,-0.12,0.9987213817631725,0.9986102870268907,0.9989503538559783,0.9986387871828747,0.996860716030916,1.0240125896193346,1.051830655723282,1.0781155888941942,1.1084187757260273,1.1402311479813174
171,3.7952806071717853,1.8528809449077008,0.3522528910737395,0.16677197070301625,10.0,0.002856446972003129,-0.0010965180296161024,-0.035664583031366354,-0.030996665927674062,0.1603503033497572,-0.1524997300334927,-0.6412489834408613,-1.0,-0.7705673763870143,-1.0,-0.0033508428581486686,0.02068196027618018,0.007042966090091977,0.023864932236156315,0.009209490421949296,-0.03,0.03,-0.02729279028717968,-0.042621778820489814,-0.12,0.9987601392213202,0.9986973709728167,0.9990581591553537,0.9986768661201085,0.9969472208807149,1.0240864171301713,1.0517218981430558,1.0779861099605188,1.1083635467923516,1.140094919047642
172,3.784413553847557,1.7704362074379822,0.353052597049395,0.3155119158983252,10.0,0.005834628094664972,0.007723765509010281,-0.016114017484856764,-0.0419626451919892,0.1710048087408183,-0.2724997300334927,-0.5212489834408613,-1.0,-0.7480249753518632,-1.0,0.0029781811226618424,0.008820283538626383,0.01955056554650959,-0.01096597926431514,0.010654505391061109,-0.12,0.12,-0.03358335524273243,0.02254240103515112,-0.12,0.9988302292416654,0.9987452548851516,0.9991300157048185,0.9984477021250578,0.9970281649390907,1.0241321701705635,1.051860865854719,1.0781011050350522,1.108775541866885,1.1401829141221753
173,3.775820880105784,1.7193137144042026,0.3533416683030122,0.16063480657398924,10.0,0.00902421676416398,-0.010946412574015065,-0.02359870511039704,-0.06636302273904304,0.16202422210524858,-0.2424997300334927,-0.5512489834408614,-1.0,-0.7101155873385622,-1.0,0.0031895886694990093,-0.018670178083025346,-0.007484687625540276,-0.024400377547053834,-0.00898058663556972,0.03,-0.03,-0.02305530945491918,0.03790938801330099,-0.12,0.998792154491971,0.9986577693709244,0.9990223238706613,0.9984099543461967,0.9969388226907104,1.0240563003599092,1.0519538213808393,1.0782142668811026,1.1088144537129354,1.1403028259682257
174,3.7983900346269746,1.8100640061422684,0.3526087579210678,0.31297268832153935,10.0,0.006207284422547826,-0.02177847817522103,-0.04270754949229946,-0.05486159780131495,0.15114081248441844,-0.12249973003349271,-0.6712489834408614,-1.0,-0.7279455987768187,-1.0,-0.002816932341616154,-0.010832065601205965,-0.019108844381902423,0.011501424937728093,-0.010883409620830148,0.12,-0.12,-0.01794384306446306,-0.017830011438256604,-0.12,0.9987213817540951,0.9986102870185474,0.9989503538466373,0.998638787180834,0.9968607160286697,1.0240125896177557,1.0518306557171564,1.0781155888890666,1.1084187757208994,1.1402311479761897
175,3.7952805646386993,1.8528809954143273,0.35225289125278053,0.1667720357352545,10.0,0.002856446251881326,-0.0010965003179346754,-0.035664563795413946,-0.030996646664388443,0.1603503178163472,-0.1524997300334927,-0.6412489834408613,-1.0,-0.7705673763183796,-1.0,-0.0033508381706665,0.020681977857286354,0.007042985696885516,0.023864951136926507,0.009209505331928769,-0.03,0.03,-0.027292790375930465,-0.04262177754156077,-0.12,0.9987601392976823,0.9986973710881869,0.9990581593032737,0.9986768662690008,0.9969472210017112,1.024086417216543,1.0517218981906353,1.0779861099755488,1.1083635468073816,1.140094919062672
176,3.784413552492215,1.7704362449702964,0.35305259718628973,0.315511909842249,10.0,0.005834631740294961,0.007723777664790434,-0.01611400470095295,-0.041962631314057794,0.17100481886135604,-0.2724997300334927,-0.5212489834408613,-1.0,-0.7480249747364085,-1.0,0.0029781854884136346,0.00882027798272511,0.019550559094460997,-0.010965984649669351,0.01065450104500884,-0.12,0.12,-0.03358335506696422,0.022542401581971128,-0.12,0.9988302292998423,0.9987452549714314,0.9991300158138695,0.9984477022291872,0.9970281650240748,1.0241321702325366,1.0518608658905277,1.0781011050480898,1.1087755418799228,1.1401829141352129
177,3.775820894687725,1.7193137024252478,0.35334166826098273,0.16063487463344506,10.0,0.00902421984175312,-0.010946417372392691,-0.023598710623040912,-0.0663630283325969,0.16202421811770193,-0.2424997300334927,-0.5512489834408614,-1.0,-0.7101155869258859,-1.0,0.0031895881014581597,-0.018670195037183125,-0.007484705922087963,-0.024400397018539105,-0.008980600743654116,0.03,-0.03,-0.023055309319572143,0.0379093878105225,-0.12,0.9987921544750539,0.9986577693426805,0.9990223238334452,0.9984099543048259,0.9969388226568972,1.0240563003360186,1.0519538213695756,1.0782142668788108,1.1088144537106437,1.140302825965934
178,3.7983900651500475,1.8100639701915056,0.3526087577857134,0.3129727064025015,10.0,0.006207283825865852,-0.021778491286742634,-0.04270756299213519,-0.054861612393127986,0.1511408021029683,-0.12249973003349271,-0.6712489834408614,-1.0,-0.7279455990748535,-1.0,-0.0028169360158872675,-0.01083207391434994,-0.01910885236909428,0.011501415939468913,-0.010883416014733638,0.12,-0.12,-0.01794384307389421,-0.01783001214896751,-0.12,0.9987213816972723,0.9986102869321762,0.998950353736908,0.9986387870719101,0.9968607159403964,1.0240125895537822,1.0518306556817925,1.0781155888770608,1.108418775708894,1.140231147964184
179,3.795280573723458,1.8528809792653422,0.3522528911898682,0.16677206999663016,10.0,0.0028564432342059304,-0.0010965052155890026,-0.03566456919712312,-0.030996652139344022,0.1603503135174697,-0.1524997300334927,-0.6412489834408613,-1.0,-0.7705673769453726,-1.0,-0.003350840591659922,0.02068198607115363,0.007042993795012074,0.023864960253783964,0.009209511414501409,-0.03,0.03,-0.027292790484848672,-0.042621777870519156,-0.12,0.9987601392712554,0.9986973710506732,0.9990581592560875,0.9986768662258885,0.9969472209663127,1.0240864171908675,1.051721898174072,1.0779861099686576,1.1083635468004904,1.1400949190557808
180,3.7844135484311723,1.770436262382954,0.35305259724773946,0.3155119317626687,10.0,0.005834630022108942,0.007723784247590862,-0.016113997976398415,-0.041962623979409676,0.17100482387710145,-0.2724997300334927,-0.5212489834408613,-1.0,-0.7480249748542088,-1.0,0.0029781867879030114,0.008820289463179865,0.0195505712207247,-0.010965971840065654,0.010654510359631747,-0.12,0.12,-0.033583355143867066,0.022542402091163732,-0.12,0.9988302293250971,0.9987452550115388,0.9991300158652623,0.9984477022828996,0.9970281650674193,1.0241321702637767,1.0518608659065443,1.0781011050528209,1.1087755418846537,1.140182914139944
181,3.775820875660653,1.7193137261848612,0.35334166835104314,0.16063487003181465,10.0,0.009024220786340801,-0.010946408939495042,-0.023598701571258398,-0.06636301931147048,0.1620242249968011,-0.2424997300334927,-0.5512489834408614,-1.0,-0.7101155865809331,-1.0,0.0031895907642318596,-0.018670193187085904,-0.007484703594859983,-0.0244003953320608,-0.008980598880300339,0.03,-0.03,-0.023055309254134376,0.03790938827327575,-0.12,0.9987921545132022,0.9986577693990965,0.9990223239053393,0.9984099543754448,0.9969388227142342,1.0240563003770624,1.0519538213934383,1.0782142668871955,1.1088144537190283,1.1403028259743186
182,3.798390064880093,1.8100639735912418,0.35260875780222306,0.3129727189150097,10.0,0.006207285736394536,-0.021778490507353414,-0.0427075620146512,-0.05486161160097546,0.15114080290945753,-0.12249973003349271,-0.6712489834408614,-1.0,-0.7279455986369068,-1.0,-0.0028169350499462646,-0.01083208156785837,-0.019108860443392803,0.011501407710495022,-0.01088342208734358,0.12,-0.12,-0.017943842980809616,-0.017830012055973732,-0.12,0.9987213817039902,0.9986102869404982,0.9989503537470444,0.9986387870794674,0.9968607159467262,1.0240125895583525,1.0518306556861383,1.0781155888795921,1.1084187757114248,1.1402311479667153
183,3.7952805878840428,1.8528809627872946,0.3522528911318115,0.16677204531699646,10.0,0.0028564436734197242,-0.0010965110422592739,-0.035664575520045316,-0.030996658467126875,0.16035030877712497,-0.1524997300334927,-0.6412489834408613,-1.0,-0.7705673769297123,-1.0,-0.003350842062974812,0.02068197946509414,0.007042986494605882,0.023864953133848586,0.009209505867667445,-0.03,0.03,-0.027292790447260934,-0.04262177829280556,-0.12,0.9987601392464684,0.9986973710130724,0.999058159207821,0.998676866177029,0.9969472209266302,1.0240864171625663,1.0517218981586336,1.0779861099638852,1.108363546795718,1.1400949190510083
184,3.7844135491560245,1.770436248287972,0.3530525971964596,0.3155119324816483,10.0,0.005834628867453713,0.0077237796232528765,-0.01611400282721125,-0.041962629247525064,0.17100482005625495,-0.2724997300334927,-0.5212489834408613,-1.0,-0.7480249750599723,-1.0,0.002978185194033989,0.00882029066551215,0.019550572692834067,-0.010965970780398189,0.010654511279129975,-0.12,0.12,-0.03358335519991165,0.022542401869739992,-0.12,0.9988302293033584,0.9987452549791321,0.9991300158242586,0.9984477022434547,0.9970281650352578,1.0241321702403468,1.051860865893134,1.0781011050480076,1.1087755418798404,1.1401829141351307
185,3.7758208718066473,1.7193137288396447,0.35334166835993647,0.16063484674785058,10.0,0.009024219660966237,-0.010946407807873537,-0.02359870023116371,-0.06636301794142341,0.16202422594530183,-0.2424997300334927,-0.5512489834408614,-1.0,-0.7101155867455646,-1.0,0.0031895907935125243,-0.018670187431126414,-0.00748469740395246,-0.02440038869389835,-0.008980594110953116,0.03,-0.03,-0.02305530930513036,0.037909388314407655,-0.12,0.9987921545166625,0.998657769405331,0.9990223239137079,0.9984099543853328,0.9969388227223398,1.0240563003827559,1.0519538213958388,1.078214266887462,1.1088144537192948,1.140302825974585
186,3.7983900543249653,1.8100639858294882,0.3526087578480666,0.31297271186546566,10.0,0.006207285822906149,-0.021778486015006857,-0.04270755740026516,-0.05486160659671135,0.1511408064545001,-0.12249973003349271,-0.6712489834408614,-1.0,-0.7279455985612217,-1.0,-0.0028169338380600877,-0.01083207820713332,-0.01910885716910145,0.01150141134471206,-0.010883419490801738,0.12,-0.12,-0.017943842983397656,-0.017830011815656993,-0.12,0.998721381723249,0.9986102869698907,0.9989503537844133,0.9986387871167195,0.9968607159769028,1.0240125895802232,1.0518306556981138,1.0781155888835912,1.108418775715424,1.1402311479707143
187,3.7952805838468113,1.8528809694170731,0.3522528911572534,0.16677203500223864,10.0,0.002856444691011841,-0.0010965089794325658,-0.035664573251421486,-0.030996656172827354,0.16035031056423504,-0.1524997300334927,-0.6412489834408613,-1.0,-0.770567376713529,-1.0,-0.003350841131894308,0.02068197703557429,0.007042984148843672,0.023864950423883993,0.00920950410973495,-0.03,0.03,-0.027292790411897944,-0.04262177815230736,-0.12,0.9987601392571807,0.9986973710284307,0.9990581592272002,0.9986768661950344,0.9969472209413867,1.0240864171732393,1.0517218981653416,1.0779861099665722,1.108363546798405,1.1400949190536953
188,3.7844135505170367,1.7704362431433154,0.35305259717840026,0.31551192484397733,10.0,0.005834629535191305,0.007723777634041159,-0.016114004851277963,-0.04196263145666129,0.17100481855928176,-0.2724997300334927,-0.5212489834408613,-1.0,-0.7480249750062291,-1.0,0.002978184844179464,0.008820286613473725,0.019550568400143523,-0.010965975283833938,0.01065450799504672,-0.12,0.12,-0.033583355169749446,0.02254240170729996,-0.12,0.9988302292959782,0.9987452549672785,0.9991300158090368,0.9984477022273315,0.9970281650222675,1.0241321702309998,1.0518608658884299,1.0781011050466716,1.1087755418785044,1.1401829141337947
189,3.775820878639336,1.719313720443194,0.3533416683281834,0.16063484980607712,10.0,0.009024219404572315,-0.0109464107998995,-0.023598703450660754,-0.06636302115218606,0.16202422350297324,-0.2424997300334927,-0.5512489834408614,-1.0,-0.7101155868546898,-1.0,0.00318958986938101,-0.01867018843394066,-0.007484698599382791,-0.02440038969552477,-0.008980595056308521,0.03,-0.03,-0.023055309324587075,0.03790938815153935,-0.12,0.9987921545032316,0.9986577693853984,0.9990223238882802,0.998409954360251,0.9969388227019705,1.0240563003681817,1.0519538213874227,1.078214266884541,1.108814453716374,1.140302825971664
190,3.7983900550823058,1.8100639838822472,0.35260875783946505,0.31297270797494153,10.0,0.00620728515572615,-0.02177848656749426,-0.042707558029040915,-0.054861607185815266,0.1511408059522045,-0.12249973003349271,-0.6712489834408614,-1.0,-0.7279455987176707,-1.0,-0.002816934248846165,-0.01083207576759476,-0.01910885457838016,0.011501413966370798,-0.010883417550768743,0.12,-0.12,-0.017943843015474498,-0.01783001186298097,-0.12,0.998721381719711,0.9986102869651597,0.9989503537785521,0.998638787111759,0.9968607159728126,1.0240125895772647,1.0518306556958554,1.078115588882463,1.1084187757142958,1.1402311479695861
191,3.7952805791960005,1.8528809747075188,0.3522528911757619,0.1667720441991056,10.0,0.002856444474884974,-0.001096507091017676,-0.03566457120406567,-0.03099665412540279,0.16035031209372594,-0.1524997300334927,-0.6412489834408613,-1.0,-0.7705673767325494,-1.0,-0.003350840680841176,0.020681979476476584,0.0070429868249752454,0.023864953060412475,0.00920950614152144,-0.03,0.03,-0.02729279042714125,-0.0426217780148786,-0.12,0.9987601392650922,0.9986973710404883,0.9990581592426993,0.9986768662108252,0.9969472209542033,1.0240864171823705,1.051721898170267,1.077986109968056,1.1083635467998891,1.1400949190551792
192,3.7844135501803766,1.7704362483488751,0.35305259719729803,0.3155119250753001,10.0,0.005834629893127139,0.00772377936085362,-0.016114003043830556,-0.04196262949303567,0.1710048199768353,-0.2724997300334927,-0.5212489834408613,-1.0,-0.7480249749383401,-1.0,0.0029781854182421652,0.008820286451871296,0.019550568160235118,-0.010965975367632878,0.010654507883109371,-0.12,0.12,-0.03358335515223371,0.022542401794209355,-0.12,0.9988302293039719,0.9987452549792485,0.9991300158241964,0.9984477022420077,0.9970281650342241,1.024132170239703,1.0518608658933706,1.0781011050484228,1.1087755418802556,1.140182914135546
193,3.7758208795445016,1.719313720051745,0.35334166832710007,0.16063485767847413,10.0,0.009024219810487264,-0.010946411003677032,-0.023598703712339745,-0.06636302142478882,0.16202422332805042,-0.2424997300334927,-0.5512489834408614,-1.0,-0.710115586790804,-1.0,0.003189589917360126,-0.018670190364530652,-0.007484700668509189,-0.024400391931753154,-0.008980596648784894,0.03,-0.03,-0.02305530930570121,0.03790938814753608,-0.12,0.9987921545028778,0.9986577693844926,0.9990223238869808,0.9984099543584036,0.9969388227004441,1.0240563003671264,1.0519538213871205,1.0782142668846324,1.1088144537164653,1.1403028259717556
194,3.7983900586905954,1.8100639797658213,0.3526087578241273,0.3129727106613375,10.0,0.006207285167722209,-0.02177848808873587,-0.042707559587754705,-0.054861608882064,0.15114080475591854,-0.12249973003349271,-0.6712489834408614,-1.0,-0.727945598734046,-1.0,-0.0028169346427650553,-0.010832077085058837,-0.01910885587541496,0.011501412542724826,-0.010883418572131875,0.12,-0.12,-0.0179438430125618,-0.01783001194324199,-0.12,0.998721381713263,0.9986102869552768,0.9989503537659775,0.9986387870991682,0.9968607159626177,1.0240125895698755,1.0518306556918495,1.0781155888811487,1.1084187757129818,1.1402311479682719
195,3.795280580886855,1.8528809720784705,0.35225289116578545,0.16677204719335703,10.0,0.0028564441360200473,-0.001096507924274466,-0.035664572118599455,-0.030996655048834046,0.1603503113785412,-0.1524997300334927,-0.6412489834408613,-1.0,-0.7705673768062316,-1.0,-0.003350841031702162,0.020681980164461405,0.0070429874691552465,0.02386495383322995,0.009209506622622654,-0.03,0.03,-0.02729279043842997,-0.04262177807218556,-0.12,0.9987601392608844,0.9986973710344105,0.9990581592350122,0.9986768662035956,0.996947220948286,1.0240864171780995,1.0517218981676337,1.077986109967032,1.108363546798865,1.1400949190541552
196,3.7844135497301434,1.7704362498034107,0.35305259720236465,0.3155119277061694,10.0,0.005834629639335144,0.007723779941242242,-0.016114002456440724,-0.04196262885136677,0.1710048204061801,-0.2724997300334927,-0.5212489834408613,-1.0,-0.7480249749612242,-1.0,0.0029781855033150966,0.008820287865516708,0.01955056966215873,-0.010965973802532725,0.010654509027638898,-0.12,0.12,-0.03358335516378108,0.02254240184500736,-0.12,0.9988302293060254,0.9987452549826014,0.9991300158285152,0.9984477022466692,0.9970281650379715,1.0241321702423931,1.0518608658946893,1.0781011050487754,1.1087755418806082,1.1401829141358986
197,3.7758208771209727,1.7193137229845954,0.3533416683381663,0.16063485612409897,10.0,0.009024219873764004,-0.010946409954529676,-0.023598702580762954,-0.0663630202955503,0.16202422418498744,-0.2424997300334927,-0.5512489834408614,-1.0,-0.7101155867570245,-1.0,0.0031895902344288595,-0.01867018989577192,-0.00748470012432223,-0.02440039144418353,-0.008980596221192655,0.03,-0.03,-0.023055309300149207,0.037909388204199784,-0.12,0.998792154507552,0.9986577693914536,0.9990223238958698,0.9984099543672073,0.9969388227075954,1.0240563003722407,1.0519538213900546,1.0782142668856383,1.1088144537174713,1.1403028259727614
198,3.7983900582013455,1.8100639806991683,0.3526087578280715,0.3129727118399228,10.0,0.006207285398055151,-0.021778487801699276,-0.04270755927193782,-0.054861608571338115,0.15114080500513324,-0.12249973003349271,-0.6712489834408614,-1.0,-0.7279455986788276,-1.0,-0.0028169344757088526,-0.0108320778471696,-0.019108856691174864,0.011501411724212186,-0.010883419179854192,0.12,-0.12,-0.017943843001632986,-0.01783001192180314,-0.12,0.9987213817148939,0.998610286957537,0.9989503537687985,0.9986387871016782,0.9968607159646756,1.024012589571365,1.0518306556928838,1.0781155888816223,1.1084187757134552,1.1402311479687453
199,3.7952805823913875,1.8528809704113955,0.3522528911600025,0.1667720438195739,10.0,0.0028564442321907524,-0.0010965085259485793,-0.03566457277021334,-0.030996655699912154,0.16035031089375973,-0.1524997300334927,-0.6412489834408613,-1.0,-0.7705673767950094,-1.0,-0.003350841165864399,0.020681979275750696,0.0070429865017244755,0.02386495287142596,0.009209505888626485,-0.03,0.03,-0.027292790432442093,-0.042621778116181896,-0.12,0.9987601392584087,0.9986973710306164,0.9990581592301273,0.998676866198581,0.9969472209442191,1.0240864171752053,1.0517218981660934,1.0779861099665826,1.1083635467984154,1.1400949190537057
200,3.7844135498750675,1.770436247908911,0.35305259719550036,0.315511927460585,10.0,0.0058346295313205215,0.007723779306633814,-0.016114003119418553,-0.04196262957185292,0.17100481988818747,-0.2724997300334927,-0.5212489834408613,-1.0,-0.7480249749832999,-1.0,0.0029781852991297695,0.008820287832582393,0.01955056965079479,-0.010965973871940767,0.010654508994427742,-0.12,0.12,-0.03358335516912428,0.022542401811709578,-0.12,0.9988302293031275,0.9987452549782445,0.9991300158229929,0.9984477022412928,0.9970281650335945,1.0241321702392094,1.051860865892895,1.0781011050481466,1.1087755418799796,1.1401829141352697
