step,J,D,stress,movement,active_directed_pairs,x_0,x_1,x_2,x_3,x_4,x_5,x_6,x_7,x_8,x_9,v_0,v_1,v_2,v_3,v_4,v_5,v_6,v_7,v_8,v_9,y_0,y_1,y_2,y_3,y_4,y_5,y_6,y_7,y_8,y_9
1,0.6,0.036,0.39235599999999976,0.6,18.0,0.0,0.0,0.0,0.0,0.0,-0.12,-0.12,-0.12,-0.12,-0.12,0.0,0.0,0.0,0.0,0.0,-0.12,-0.12,-0.12,-0.12,-0.12,0.999805,0.999805,0.999805,0.999508,0.999184,1.0288329999999999,1.058455,1.08805,1.118347,1.148671
2,1.387400715226802,0.17274131498408546,0.3852498960803688,0.7874007152268021,18.0,0.0,-0.010714285714285714,-0.016666666666666666,-0.04001976284584979,0.12,-0.24,-0.24,-0.24,-0.24,-0.24,0.0,-0.010714285714285714,-0.016666666666666666,-0.04001976284584979,0.12,-0.12,-0.12,-0.12,-0.12,-0.12,0.9995789122200264,0.9994978722002635,0.9997678722002635,0.9991738722002635,0.9985427472002635,1.0278707472002635,1.0571957872200264,1.0861157872200264,1.1167097872200262,1.1473577872200262
3,2.445395279354679,0.45222941687449403,0.37787803149077087,1.0913278974612102,18.0,0.024,-0.1307142857142857,0.10333333333333333,-0.1600197628458498,0.22732789746121024,-0.36,-0.36,-0.36,-0.36,-0.36,0.024,-0.12,0.12,-0.12,0.10732789746121024,-0.12,-0.12,-0.12,-0.12,-0.12,0.9994497441943917,0.9991257041746288,0.9996371919439165,0.9987137919439165,0.9979476669439166,1.0267086669439165,1.0558987069636794,1.0841722191943917,1.1150632191943917,1.1460352191943917
4,3.4005794947919403,0.7792602860837154,0.3697233407295349,1.0128157845627384,18.0,0.048,-0.25071428571428567,0.22333333333333333,-0.2800197628458498,0.19851211289847182,-0.48,-0.48,-0.48,-0.48,-0.48,0.024,-0.12,0.12,-0.12,-0.028815784562738422,-0.12,-0.12,-0.12,-0.12,-0.12,0.9992865402482509,0.9987195002284881,0.9991661524825097,0.9979133524825097,0.9970122274825097,1.0252062274825096,1.0542612675022724,1.082194615248251,1.113382615248251,1.1446786152482509
5,3.764856412132175,0.9520988452413748,0.36274238118309704,0.6437230826597657,18.0,0.07200000000000001,-0.24397912271039307,0.2073185577380965,-0.26834354033233454,0.10475052877452368,-0.46846466257682706,-0.6,-0.6,-0.6,-0.6,0.024,0.006735163003892597,-0.01601477559523684,0.011676222513515272,-0.09376158412394814,0.01153533742317292,-0.12,-0.12,-0.12,-0.12,0.9991226562041432,0.9985792605349703,0.9988149492247129,0.9975582991848353,0.9963225663031041,1.0241943928991755,1.0528477885683485,1.080587099878606,1.1117465499184835,1.1433665499184835
6,3.9722471232974934,1.2395366774414942,0.3573709953056881,0.8006092888346811,18.0,0.096,-0.17840101254714,0.1454192061678149,-0.2200693118379384,0.1038929301677734,-0.34846466257682707,-0.72,-0.72,-0.72,-0.72,0.024,0.06557811016325307,-0.06189935157028159,0.04827422849439614,-0.0008575986067502761,0.12,-0.12,-0.12,-0.12,-0.12,0.999031266495548,0.9985856261390761,0.9988193852319536,0.9978273351920759,0.9961643167868377,1.0237965622157357,1.0519742025722074,1.07931044347933,1.1101728935192074,1.1421168935192076
7,4.331884876234461,1.7139398169647442,0.3529432617019355,0.6639388593726144,18.0,0.11768256010652595,-0.16435748381170107,0.1553861442219746,-0.20196228735555352,0.1598718587925988,-0.22846466257682707,-0.7841598793692796,-0.84,-0.84,-0.84,0.02168256010652594,0.014043528735438932,0.009966938054159713,0.01810702448238488,0.0559789286248254,0.12,-0.06415987936927958,-0.12,-0.12,-0.12,0.999014121235957,0.998605147604062,0.9989648592863454,0.9982405377903238,0.9963821691530302,1.0236454740934307,1.0514084477253256,1.0782137360430424,1.10877918608292,1.140896417757217
8,4.735724323560103,2.120185852898775,0.3488512412103451,0.5755196885870839,18.0,0.13621734611897668,-0.1732607590183073,0.1920246595688349,-0.20413312048971344,0.19330401704888506,-0.2584646625768271,-0.6983197587385591,-0.96,-0.96,-0.96,0.01853478601245074,-0.00890327520660622,0.0366385153468603,-0.0021708331341599163,0.03343215825628626,-0.03,0.08584012063072041,-0.12,-0.12,-0.12,0.9989989913523559,0.9985856217833643,0.9990205558217242,0.998196962364586,0.9965843847114457,1.0234307403242218,1.0508201098932135,1.0771451758548536,1.107784875894731,1.1396703392433252
9,4.733676631617733,2.1953196791543195,0.3487470039608423,0.3381275581617195,18.0,0.1507651860260472,-0.17622494533689853,0.18608884853377572,-0.23466102737372616,0.1815520093489616,-0.2260648562597648,-0.5783197587385591,-1.0,-1.0,-1.0,0.014547839907070516,-0.0029641863185912443,-0.005935811035059191,-0.030527906884012718,-0.011752007699923461,0.03239980631706231,0.12,-0.09859661194704164,-0.05377176059845265,-0.10537164993725912,0.9989968573298522,0.9985216687494204,0.9989301607704556,0.9981671172500775,0.996883208190389,1.023623248263028,1.05094843684346,1.0771649448224248,1.1077244553416676,1.1392859186902617
10,4.579596562849758,2.1519145285333394,0.35005119911449106,0.19813316531884395,18.0,0.1586448422439303,-0.19037183739445024,0.16109971995961758,-0.22729018992619274,0.17054968423861067,-0.132854338964968,-0.5725322446859916,-1.0,-0.9662537054359976,-1.0,0.007879656217883104,-0.014146892057551708,-0.024989128574158137,0.007370837447533418,-0.01100232511035093,0.09321051729479679,0.005787514052567527,-0.0161120306267329,0.03374629456400237,-0.026356746825047947,0.9989720297026473,0.9985117670680468,0.9988955038575836,0.998352518831616,0.9971065174148601,1.0238915379189328,1.05130810138141,1.0775493645918732,1.1078781790808114,1.1394240161414635
11,4.3655400135739,1.9433453516780435,0.35304549341874353,0.33663691946230867,18.0,0.16188226449441734,-0.18681863904219245,0.16236300009715293,-0.20911103023489302,0.16979626170914117,-0.18964382167017121,-0.45944836721909654,-0.980222923670839,-0.8462537054359976,-1.0,0.003237422250487042,0.003553198352257786,0.0012632801375353497,0.018179159691299712,-0.0007534225294694996,-0.056789482705203204,0.1130838774668951,0.019777076329161022,0.12,-0.12,0.9990562680540159,0.9986328182177903,0.9990148598066357,0.9983269502909347,0.9973806790559345,1.0242212736040224,1.0519790242681248,1.0782219826792792,1.1086913511379128,1.1399318617294043
12,4.239128021263921,1.904908117909332,0.3549030646682381,0.29238378428347495,18.0,0.16710740048812422,-0.17522262417501325,0.17833463262198618,-0.22436658183783642,0.17340011067002395,-0.11184194824062285,-0.49636448975220143,-0.9862365280421151,-0.7262537054359977,-1.0,0.0052251359937068986,0.011596014867179205,0.015971632524833246,-0.015255551602943396,0.003603848960882783,0.07780187342954836,-0.03691612253310489,-0.006013604371276224,0.12,-0.12,0.9991641767692158,0.9987098344409941,0.9990999846900017,0.9985975808774472,0.9975333723881918,1.0243276282049492,1.0524942713610475,1.0787291211120398,1.1090059299339354,1.1403461140562663
13,4.357809962565551,1.9103335814433295,0.3536170959322709,0.3043763613229997,18.0,0.17305575321440836,-0.17634613799624027,0.1779048101197182,-0.2007809113935473,0.17138556983881453,-0.18404007481107448,-0.6163644897522014,-0.9984956862364675,-0.6594365292030795,-1.0,0.005948352726284126,-0.0011235138212270235,-0.0004298225022679736,0.02358567044428911,-0.002014540831209416,-0.07219812657045163,-0.12,-0.012259158194352263,0.06681717623291819,-0.12,0.9991386239452171,0.9987320425996452,0.9991176601317825,0.9984285356797857,0.9970420967247988,1.0238012681843416,1.0521306244629238,1.0783700069307867,1.108825506115944,1.1404896902382748
14,4.51268751551043,1.872850213087427,0.35163817225746913,0.2972474297114826,18.0,0.17566972873954617,-0.17527661867917368,0.17512811346630613,-0.2373879437688321,0.13404684742599096,-0.3040400748110745,-0.5863644897522013,-1.0,-0.7247736988673047,-1.0,0.0026139755251378114,0.0010695193170665862,-0.0027766966534120696,-0.03660703237528479,-0.03733872241282357,-0.12,0.03,-0.04234512526947308,-0.0653371696642252,-0.12,0.9990739349997596,0.9985932244136277,0.9988948298203362,0.9979051765013804,0.9965980530534692,1.02335782244923,1.0515554958839297,1.0778788904772212,1.1086313896623787,1.1402145737847096
15,4.660304593973966,1.9332045411952952,0.34972022565247857,0.26265206832457305,18.0,0.17698213514801564,-0.19562873218139923,0.1551183884457934,-0.2642434602884809,0.12653907751598528,-0.2740400748110745,-0.6985937941361312,-1.0,-0.7691589314470857,-1.0,0.0013124064084694684,-0.020352113502225544,-0.020009725020512736,-0.02685551651964882,-0.007507769910005679,0.03,-0.11222930438392983,-0.05513067510489554,-0.044385232579781,-0.12,0.9989513949042899,0.9984163018972058,0.9987010148216167,0.9977838397540094,0.9962057517630276,1.0230015386638251,1.051113781036851,1.07745406811244,1.1081323172975974,1.140018520541765
16,4.652989650232206,1.930128111898583,0.34976795514822406,0.14019536091281962,18.0,0.17472717725556172,-0.20119708342663525,0.152743994599645,-0.23288835531586352,0.1357402269350486,-0.30681256636407406,-0.660823098520061,-1.0,-0.7880571478153165,-1.0,-0.0022549578924539074,-0.005568351245236025,-0.0023743938461484038,0.03135510497261737,0.009201149419063331,-0.03277249155299955,0.03777069561607016,-0.05363477788771541,-0.018898216368230858,-0.12,0.9989385786488322,0.9984669797293176,0.9987723952399215,0.9977771524488753,0.9963098154892681,1.0231098762989888,1.0510990952028851,1.0774186796922813,1.1081780407940323,1.1399622631600366
17,4.402404726766246,1.9246344782326221,0.35311276323412316,0.3583380163353216,18.0,0.17507947658658865,-0.17909131706267334,0.17419523906095163,-0.22968644748612624,0.16781322957739622,-0.1895850579170736,-0.540823098520061,-1.0,-0.7461308605553758,-1.0,0.0003522993310269306,0.022105766363961915,0.02145124446130664,0.0032019078297372827,0.03207300264234761,0.11722750844700044,0.12,-0.03292827009284323,0.04192628725994069,-0.12,0.9991123451231745,0.9986472300670151,0.9990248098335642,0.9983192295218276,0.9971410759801971,1.0239025245498874,1.0520173273952973,1.0782647476287484,1.108733970647093,1.1401941930130972
18,4.361027203051256,1.9782712735266237,0.35421850996225485,0.2290497404175883,18.0,0.17969463443296083,-0.16998136365970284,0.18714166392060103,-0.18629509370489503,0.2140877552226732,-0.16170197235113318,-0.5708230985200611,-0.9918759465151089,-0.6994256747241193,-1.0,0.0046151578463721815,0.009109953402970494,0.012946424859649391,0.04339135378123121,0.04627452564527698,0.027883085565940435,-0.03,0.00812405348489112,0.04670518583125649,-0.12,0.9992000897950848,0.9988228422303324,0.9993045396795834,0.9986617395415298,0.9973882378232897,1.024150145684676,1.0523242023740473,1.0784675049247965,1.1088677173063655,1.1404089396723696
19,4.465296334338937,1.9402475342688237,0.35293492031002144,0.2370145134007184,18.0,0.18295022340293718,-0.16321181319489755,0.1936015933699037,-0.20145075933885506,0.18402966372675864,-0.28170197235113315,-0.5412780494242625,-1.0,-0.7170722595301892,-1.0,0.003255588969976349,0.006769550464805291,0.0064599294493026815,-0.015155665633960036,-0.03005809149591457,-0.12,0.029545049095798588,-0.01826930556885134,-0.01764658480606987,-0.12,0.9991858620957742,0.998777924308113,0.9991919910514983,0.9982477958683352,0.9970434037406717,1.0237699208726059,1.051919081042747,1.0781300142993617,1.1088272266809307,1.1402886774143761
20,4.585761409353919,1.9260237431911353,0.3507664102654789,0.3420784907153665,18.0,0.18455244838959764,-0.18456247512440177,0.1649406176809728,-0.26009765294514375,0.13188393156549771,-0.2517019723511331,-0.6612780494242625,-1.0,-0.7467442618729104,-1.0,0.0016022249866604714,-0.021350661929504217,-0.028660975688930918,-0.05864689360628872,-0.05214573216126092,0.03,-0.12,-0.039205307097014475,-0.029672002342721243,-0.12,0.999029212638578,0.9985025148913641,0.9987992537373864,0.9979271455504914,0.9964323807153669,1.023210487603541,1.0513849409258553,1.077713202079833,1.108336164461402,1.1401216151948474
21,4.62920123682423,1.8655122626182878,0.349880678750028,0.2233612157690299,18.0,0.18025834149897085,-0.21146101913292745,0.13659749293401918,-0.25068270583099955,0.11397541616786228,-0.32413236412016216,-0.6312780494242625,-1.0,-0.7808158477150255,-1.0,-0.004294106890626785,-0.026898544008525677,-0.028343124746953607,0.009414947114144201,-0.01790851539763544,-0.07243039176902905,0.03,-0.048563161902464236,-0.03407158584211517,-0.12,0.9988938105982033,0.9983861781188955,0.9986426228052732,0.9975970464430521,0.996225646814741,1.0230547713274598,1.0511028338864652,1.0774713892000876,1.108273616801285,1.1399780675347304
22,4.558020167028633,1.9082493989103337,0.35108197080123077,0.17919524221426258,18.0,0.17559786671775965,-0.19770495842366342,0.1542232508404844,-0.24860102158853303,0.14412881612366224,-0.24656275588919122,-0.6375059777713301,-1.0,-0.7536955196740085,-1.0,-0.004660474781211205,0.013756060709264023,0.017625757906465228,0.0020816842424665194,0.030153399955799964,0.07756960823097095,-0.006227928347067646,-0.04221361047448585,0.027120328041016994,-0.12,0.9989831066156029,0.998479689546886,0.9988039793831643,0.9979566794422696,0.9965467986118043,1.0233441967602914,1.051473472942035,1.0777741831057568,1.1083844259265825,1.140105692066565
23,4.376534837647542,1.9336341939940493,0.35365861245280944,0.3233771369786324,18.0,0.17830742049273252,-0.1752679269021425,0.18198344063958238,-0.1987089928983945,0.1846049763483621,-0.2103200351878118,-0.5175059777713301,-1.0,-0.7298360674071857,-1.0,0.002709553774972862,0.022437031521520934,0.027760189799097973,0.049892028690138535,0.04047616022469985,0.036242720701379405,0.12,-0.01444418898961447,0.023859452266822873,-0.12,0.999157618434024,0.9987552327234046,0.9991705939201885,0.9984093368154334,0.9972881176603218,1.0240355474671705,1.0521389495654572,1.0783485883686732,1.108869130455763,1.1402663965957456
24,4.282058103284918,2.0201450974900874,0.35499309265971074,0.2558470271863026,18.0,0.1831824990331973,-0.15625554895346028,0.19984951828085742,-0.19144074703022054,0.21254896657846173,-0.09032003518781181,-0.5475059777713301,-0.9940510347368003,-0.7069037757127784,-1.0,0.004875078540464799,0.019012377948682213,0.01786607764127504,0.007268245868173956,0.027943990230099636,0.12,-0.03,0.005948965263199657,0.022932291694407275,-0.12,0.9992765159372088,0.9988888484244726,0.9993670835992742,0.9988962451384895,0.9976640814881086,1.0243967530785978,1.0525576736978388,1.0787044385230373,1.108927980610127,1.1404062467501097
25,4.253974004427838,1.9724400605840116,0.35495199106248904,0.17416654695662928,18.0,0.18688987412620686,-0.16768189265643946,0.18721958358269,-0.18926620678723308,0.18960854328454974,-0.12032003518781181,-0.4841255530995422,-1.0,-0.7288623157033645,-1.0,0.0037073750930095707,-0.01142634370297918,-0.012629934698167422,0.002174540242987466,-0.022940423293911993,-0.03,0.06338042467178795,-0.008219169861941794,-0.02195853999058603,-0.12,0.9992327204193973,0.9988494563506531,0.9992760755730433,0.9987259821558832,0.9976829421434482,1.0244209468929995,1.052508294667278,1.0787066754448877,1.1090044675319777,1.1403116065253462
26,4.470410113204835,1.9000146674340774,0.35243121126741067,0.3289290973329334,18.0,0.18498305527155934,-0.18485002612459195,0.1644434575149037,-0.23596276748878814,0.15804499392901572,-0.2403200351878118,-0.5707451284277543,-1.0,-0.7310606492604104,-1.0,-0.0019068188546475101,-0.01716813346815249,-0.022776126067786312,-0.04669656070155506,-0.031563549355534015,-0.12,-0.08661957532821205,-0.023329445380473213,-0.0021983335570458784,-0.12,0.9990761108025703,0.9985982861984055,0.9989538874347458,0.9981093682230393,0.9968594951674307,1.0236384969439039,1.0518134805028982,1.078082879266558,1.108677671353648,1.1402186832004026
27,4.563440303543887,1.9056472613038014,0.35039739330882363,0.30334936846311217,18.0,0.18120937985253155,-0.20514996764658308,0.14655335265416944,-0.2676578501434805,0.10454918514674724,-0.2103200351878118,-0.6907451284277543,-1.0,-0.7572554044848085,-1.0,-0.003773675419027786,-0.020299941521991133,-0.01789010486073425,-0.03169508265469234,-0.05349580878226848,0.03,-0.12,-0.054570335023178124,-0.02619475522439821,-0.12,0.9989417216719354,0.9983997145253948,0.998634950191975,0.9978697754420842,0.9963278747943727,1.023139078759595,1.0512957313820086,1.0776854957154285,1.1082060378025183,1.1400710496492732
28,4.6542978662708965,1.900083550833796,0.3495836885667066,0.2297809999948692,18.0,0.17743063027339057,-0.20061389207483452,0.1444184597220385,-0.2386458495925715,0.12253371413522299,-0.33032003518781183,-0.6607451284277542,-1.0,-0.7795901568572725,-1.0,-0.003778749579140977,0.004536075571748566,-0.0021348929321309273,0.029012000550908967,0.017984528988475745,-0.12,0.03,-0.053714070095247674,-0.022334752372463906,-0.12,0.9989189285629937,0.9984356707175687,0.998711371574373,0.997654298136414,0.996186253169677,1.0230012999421774,1.0510288487935018,1.0773781479366977,1.1081956900237873,1.1399797018705424
29,4.520908725901148,1.8987493869356777,0.3519718754240991,0.26789279536258737,18.0,0.17768760545295367,-0.17833133841596752,0.17713931419153,-0.23957199503190446,0.1558815665432543,-0.3003200351878118,-0.5407451284277542,-1.0,-0.7512317426499711,-1.0,0.0002569751795631138,0.022282553658867,0.032720854469491495,-0.0009261454393329482,0.033347852408031314,0.03,0.12,-0.049465606262178635,0.028358414207301452,-0.12,0.9990860542289557,0.9986009209390161,0.9989516544637385,0.9979684841092871,0.9967893441205373,1.0235454933549926,1.0516642466555848,1.0779385131308625,1.1086818052179521,1.140141817064707
30,4.4055582930925805,1.977546528220745,0.35363496214327844,0.29614325771124206,18.0,0.18225854840004613,-0.17180731655827267,0.18840372903743338,-0.2005194948435632,0.20044262120159637,-0.1803200351878118,-0.5707451284277543,-1.0,-0.711061419436103,-1.0,0.004570942947092456,0.0065240218576948505,0.011264414845903375,0.03905250018834125,0.044561054658342064,0.12,-0.03,-0.008933178331352307,0.04017032321386804,-0.12,0.9991848432006509,0.9987787912235927,0.9992297871212963,0.9985374459938664,0.9972670306706908,1.0240029039584233,1.0521691124642578,1.0783431165665542,1.108789408653644,1.140330420500399
31,4.437074270298851,1.9915728344188897,0.3530963883829477,0.08541556696313105,18.0,0.1843826720251204,-0.16605601718085888,0.19054828941052832,-0.18324794767789432,0.1967905297977164,-0.2103200351878118,-0.5834339774655775,-0.9997251430685321,-0.7225696584848111,-1.0,0.002124123625074265,0.005751299377413782,0.0021445603730949336,0.017271547165668893,-0.0036520914038799535,-0.03,-0.012688849037823226,0.0002748569314679067,-0.011508239048708097,-0.12,0.9991893611461309,0.9988182840520832,0.999261062744128,0.9984916040498042,0.997177870537707,1.0239106875732926,1.0520056702431133,1.0781878915510683,1.1087084336381583,1.1402837053773152
32,4.47028604542484,1.9585707681118798,0.3521669333526965,0.20400645664340486,18.0,0.18534957613891567,-0.17523951925607398,0.17497927277439024,-0.23694276778234072,0.1536712200037188,-0.18361102085923953,-0.6136016872083079,-1.0,-0.746890981401853,-1.0,0.0009669041137952618,-0.009183502075215094,-0.015569016636138078,-0.0536948201044464,-0.04311930979399761,0.02670901432857227,-0.030167709742730434,-0.024697690964508537,-0.024321322917041782,-0.12,0.9991104340529195,0.9986306249481602,0.9989763851931687,0.9982717259887545,0.9968910036761204,1.0236510409851265,1.0517781434984699,1.0780573832534615,1.1085118205300881,1.1401685450855505
33,4.465902507487168,1.832598708612852,0.3522429733179147,0.334722220361725,18.0,0.18283996091737445,-0.20168441315102223,0.14652720735863306,-0.24481204416724117,0.13491231174858828,-0.3036110208592395,-0.49376939695103833,-1.0,-0.7577461523340308,-1.0,-0.002509615221541213,-0.02644489389494825,-0.028452065415757177,-0.007869276384900453,-0.01875890825513052,-0.12,0.11983229025726956,-0.03120760499716592,-0.010855170932177777,-0.12,0.9989961769979401,0.9985004326085014,0.9988039853099357,0.9978057140860707,0.9967901896650156,1.0236014406917702,1.0517102847013566,1.0780317319999224,1.1087831692765489,1.1401163466483166
34,4.451624624527579,1.8308123413240933,0.3527181505899289,0.13067325885487907,18.0,0.17808179422588696,-0.20070819775721377,0.1533113176420777,-0.25281534439506514,0.14815487944223418,-0.2736110208592395,-0.5239371066937688,-1.0,-0.7210049635120926,-1.0,-0.004758166691487485,0.0009762153938084606,0.006784110283444639,-0.008003300227824,0.013242567693645901,0.03,-0.030167709742730434,-0.028976233877113136,0.03674118882193814,-0.12,0.9990178853479459,0.9985059342755459,0.9988392827542909,0.9979216850554593,0.9968231702788538,1.023622209907098,1.051862995344435,1.07815464686569,1.1088318341423165,1.1402464643303896
35,4.4331928423787,1.9754382851720964,0.35245647367841754,0.3424904357638985,18.0,0.17862091072392974,-0.18409013533020474,0.17279640501098004,-0.20897229786568583,0.16315790316123366,-0.1536110208592395,-0.6439371066937688,-1.0,-0.7280070627336582,-1.0,0.0005391164980427691,0.016618062427009028,0.019485087368902337,0.043843046529379315,0.015003023718999475,0.12,-0.12,-0.020274420950519692,-0.007002099221565611,-0.12,0.9990949105133493,0.9986717416101714,0.9990388468922841,0.9984175213861801,0.9969688331612521,1.0237327996322323,1.0518627462877992,1.0781206410056865,1.1085008282823132,1.1402394584703863
36,4.4597213913856795,2.02657193882359,0.3522298271090803,0.17502073482376124,18.0,0.18198045547602465,-0.16022618418588533,0.18966176901110307,-0.18859015610161387,0.1775495636180317,-0.1836110208592395,-0.6139371066937688,-1.0,-0.7641651354400121,-1.0,0.0033595447520949153,0.023863951144319412,0.016865364000123034,0.020382141764071965,0.014391660456798044,-0.03,0.03,-0.026727248017638358,-0.03615807270635388,-0.12,0.9991717210445442,0.9987898259784384,0.9991893124965789,0.9984892016050597,0.9970839276570793,1.0238175364728592,1.051792311362329,1.0780178248441885,1.1084722621208152,1.1401298923088883
37,4.481119077523701,1.9192036103671164,0.3527358615385712,0.3156699756549116,18.0,0.1857490547257895,-0.16661667143498868,0.1861120876434901,-0.22696490049921253,0.1713189184915709,-0.3036110208592395,-0.4939371066937688,-1.0,-0.7468093171756411,-1.0,0.0037685992497648504,-0.006390487249103349,-0.003549681367612967,-0.038374744397598665,-0.006230645126460793,-0.12,0.12,-0.032928929824995776,0.01735581826437091,-0.12,0.9991579737856191,0.9986983698621082,0.9990838374287142,0.9980816389282078,0.9970104299976448,1.0237504282398864,1.051857582814294,1.0780971152476881,1.1088485525243148,1.140182182712388
38,4.45530141920398,1.8391363232533577,0.35285085192941074,0.20297532125117773,18.0,0.18469105528746727,-0.19747398881760875,0.159760383781146,-0.25468641458232094,0.14861733293413706,-0.2736110208592395,-0.5239371066937688,-1.0,-0.7125241162482921,-1.0,-0.0010579994383222563,-0.03085731738262007,-0.026351703862344117,-0.02772151408310841,-0.022701585557433845,0.03,-0.03,-0.02438707230725433,0.03428520092734896,-0.12,0.9990490201565838,0.9985332801670547,0.9988676691661564,0.9979411489648917,0.9968375403092063,1.0236249716184003,1.0518962606417475,1.0781868716426455,1.1088640589192722,1.1402786891073453
39,4.434378542715903,1.9219796663693582,0.352196860688107,0.31176642914750075,18.0,0.17964384801340416,-0.20490676844799138,0.14792343807253042,-0.2304532945009277,0.14338995318041975,-0.1536110208592395,-0.6439371066937688,-1.0,-0.730513112947621,-1.0,-0.005047207274063107,-0.0074327796303826354,-0.01183694570861557,0.02423312008139325,-0.005227379753717315,0.12,-0.12,-0.019469680560206745,-0.017988996699328852,-0.12,0.9989996175481375,0.9985329496267731,0.998855577021429,0.9982328705499843,0.9968169685222168,1.0236257063336862,1.0517912579492656,1.0780936305546096,1.108473817831236,1.1402124480193094
40,4.460513611641403,1.9822940395353659,0.3519732814715218,0.19781434833452533,18.0,0.1778622539650229,-0.17941361992513288,0.16945920322239275,-0.2018883973676549,0.1636006060069828,-0.1836110208592395,-0.6139371066937688,-1.0,-0.7707414036012084,-1.0,-0.0017815940483812583,0.0254931485228585,0.02153576514986233,0.028564897133272787,0.020210652826563064,-0.03,0.03,-0.02823895603458125,-0.040228290653587295,-0.12,0.9990827795606125,0.998673955555943,0.9990420569194587,0.9983475055999793,0.9969724518632882,1.0237424252974878,1.0517234138808136,1.077980312517298,1.1084347497939246,1.1400923799819977
41,4.476186618335722,1.9278978801278281,0.3527772634273865,0.3348519760282063,18.0,0.18198326680133414,-0.16295853204943553,0.19032213651174432,-0.2199165061319357,0.17585104247830233,-0.3036110208592395,-0.4939371066937688,-1.0,-0.7476070068099625,-1.0,0.004121012836311246,0.016455087875697355,0.02086293328935157,-0.018028108764280792,0.012250436471319515,-0.12,0.12,-0.03400960479703062,0.023134396791245904,-0.12,0.999169586673751,0.9987242557488338,0.99911992059441,0.9981228059076015,0.9970458354075062,1.0237782555617851,1.0518686244152509,1.0780979595696747,1.1088493968463013,1.1401830270343745
42,4.452799825520499,1.8782105889919012,0.35304501042146647,0.16420600323432966,18.0,0.18532304676185046,-0.1802527408156615,0.17813662099382793,-0.23969212261474623,0.1618827407492322,-0.2736110208592395,-0.5239371066937688,-1.0,-0.7099644260321722,-1.0,0.00333977996051632,-0.017294208766225977,-0.012185515517916384,-0.019775616482810537,-0.013968301729070126,0.03,-0.03,-0.023698908884597567,0.03764258077779031,-0.12,0.9991244437614464,0.9986390672131514,0.9990033033798372,0.9980759299900821,0.9969451978687937,1.0236995519510046,1.0519485405572981,1.0782093043906125,1.108886491667239,1.1403011218553123
43,4.435590574304402,1.9427758129395722,0.3523007112174044,0.3252122558999532,18.0,0.18266539336682228,-0.1958904705383692,0.15719836311088148,-0.2245661914270484,0.1493938296568794,-0.1536110208592395,-0.6439371066937688,-1.0,-0.7283281986513924,-1.0,-0.002657653395028198,-0.01563772972270769,-0.020938257882946454,0.015125931187697839,-0.012488911092352811,0.12,-0.12,-0.018701649664225065,-0.018363772619220176,-0.12,0.9990420685249006,0.9985873219872609,0.9989234581039887,0.9982966725463169,0.9968665698493417,1.023658612795742,1.05181912550763,1.078107989390902,1.1084881766675285,1.1402268068556018
44,4.463986710361274,1.966646006494182,0.3518997326252887,0.14411798500871295,18.0,0.17940913701860894,-0.18622922296699543,0.16217197222837842,-0.20962277087071535,0.15794518052554032,-0.1836110208592395,-0.6139371066937688,-1.0,-0.7710602991980273,-1.0,-0.0032562563482133344,0.009661247571373766,0.0049736091174969466,0.014943420556333048,0.008551350868660934,-0.03,0.03,-0.02807344261354751,-0.042732100546634955,-0.12,0.9990553324140141,0.9986308463030009,0.9989862229591835,0.9982895833475817,0.9969252641856815,1.0237083546356704,1.0517040008042098,1.0779736241480273,1.108428061424654,1.140085691612727
45,4.476373488268736,1.8998600937466594,0.3526654418920268,0.321221537721297,18.0,0.18078056351528168,-0.17457009386435424,0.17845683190833744,-0.2293965980322722,0.1673192250017317,-0.3036110208592395,-0.4939371066937688,-1.0,-0.7483020483937515,-1.0,0.0013714264966727505,0.011659129102641191,0.01628485967995902,-0.019773827161556845,0.009374044476191362,-0.12,0.12,-0.03437543996785232,0.022758250804275904,-0.12,0.9991192225368379,0.9986546944258226,0.9990311626820765,0.9980356716447042,0.9969769893544674,1.0237307670570324,1.0518381437156075,1.0780866754593537,1.10883811273598,1.1401717429240532
46,4.449719159242496,1.8703784720005252,0.3530210661672933,0.130410596075069,18.0,0.1832332338442016,-0.1828912961357485,0.17508034831979058,-0.2405008589563716,0.16017655992215124,-0.2736110208592395,-0.5239371066937688,-1.0,-0.7102887345112234,-1.0,0.0024526703289199057,-0.008321202271394268,-0.0033764835885468636,-0.011104260924099413,-0.007142665079580446,0.03,-0.03,-0.02386782551089424,0.0380133138825281,-0.12,0.9991098570060604,0.9986228427666737,0.9989832400264985,0.9980586878841822,0.9969321114875228,1.0236919668605473,1.0519415715862235,1.0782061743263986,1.1088833616030254,1.1402979917910985
47,4.433307424166317,1.957719599458049,0.35236726494728315,0.3046332419375729,18.0,0.18210418220899713,-0.18919714535044946,0.16403306010816815,-0.2177928583624916,0.1545384118559826,-0.1536110208592395,-0.6439371066937688,-1.0,-0.7280936387272199,-1.0,-0.0011290516352044763,-0.006305849214700954,-0.01104728821162243,0.022708000593880007,-0.005638148066168636,0.12,-0.12,-0.018667051943315152,-0.01780490421599648,-0.12,0.9990695016627,0.998628471124516,0.9989761825511919,0.9983501546285832,0.996909509944437,1.0236892504362423,1.0518367860124356,1.0781140745857596,1.1084942618623863,1.1402328920504594
48,4.465305299790147,1.9835100728861468,0.35196359044146003,0.14064809812784443,18.0,0.18057389822414854,-0.1793982858467115,0.1694504232136732,-0.20479689059907066,0.16289862303229424,-0.1836110208592395,-0.6139371066937688,-1.0,-0.7706390513212401,-1.0,-0.0015302839848485876,0.009798859503737961,0.0054173631055050575,0.012995967763420935,0.008360211176311638,-0.03,0.03,-0.02797181460454469,-0.042545412594020254,-0.12,0.9990860622181983,0.9986713485147352,0.9990378704165578,0.9983396583773286,0.996964580489464,1.0237345697276794,1.0517217704194806,1.077980248517658,1.1084346857942844,1.1400923159823577
49,4.47855717130099,1.8997218107427665,0.35265958338242603,0.307029228619044,18.0,0.18202973512527137,-0.1749649662420746,0.1781333199942977,-0.23090990557356553,0.16678742444099545,-0.3036110208592395,-0.4939371066937688,-1.0,-0.7481836923717764,-1.0,0.001455836901122825,0.004433319604636887,0.008682896780624505,-0.026113014974494864,0.003888801408701209,-0.12,0.12,-0.034322704515141036,0.02245535894946374,-0.12,0.9991193262240345,0.9986517336652481,0.9990270053702403,0.9980298279511945,0.9969717675849527,1.0237261276089629,1.0518369415367783,1.0780866698317861,1.1088381071084128,1.140171737296486
50,4.450103552142454,1.8577469323909372,0.3529696803204044,0.14606023202424792,18.0,0.18315522077956556,-0.1883030526408456,0.1693355303440969,-0.24524963995335639,0.15606618073588624,-0.2736110208592395,-0.5239371066937688,-1.0,-0.7104458001356946,-1.0,0.0011254856542941714,-0.013338086398770987,-0.00879778965020081,-0.014339734379790858,-0.010721243705109212,0.03,-0.03,-0.023909805629019745,0.037737892236081844,-0.12,0.9990866287331386,0.998589998212233,0.9989411471188888,0.9980167002942097,0.996898647414046,1.0236688434594265,1.0519275697099046,1.0782014208032489,1.1088786080798756,1.1402932382679487
51,4.4324370952702505,1.949194174328181,0.3523344430534006,0.3020561860536102,18.0,0.1810870663857037,-0.19257945381671354,0.16045886998250528,-0.22026849121710831,0.15213082276468112,-0.1536110208592395,-0.6439371066937688,-1.0,-0.7283642635505302,-1.0,-0.0020681543938618455,-0.004276401175867944,-0.008876660361591626,0.02498114873624807,-0.003935357971205117,0.12,-0.12,-0.018725350151968204,-0.017918463414835634,-0.12,0.9990536549355445,0.9986076112408299,0.9989499055920504,0.9983252507758031,0.9968899332274912,1.0236761072615228,1.0518278035260533,1.0781105091748326,1.1084906964514594,1.1402293266395325
52,4.464122793343284,1.9872776784328094,0.35197973586811365,0.15885958234022138,18.0,0.17993583658357698,-0.17774497849022827,0.17120516611964942,-0.20266725421212636,0.1642919628566574,-0.1836110208592395,-0.6139371066937688,-1.0,-0.7707294675280372,-1.0,-0.0011512298021267235,0.014834475326485269,0.010746296137144146,0.01760123700498195,0.012161140091976275,-0.03,0.03,-0.02800238157508729,-0.04236520397750698,-0.12,0.999092303756894,0.9986819025671144,0.9990515594835419,0.9983542088275275,0.9969765269805764,1.0237433576815609,1.0517259610486271,1.0779813041321997,1.1084357414088264,1.1400933715968995
53,4.478510016819493,1.9088368104393632,0.35269424892379725,0.3127303349639332,18.0,0.1823190122468699,-0.17120172450431587,0.1819996588874213,-0.22774609503603394,0.1695942328217564,-0.3036110208592395,-0.4939371066937688,-1.0,-0.7481011657700878,-1.0,0.002383175663292904,0.006543253985912406,0.01079449276777189,-0.025078840823907572,0.005302269965098999,-0.12,0.12,-0.03429888069472091,0.022628301757949387,-0.12,0.999135520934321,0.998674335091873,0.9990559221157219,0.9980583541725621,0.9969943667005832,1.0237417673145859,1.051846434484858,1.078089847461009,1.1088412847376357,1.1401749149257088
54,4.45104190654401,1.8612727744250424,0.3529818516147592,0.15583575392362795,18.0,0.18384699157676415,-0.18702119221559038,0.170782143321658,-0.24458246981893714,0.15694831041298474,-0.2736110208592395,-0.5239371066937688,-1.0,-0.7103126716450668,-1.0,0.0015279793298942738,-0.015819467711274515,-0.011217515565763309,-0.016836374782903202,-0.01264592240877166,0.03,-0.03,-0.023874959670887166,0.037788494125020944,-0.12,0.999093220111705,0.9985979406103216,0.9989510743087509,0.9980256935934956,0.996905621783162,1.023673213925183,1.0519310085108844,1.0782028748124552,1.1088800620890817,1.1402946922771549
55,4.4331532793580095,1.945017059987149,0.35231698309807574,0.3087828252571262,18.0,0.18135952131007393,-0.1944546857146921,0.15855250903912976,-0.22224726294533856,0.15066489561423885,-0.1536110208592395,-0.6439371066937688,-1.0,-0.7283262771815284,-1.0,-0.0024874702666902097,-0.007433493499101718,-0.01222963428252824,0.02233520687359858,-0.00628341479874589,0.12,-0.12,-0.018711285569857003,-0.018013605536461558,-0.12,0.9990461708300256,0.9985961201225613,0.9989351161376933,0.998310093507298,0.9968777294492255,1.023667334932955,1.0518231578672976,1.0781091618521657,1.1084893491287922,1.1402279793168653
56,4.463755429325644,1.9814945458969209,0.3519583778141549,0.15860813163722,18.0,0.17960144156133376,-0.1800672708021428,0.16873383130657651,-0.20438976677183493,0.16258895773389764,-0.1836110208592395,-0.6139371066937688,-1.0,-0.7708260335968498,-1.0,-0.0017580797487401698,0.014387414912549301,0.010181322267446752,0.01785749617350363,0.011924062119658796,-0.03,0.03,-0.028014522715895593,-0.04249975641532133,-0.12,0.9990819483684579,0.998668059090745,0.9990338842456462,0.9983369850229118,0.9969629607863519,1.02373423989,1.051720027161883,1.0779792020069818,1.1084336392836085,1.1400912694716816
57,4.477824810009883,1.9081514670412276,0.35269310527648773,0.3167702843288835,18.0,0.18188276338976783,-0.17138080405850012,0.18179334170892972,-0.22751629882871885,0.16954142595278818,-0.3036110208592395,-0.4939371066937688,-1.0,-0.7481620485181707,-1.0,0.002281321828434081,0.008686466743642679,0.013059510402353203,-0.02312653205688392,0.006952468218890534,-0.12,0.12,-0.034321956759442926,0.02266398507867906,-0.12,0.9991341577309261,0.9986734372257979,0.9990549054341917,0.9980579264269889,0.9969942210053079,1.0237419929902318,1.0518460030425276,1.078089534834134,1.1088409721107606,1.1401746022988337
58,4.4508591720931605,1.8650393054369423,0.3529970589404104,0.15003940642016417,18.0,0.18381110665145778,-0.18539148939323497,0.17250538339051688,-0.2431141544840144,0.15819610100396622,-0.2736110208592395,-0.5239371066937688,-1.0,-0.7102928096169617,-1.0,0.001928343261689948,-0.014010685334734846,-0.009287958318412837,-0.015597855655295562,-0.011345324948821955,0.03,-0.03,-0.02387359250814168,0.03786923890120897,-0.12,0.9991001140147018,0.9986078078518716,0.9989637490791305,0.9980384168085245,0.9969157782162457,1.0236802685261428,1.0519351523386795,1.0782042111114205,1.1088813983880472,1.1402960285761203
59,4.433351368220729,1.9480612060184062,0.35232892211054906,0.30904827250508904,18.0,0.18165314819311157,-0.19321212957596906,0.15984521458058665,-0.2212932520612708,0.15155709250622618,-0.1536110208592395,-0.6439371066937688,-1.0,-0.7282424037505566,-1.0,-0.002157958458346204,-0.007820640182734095,-0.012660168809930233,0.02182090242274362,-0.006639008497740045,0.12,-0.12,-0.01869668228910644,-0.01794959413359487,-0.12,0.9990518382120486,0.9986037193766245,0.9989447228347634,0.9983193038080762,0.9968849827240851,1.02367226133784,1.05182641660145,1.078110413143311,1.1084906004199375,1.1402292306080106
60,4.464142801213498,1.9807365105043906,0.3519550780120378,0.15277028137659573,18.0,0.17982639877496376,-0.18041150093205985,0.16836924966372274,-0.20493120593141442,0.16227830296662069,-0.1836110208592395,-0.6139371066937688,-1.0,-0.7707780153917083,-1.0,-0.001826749418147804,0.012800628643909212,0.008524035083136094,0.016362046129856367,0.010721210460394509,-0.03,0.03,-0.02800153558478498,-0.04253561164115169,-0.12,0.9990807715571344,0.9986657858651232,0.9990309120467982,0.9983337091318253,0.9969602270577201,1.0237321624083253,1.0517191973518527,1.0779790711701778,1.1084335084468044,1.1400911386348775
61,4.477898795414383,1.905275598981235,0.3526820967778826,0.31462318761479346,18.0,0.1818236326106655,-0.172574283600286,0.18057246093574728,-0.22855317990372392,0.1686454747944242,-0.3036110208592395,-0.4939371066937688,-1.0,-0.748181636016528,-1.0,0.0019972338357017463,0.007837217331773838,0.012203211272024533,-0.0236219739723095,0.006367171827803525,-0.12,0.12,-0.03432526803147225,0.02259637937518036,-0.12,0.9991290745423571,0.998666254353052,0.9990457066713395,0.9980488074906885,0.9969869817992857,1.0237369513696013,1.0518429994054543,1.0780885470871668,1.1088399843637935,1.1401736145518666
62,4.450573522444426,1.8636033140150536,0.3529918699853705,0.14736624918089006,18.0,0.18359289978640814,-0.18593463085511355,0.17190148103929165,-0.24344405357861976,0.15781118041671946,-0.2736110208592395,-0.5239371066937688,-1.0,-0.7103411492152644,-1.0,0.0017692671757426285,-0.013360347254827543,-0.008670979896455627,-0.014890873674895833,-0.01083429437770475,0.03,-0.03,-0.023885679196224766,0.037840486801263645,-0.12,0.999097441025841,0.9986044668173443,0.9989595419732819,0.9980345042819436,0.9969127211374672,1.0236782984715964,1.051933698060065,1.0782036229041276,1.1088808101807541,1.1402954403688272
63,4.433108934050675,1.9491610379997963,0.3523335154036625,0.3068620117441385,18.0,0.18154291261248492,-0.19270977180652962,0.16035342249610282,-0.22073476504407633,0.1519552145994306,-0.1536110208592395,-0.6439371066937688,-1.0,-0.7282647199390425,-1.0,-0.0020499871739232244,-0.00677514095141607,-0.011548058543188827,0.02270928853454343,-0.005855965817288866,0.12,-0.12,-0.018703631369902537,-0.01792357072377815,-0.12,0.9990537857800413,0.9986067978808271,0.9989486971136758,0.9983234269050224,0.9968883146075445,1.0236746784470514,1.0518276324784577,1.078110733245609,1.1084909205222355,1.1402295507103088
64,4.464228601118917,1.9826515573368795,0.351962217474128,0.15332259463252776,18.0,0.1799143707477383,-0.179637305583075,0.16919358889340125,-0.20433430935013464,0.1628507522604654,-0.1836110208592395,-0.6139371066937688,-1.0,-0.7707501467310941,-1.0,-0.0016285418647466214,0.01307246622345462,0.008840166397298427,0.01640045569394169,0.010895537661034793,-0.03,0.03,-0.027998988195975336,-0.042485426792051584,-0.12,0.999084194203499,0.9986704172270651,0.999036831419651,0.9983395097425151,0.9969648083107352,1.023735259850727,1.0517211738649581,1.0779797596723721,1.1084341969489988,1.140091827137072
65,4.478112008484237,1.9057260839243504,0.3526833666038372,0.3134975227731576,18.0,0.18196745413250703,-0.17242087246960341,0.180737640919599,-0.22854343544425001,0.16873495582462228,-0.3036110208592395,-0.4939371066937688,-1.0,-0.7481595221406468,-1.0,0.0020530833847687384,0.0072164331134715876,0.011544052026197765,-0.02420912609411538,0.005884203564156892,-0.12,0.12,-0.0343170203446259,0.02259062459044725,-0.12,0.9991299214067038,0.998667120949929,0.9990467746005345,0.998049681260829,0.9969876139468954,1.0237372861932401,1.0518433841552717,1.0780887305046665,1.108840167781293,1.140173797969366
66,4.4506544073585586,1.862507426764667,0.3529874021210347,0.14944465279736216,18.0,0.18362139154070165,-0.1864146173997704,0.17139617839264512,-0.24388927894173046,0.1574412630815041,-0.2736110208592395,-0.5239371066937688,-1.0,-0.7103435504491988,-1.0,0.0016539374081946134,-0.013993744930166974,-0.009341462526953892,-0.015345843497480444,-0.011293692743118172,0.03,-0.03,-0.023884923400798272,0.037815971691448014,-0.12,0.9990954396862536,0.9986015638963965,0.99895580673833,0.9980307305831234,0.9969097034174549,1.023676190296348,1.05193248390229,1.0782032410603568,1.1088804283369833,1.1402950585250564
67,4.4330630219156895,1.9480916214758177,0.35232930049926164,0.30695373833067285,18.0,0.1814562056650766,-0.19314890233948104,0.15989639827887442,-0.2210863444962642,0.15163660162959539,-0.1536110208592395,-0.6439371066937688,-1.0,-0.7282904419533903,-1.0,-0.002165185875625053,-0.00673428493971065,-0.011499780113770702,0.022802934445466272,-0.005804661451908721,0.12,-0.12,-0.01870786179998242,-0.01794689150419146,-0.12,0.9990518054314289,0.998604105583824,0.9989452879374906,0.9983201347832161,0.9968857141163276,1.0236729005994256,1.0518264855548773,1.0781103032012107,1.1084904904778374,1.1402291206659105
68,4.464096339036233,1.9827401328073693,0.35196269746551284,0.15515301903609865,18.0,0.17983416248958375,-0.17958929501413592,0.16924415924034328,-0.20420814403932425,0.16290433008478697,-0.1836110208592395,-0.6139371066937688,-1.0,-0.7707681206150506,-1.0,-0.0016220431754928367,0.013559607325345113,0.00934776096146886,0.01687820045693994,0.011267728455191584,-0.03,0.03,-0.028003493616494915,-0.04247767866166027,-0.12,0.9990842945410929,0.9986707730494133,0.9990373077921041,0.9983400943961166,0.9969653173476907,1.023735677861058,1.0517212797728002,1.0779797450301094,1.108434182306736,1.1400918124948092
69,4.478071243816765,1.9066130453140175,0.3526868015771421,0.31428027206357323,18.0,0.1819745096630579,-0.17204980109053988,0.181116796027203,-0.22821141267169875,0.1690156659141313,-0.3036110208592395,-0.4939371066937688,-1.0,-0.7481549308971261,-1.0,0.0021403471734741486,0.007539493923596041,0.011872636786859708,-0.024003268632374508,0.006111335829344339,-0.12,0.12,-0.03431661271419352,0.022613189717924503,-0.12,0.9991314861647095,0.9986693580540493,0.9990496433023561,0.9980525404376844,0.9969898886863288,1.0237388784534798,1.051844318531814,1.0780890332835074,1.1088404705601338,1.1401741007482071
70,4.450739076994573,1.863056327198113,0.3529894314042244,0.15013647282109419,18.0,0.18368920938683772,-0.1862015224422386,0.17163081773659852,-0.24374714459567134,0.15759459085704972,-0.2736110208592395,-0.5239371066937688,-1.0,-0.7103276644231692,-1.0,0.001714699723779819,-0.014151721351698704,-0.009485978290604463,-0.01553573192397259,-0.011421075057081592,0.03,-0.03,-0.023881033540322852,0.03782726647395693,-0.12,0.9990964594801672,0.998602871512361,0.9989574593417894,0.9980322916324905,0.9969109288422638,1.023676993370338,1.0519330491952112,1.078203461365783,1.1088806486424096,1.1402952788304825
71,4.43314455893009,1.9478246917597841,0.3523281650025785,0.307648102456638,18.0,0.1814986646782733,-0.19327480858234394,0.1597700502559052,-0.22123740296059372,0.15153433442082453,-0.1536110208592395,-0.6439371066937688,-1.0,-0.7282811704791413,-1.0,-0.002190544708564409,-0.007073286140105356,-0.011860767480693313,0.02250974163507763,-0.006060256436225181,0.12,-0.12,-0.018705255045590244,-0.01795350605597215,-0.12,0.9990513397780371,0.9986033340370418,0.9989442862894887,0.9983190758155465,0.9968848534509904,1.0236722673605299,1.0518261874145158,1.0781102351620688,1.1084904224386953,1.1402290526267687
72,4.464079491766804,1.9821177397462248,0.3519603649525674,0.15482868634359648,18.0,0.17981223738091873,-0.1798417410954623,0.16897545985616202,-0.20441002099138864,0.16271620076224977,-0.1836110208592395,-0.6139371066937688,-1.0,-0.7707757041276144,-1.0,-0.001686427297354563,0.013433067486881639,0.009205409600256814,0.01682738196920508,0.011181866341425234,-0.03,0.03,-0.02800395979580851,-0.04249453364847314,-0.12,0.999083187365145,0.9986692570726375,0.9990353685243526,0.9983381847272617,0.9969638052814139,1.0237346494536728,1.0517206362781784,1.0779795248264634,1.1084339621030899,1.140091592291163
73,4.478006130983164,1.9063968045337503,0.35268611667836064,0.3145786276748308,18.0,0.18192766307536254,-0.17212902999160393,0.18103326146147686,-0.22824130924832373,0.16896431865115105,-0.3036110208592395,-0.4939371066937688,-1.0,-0.7481624210022371,-1.0,0.002115425694443809,0.007712711103858377,0.012057801605314833,-0.02383128825693509,0.006248117888901283,-0.12,0.12,-0.0343193157597685,0.02261328312537733,-0.12,0.9991310879900374,0.9986688993388095,0.9990490690557746,0.9980520294339963,0.9969895024681599,1.0237386425975292,1.0518441196226,1.078088949905635,1.1088403871822616,1.1401740173703347
74,4.450706164005547,1.8633638929005583,0.3529907029479336,0.14941338476680585,18.0,0.18367452453666835,-0.18606455764267385,0.17177415311170874,-0.24361562903054276,0.15770102670532316,-0.2736110208592395,-0.5239371066937688,-1.0,-0.7103281454256221,-1.0,0.0017468614613058203,-0.013935527651069923,-0.00925910834976812,-0.015374319782219037,-0.011263291945827897,0.03,-0.03,-0.023881585428277882,0.03783427557661498,-0.12,0.9990970198436548,0.9986036981948679,0.9989585255049549,0.9980333776202038,0.9969117991104178,1.0236776056348167,1.0519333936255129,1.078203566315426,1.1088807535920524,1.1402953837801257
75,4.433152434871609,1.948189270615683,0.352329610447985,0.3075627419650297,18.0,0.1815229493848234,-0.19312357845150563,0.15992691497564285,-0.22111231900592648,0.1516449144683664,-0.1536110208592395,-0.6439371066937688,-1.0,-0.7282736310323361,-1.0,-0.002151575151844952,-0.0070590208088317785,-0.01184723813606589,0.02250331002461628,-0.006056112236956762,0.12,-0.12,-0.01870409697688795,-0.01794548560671405,-0.12,0.9990520130149734,0.9986042605689864,0.9989454616265402,0.9983202183682441,0.996885757816232,1.023672889369276,1.051826579877511,1.0781103788199573,1.1084905660965838,1.140229196284657
76,4.4641231996149955,1.9821393454348684,0.35196039869528467,0.15426699081649084,18.0,0.1798396613214025,-0.17983683549211288,0.16898086349883298,-0.20443423699218802,0.16271415035023815,-0.1836110208592395,-0.6139371066937688,-1.0,-0.7707693244072129,-1.0,-0.0016832880634209035,0.01328674295939275,0.009053948523190136,0.016678082013738466,0.011069235881871753,-0.03,0.03,-0.028002471976636953,-0.0424956933748768,-0.12,0.999083244164846,0.9986692648349368,0.9990353716732248,0.9983381508538143,0.9969637636816412,1.0237345981273434,1.0517206540853699,1.0779795472470817,1.1084339845237083,1.1400916147117814
77,4.478024478467443,1.9061293228156342,0.35268506858229004,0.31430338455427625,18.0,0.18192911806301987,-0.17224180804477085,0.18091824554134325,-0.22834556119853625,0.16887831906312412,-0.3036110208592395,-0.4939371066937688,-1.0,-0.7481632990036405,-1.0,0.0020894567416173755,0.007595027447342029,0.01193738204251027,-0.023911324206348228,0.00616416871288597,-0.12,0.12,-0.03431923227593235,0.022606025403572372,-0.12,0.9991306175151993,0.9986682177537722,0.9990481939716642,0.9980511523856526,0.99698880304525,1.0237381502032754,1.051843835572841,1.0780888593549491,1.1088402966315756,1.140173926819649
78,4.450681574847863,1.863162732821563,0.3529899486930324,0.14924956276586707,18.0,0.18365392159304766,-0.18614404598505355,0.1716872319922797,-0.24367184930136934,0.15764318898745686,-0.2736110208592395,-0.5239371066937688,-1.0,-0.7103332094356479,-1.0,0.001724803530027798,-0.013902237940282697,-0.009231013549063555,-0.015326288102833097,-0.01123513007566726,0.03,-0.03,-0.023882791714774934,0.03783008956799261,-0.12,0.9990966471110074,0.9986032116161722,0.9989579087913939,0.9980327887206167,0.99691133540497,1.0236772983873839,1.0519331842724968,1.0782034870972752,1.1088806743739017,1.1402953045619748
79,4.433125601610417,1.9482456251666997,0.35232985865334526,0.3073465314544438,18.0,0.18150735693410275,-0.19309532191614143,0.15995485563179593,-0.22107388724174767,0.1516688397205618,-0.1536110208592395,-0.6439371066937688,-1.0,-0.7282772126130584,-1.0,-0.002146564658944905,-0.00695127593108788,-0.01173237636048377,0.022597962059621668,-0.0059743492668950515,0.12,-0.12,-0.018705026567940278,-0.01794400317741049,-0.12,0.9990521083314533,0.9986044337097887,0.99894568859916,0.9983204663906723,0.996885961334617,1.0236730425944798,1.0518266439964132,1.078110389107042,1.1084905763836685,1.1402292065717416
80,4.464125080305945,1.9823374786261914,0.35196114519242366,0.15441647869945366,18.0,0.1798444779250523,-0.17975614197681805,0.16906674260696977,-0.20436744618815908,0.16277474299466543,-0.1836110208592395,-0.6139371066937688,-1.0,-0.7707674010612722,-1.0,-0.0016628790090504643,0.013339179939323376,0.009111886975173844,0.016706441053588594,0.011105903274103629,-0.03,0.03,-0.028002441245022394,-0.042490188448213756,-0.12,0.9990835952108825,0.9986697511323516,0.9990359943040895,0.9983387669822641,0.9969642527178044,1.0237349325811118,1.0517208593462999,1.0779796161745618,1.1084340534511885,1.1400916836392616
81,4.478043924860886,1.9062203246557234,0.352685373034565,0.3142297299282672,18.0,0.18194404017147273,-0.1722072776269947,0.18095435617031616,-0.22832755734316645,0.16890174327149507,-0.3036110208592395,-0.4939371066937688,-1.0,-0.7481608227244322,-1.0,0.0020995622464204384,0.007548864349823353,0.011887613563346389,-0.023960111155007374,0.006127000276829636,-0.12,0.12,-0.03431837087641666,0.02260657833683996,-0.12,0.9991307833214683,0.9986684200178484,0.9990484489402093,0.9980513872093512,0.9969889834835405,1.0237382656424339,1.0518439223544718,1.0780888934321111,1.1088403307087376,1.1401739608968107
82,4.450694119433566,1.863080153889468,0.3529896010619749,0.14949501678283625,18.0,0.18366029159131975,-0.18618162954162185,0.17164819844786997,-0.24370955968645047,0.15761366495474202,-0.2736110208592395,-0.5239371066937688,-1.0,-0.7103326476585534,-1.0,0.0017162514198470315,-0.013974351914627148,-0.009306157722446196,-0.015382002343284018,-0.011288078316753047,0.03,-0.03,-0.023882517576502435,0.03782817506587874,-0.12,0.9990964971584692,0.9986029853001042,0.9989576160462523,0.9980324873759774,0.9969110932544323,1.0236771264972262,1.0519330905154667,1.0782034597693186,1.1088806470459451,1.1402952772340182
83,4.433125207790065,1.948123949665367,0.3523293743826426,0.3073913828538244,18.0,0.18150079932383598,-0.19314616698842288,0.15990221233108928,-0.22111715959724654,0.15163139617954793,-0.1536110208592395,-0.6439371066937688,-1.0,-0.7282793458169143,-1.0,-0.0021594922674837793,-0.0069645374468010335,-0.011745986116780682,0.022592400089203934,-0.005982268775194088,0.12,-0.12,-0.018705323791511005,-0.017946698158360946,-0.12,0.9990518843857733,0.998604122137589,0.9989452927789929,0.9983200794232792,0.9968856544482128,1.0236728304660168,1.0518265127748778,1.078110342133474,1.1084905294101004,1.1402291595981737
84,4.46411087626999,1.9823145551513446,0.3519610741875914,0.15458483527133507,18.0,0.17983526994461113,-0.1797642238276532,0.16905808410973314,-0.2043650487415356,0.1627705173305502,-0.1836110208592395,-0.6139371066937688,-1.0,-0.7707696047628978,-1.0,-0.0016655293792248523,0.013381943160769683,0.009155871778643854,0.016752110855710933,0.011139121151002268,-0.03,0.03,-0.02800292149770993,-0.04249025894598343,-0.12,0.9990835486503924,0.9986697094266908,0.9990359430906844,0.9983387281996327,0.996964226664088,1.0237349221126906,1.0517208370813889,1.0779796034173952,1.1084340406940218,1.140091670882095
85,4.478036461732335,1.9062988926406284,0.3526856851234402,0.31432408743983253,18.0,0.18194236270299888,-0.17217383742942,0.18098838777241127,-0.22829552767723338,0.16892747842487568,-0.3036110208592395,-0.4939371066937688,-1.0,-0.7481607401723877,-1.0,0.0021070927583877563,0.007590386398233201,0.011930303662678138,-0.023930478935697774,0.0061569610943254804,-0.12,0.12,-0.03431846693685485,0.022608864590510175,-0.12,0.9991309210581719,0.9986686226146255,0.9990487094410815,0.9980516499748058,0.9969891935806839,1.0237384144826935,1.051844006594697,1.078088919768241,1.1088403570448677,1.1401739872329408
86,4.450701000201935,1.863151406973957,0.35298987132460896,0.14952785951940908,18.0,0.18366639389561154,-0.18615307200635156,0.1716792602622013,-0.2436884609021932,0.15763461904364148,-0.2736110208592395,-0.5239371066937688,-1.0,-0.7103310665389269,-1.0,0.001724031192612654,-0.013979234576931565,-0.009309127510209986,-0.015392933224959826,-0.0112928593812342,0.03,-0.03,-0.023882152203256554,0.03782967363346082,-0.12,0.9990966289503815,0.9986031598170546,0.9989578377099029,0.9980327008015172,0.996911261701854,1.023677239033382,1.0519331653071113,1.0782034874142632,1.1088806746908897,1.1402953048789628
87,4.4331338561110645,1.9481156570418638,0.35232933368965097,0.30745720089592765,18.0,0.18150633522901888,-0.19315114323295582,0.15989748161679587,-0.2211260156462189,0.15162672911821487,-0.1536110208592395,-0.6439371066937688,-1.0,-0.7282780237148513,-1.0,-0.0021600586665926754,-0.006998071226604258,-0.011781778645405416,0.02256244525597431,-0.006007889925426613,0.12,-0.12,-0.018705001273371644,-0.017946957175924427,-0.12,0.9990518718231339,0.9986040916414504,0.9989452517819664,0.9983200309527805,0.9968856138152993,1.023672798348389,1.0518265027553708,1.0781103426148548,1.1084905298914816,1.1402291600795547
88,4.464111416127119,1.982252765465304,0.3519608401575354,0.15452325843606607,18.0,0.17983446341530623,-0.17978948817327908,0.16903120124983412,-0.20438669330960285,0.16275139748806283,-0.1836110208592395,-0.6139371066937688,-1.0,-0.7707700449380257,-1.0,-0.0016718718137126304,0.013361655059676736,0.009133719633038245,0.01673932233661604,0.011124668369847962,-0.03,0.03,-0.02800289268243024,-0.04249202122317436,-0.12,0.999083439658224,0.998669556604272,0.9990357472486202,0.9983385334463829,0.9969640717021827,1.0237348155399328,1.0517207729523301,1.077979582307982,1.1084340195846085,1.1400916497726818
89,4.478030819283166,1.9062633317415452,0.35268556218873176,0.3143401380582752,18.0,0.18193770479691557,-0.17218762358161538,0.1809740485258523,-0.2283038917226794,0.16891788102451988,-0.3036110208592395,-0.4939371066937688,-1.0,-0.7481615420785753,-1.0,0.0021032413816093193,0.007601864591663704,0.011942847276018187,-0.023917198413076546,0.006166483536457046,-0.12,0.12,-0.03431873584640953,0.022608502859450375,-0.12,0.9991308567051258,0.9986685413243874,0.9990486065566926,0.9980515533785902,0.996989118697658,1.0237383654103114,1.0518439719335024,1.0780889067011972,1.1088403439778238,1.140173974165897
90,4.450696415570579,1.8631721858224548,0.35298996119190057,0.14944637954744042,18.0,0.18366385548515785,-0.18614330265254608,0.17168929313326678,-0.24367804988093278,0.15764241251325428,-0.2736110208592395,-0.5239371066937688,-1.0,-0.7103313743524124,-1.0,0.0017261506882422645,-0.013955679070930704,-0.009284755392585525,-0.015374158158253382,-0.011275468511265596,0.03,-0.03,-0.02388226967387984,0.03783016772616288,-0.12,0.9990966664879897,0.9986032184369807,0.9989579138651355,0.998032780383604,0.9969113258972085,1.0236772851695686,1.0519331893913675,1.0782034939632128,1.1088806812398393,1.1402953114279124
91,4.433133282945238,1.9481554007224513,0.3523294925032046,0.3074374922275944,18.0,0.18150799373034493,-0.19313441164673997,0.15991476970020396,-0.22111140391187625,0.15163913124371903,-0.1536110208592395,-0.6439371066937688,-1.0,-0.7282774451593454,-1.0,-0.0021558617548129294,-0.00699110899419389,-0.011774523433062817,0.022566645969056526,-0.006003281269535254,0.12,-0.12,-0.018704931802891886,-0.017946070806933,-0.12,0.9990519447579947,0.9986041941650732,0.9989453822103715,0.998320159142209,0.9968857156524794,1.023672869067019,1.0518265457076885,1.0781103576623903,1.1084905449390168,1.14022917512709
92,4.464115933185956,1.9822651062971548,0.3519608818236853,0.1544741497755279,18.0,0.17983748449202566,-0.1797848564921272,0.16903614874029874,-0.2043857185374033,0.16275429565020816,-0.1836110208592395,-0.6139371066937688,-1.0,-0.7707693017208844,-1.0,-0.0016705092383192705,0.01334955515461278,0.009121379040094774,0.016725685374472943,0.01111516440648913,-0.03,0.03,-0.028002740762607573,-0.04249185656153895,-0.12,0.9990834633942524,0.9986695823142141,0.999035779479427,0.9983385615987362,0.9969640925596381,1.0237348274919056,1.0517207852715231,1.0779795881063101,1.1084340253829366,1.1400916555710099
93,4.478033670474044,1.9062409630320585,0.3526854718617221,0.31430854090206367,18.0,0.18193861804684625,-0.17219725244478734,0.18096427420198072,-0.22831350499075848,0.16891038927542606,-0.3036110208592395,-0.4939371066937688,-1.0,-0.7481615039612363,-1.0,0.0021011335548205773,0.007587604047339852,0.011928125461681982,-0.023927786453355165,0.006156093625217907,-0.12,0.12,-0.03431868331953515,0.02260779775964819,-0.12,0.999130817653261,0.9986684828056547,0.9990485311815244,0.9980514767705345,0.9969890572550618,1.0237383215614984,1.0518439476716266,1.078088899295757,1.1088403365723836,1.1401739667604567
94,4.45069457449336,1.8631476250231758,0.35298986714653263,0.14944239961219888,18.0,0.18366209991957094,-0.1861532622185193,0.17167850804443702,-0.2436856651600592,0.1576350542570439,-0.2736110208592395,-0.5239371066937688,-1.0,-0.7103318573407207,-1.0,0.0017234818727247013,-0.013956009773731959,-0.009285766157543701,-0.015372160169300736,-0.011275335018382154,0.03,-0.03,-0.023882377547089897,0.037829646620515606,-0.12,0.9990966211331754,0.9986031576612263,0.9989578365333046,0.9980327054217866,0.9969112666217076,1.0236772453072276,1.0519331634285534,1.0782034845564752,1.1088806718331017,1.1402953020211748
95,4.433130551188951,1.9481548607032375,0.35232949277230624,0.30741794060021616,18.0,0.18150608191520576,-0.19313416179727183,0.15991489568689587,-0.22110973728893463,0.15163963053776233,-0.1536110208592395,-0.6439371066937688,-1.0,-0.7282779164098718,-1.0,-0.0021560180043651727,-0.006980899578752531,-0.011763612357541142,0.022575927871124585,-0.0059954237192815785,0.12,-0.12,-0.01870504097868396,-0.0179460590691512,-0.12,0.999051942914358,0.9986041956963478,0.9989453848650578,0.9983201643778457,0.9968857204946032,1.0236728736823668,1.0518265454636857,1.0781103562949759,1.1084905435716024,1.1402291737596755
96,4.464115395582158,1.9822839568582744,0.35196095363060215,0.15449788524730207,18.0,0.1798374998360228,-0.17977711538956212,0.16904438426027552,-0.20437884534877976,0.16276020293607416,-0.1836110208592395,-0.6139371066937688,-1.0,-0.7707692202584349,-1.0,-0.0016685820791829597,0.01335704640770971,0.00912948857337964,0.01673089194015487,0.011120572398311823,-0.03,0.03,-0.028002762261389855,-0.04249130384856306,-0.12,0.9990834964870385,0.9986696293252072,0.9990358397818134,0.9983386218804081,0.9969641406490736,1.023734860757405,1.0517208048754223,1.0779795944188162,1.1084340316954426,1.140091661883516
97,4.478035253120851,1.9062541871224608,0.3526855186256755,0.31430593256328465,18.0,0.18194004040857875,-0.1721920486555582,0.180969667598284,-0.22831004386699413,0.1689140755582844,-0.3036110208592395,-0.4939371066937688,-1.0,-0.7481612494801432,-1.0,0.002102540572555957,0.007585066734003915,0.011925283338008491,-0.023931198518214375,0.0061538726222102325,-0.12,0.12,-0.034318601188271,0.02260797077829166,-0.12,0.9991308414696193,0.9986685136307886,0.9990485703007947,0.9980515139696166,0.9969890862581758,1.0237383408564988,1.0518439607594672,1.078088904089461,1.1088403413660877,1.1401739715541608
98,4.450696195237894,1.8631429308882712,0.35298984586322085,0.14946888986329904,18.0,0.18366305662464139,-0.18615559714905158,0.17167615497672337,-0.243688395147609,0.1576331442403971,-0.2736110208592395,-0.5239371066937688,-1.0,-0.710331719546463,-1.0,0.0017230162160626443,-0.013963548493493377,-0.00929351262156064,-0.015378351280614877,-0.011280931317887294,0.03,-0.03,-0.023882331123091113,0.037829529933680134,-0.12,0.9990966127324458,0.9986031437322719,0.9989578183068127,0.9980326859037428,0.9969112507811795,1.0236772337022213,1.051933157785824,1.078203483211283,1.1088806704879097,1.1402953006759828
99,4.4331309552057405,1.9481421391503704,0.3523294417433665,0.30742584651297966,18.0,0.18150570319422354,-0.193139555691594,0.15990933293476858,-0.22111456455764003,0.1516356070301724,-0.1536110208592395,-0.6439371066937688,-1.0,-0.728278064244334,-1.0,-0.002157353430417839,-0.006983958542542412,-0.011766822041954783,0.02257383058996898,-0.005997537210224696,0.12,-0.12,-0.018705054490656778,-0.017946344697870903,-0.12,0.9990519196377027,0.9986041626444735,0.9989453427602913,0.9983201227843526,0.9968856873964936,1.023672850597211,1.0518265316880706,1.0781103515722528,1.1084905388488795,1.1402291690369526
100,4.464113987999468,1.9822784737526884,0.3519609344608237,0.15451174477837032,18.0,0.1798365281626591,-0.179779226919775,0.1690421314691107,-0.20437971236870175,0.16275879599724138,-0.1836110208592395,-0.6139371066937688,-1.0,-0.7707694655289714,-1.0,-0.0016691750315644292,0.013360328771819002,0.009132798534342124,0.016734852188938276,0.011123188967068987,-0.03,0.03,-0.028002809321114583,-0.04249140128463741,-0.12,0.9990834861961094,0.9986696172785627,0.9990358245695565,0.9983386079799104,0.9969641300742358,1.0237348542375915,1.0517207993387219,1.077979592047728,1.1084340293243546,1.1400916595124277
101,4.478034209750263,1.906260305487474,0.3526855438674162,0.3143162911858649,18.0,0.1819396323459602,-0.1721893754976376,0.18097237217643092,-0.22830723530211314,0.16891618464153846,-0.3036110208592395,-0.4939371066937688,-1.0,-0.7481612822335737,-1.0,0.0021031041833010932,0.007589851422137389,0.011930240707320211,-0.023927522933411383,0.006157388644297074,-0.12,0.12,-0.03431862467811826,0.022608183295397766,-0.12,0.9991308520924421,0.9986685299409553,0.9990485913563989,0.9980515355761052,0.9969891036544408,1.0237383533845232,1.0518439674969742,1.0780889060815309,1.1088403433581573,1.1401739735462306
102,4.450696655847668,1.8631511974108081,0.35298987778362095,0.14946803318651766,18.0,0.18366354332628532,-0.18615221020938413,0.1716798085197402,-0.2436857292520033,0.15763566145995409,-0.2736110208592395,-0.5239371066937688,-1.0,-0.710331575527293,-1.0,0.0017239109803251222,-0.01396283471174653,-0.009292563656690705,-0.01537849394989016,-0.011280523181584373,0.03,-0.03,-0.02388230021807937,0.037829706706280664,-0.12,0.9990966279762667,0.9986031643745314,0.9989578446128163,0.9980327115526992,0.9969112710957059,1.0236772474403704,1.0519331665791947,1.0782034863409098,1.1088806736175365,1.1402953038056096
103,4.433131799968186,1.948143337892819,0.35232944576972997,0.30743148871890835,18.0,0.18150634772204985,-0.1931392011818532,0.15990974081274265,-0.2211147107723478,0.1516357709516475,-0.1536110208592395,-0.6439371066937688,-1.0,-0.7282779009745372,-1.0,-0.002157195604235479,-0.006986990972469076,-0.011770067706997567,0.022571018479655508,-0.005999890508306571,0.12,-0.12,-0.018705018336346232,-0.017946325447244144,-0.12,0.9990519221058689,0.9986041648165549,0.9989453453011962,0.9983201244551447,0.996885688508933,1.02367285097547,1.0518265328767142,1.0781103523920732,1.1084905396686997,1.1402291698567728
104,4.46411427409098,1.9822728613252683,0.35196091294327353,0.15450300450160215,18.0,0.1798366015256958,-0.17978154297756355,0.16903966800555492,-0.2043818499835869,0.16275701212069982,-0.1836110208592395,-0.6139371066937688,-1.0,-0.7707694719248701,-1.0,-0.0016697461963540404,0.013357658204289663,0.009129927192812276,0.016732860788760878,0.011121241169052304,-0.03,0.03,-0.028002798623177658,-0.04249157095033293,-0.12,0.9990834763969546,0.9986696031507379,0.9990358064280095,0.9983385897393232,0.9969641154814397,1.0237348440790297,1.051720793488683,1.0779795902114115,1.108434027488038,1.1400916576761113
105,4.478033785562683,1.9062555650909738,0.35268552681354187,0.31431629405201683,18.0,0.18193920840319713,-0.17219126228555678,0.18097042198547977,-0.22830857329921359,0.1689148307095074,-0.3036110208592395,-0.4939371066937688,-1.0,-0.7481613613267205,-1.0,0.0021026068775013293,0.007590280692006762,0.011930753979924852,-0.023926723315626675,0.006157818588807595,-0.12,0.12,-0.03431864916353748,0.022608110598149628,-0.12,0.9991308435870523,0.9986685187261214,0.9990485770952178,0.9980515218872469,0.9969890929372734,1.0237383461776997,1.0518439627504512,1.0780889043813549,1.1088403416579815,1.1401739718460546
106,4.450696098166388,1.8631520387848262,0.35298988204658116,0.1494595942142363,18.0,0.18366319682210808,-0.18615173326404366,0.1716802697986563,-0.24368506731078576,0.15763607202689442,-0.2736110208592395,-0.5239371066937688,-1.0,-0.7103316313908907,-1.0,0.0017239884189109323,-0.013960470978486877,-0.00929015218682347,-0.015376494011572178,-0.011278758682612994,0.03,-0.03,-0.02388231761914865,0.03782972993582981,-0.12,0.999096629445749,0.9986031671844446,0.9989578483465051,0.9980327157541686,0.9969112745459864,1.0236772500603488,1.051933167682772,1.0782034865207113,1.108880673797338,1.1402953039854111
107,4.433131602099725,1.948147327097388,0.35232946183444863,0.30742849479276674,18.0,0.18150641739736723,-0.19313749736505822,0.15991149455261042,-0.22111314858667538,0.151637049992077,-0.1536110208592395,-0.6439371066937688,-1.0,-0.7282778666529284,-1.0,-0.002156779424740859,-0.006985764101014563,-0.011768775246045887,0.02257191872411038,-0.0059990220348174195,0.12,-0.12,-0.018705016910556496,-0.01794623526203762,-0.12,0.9990519293828055,0.9986041752569175,0.9989453586193996,0.9983201376792866,0.9968856990495634,1.0236728583593686,1.0518265372053,1.0781103538428178,1.1084905411194446,1.1402291713075177
108,4.464114703100196,1.9822750746946052,0.3519609208344075,0.15449925761476618,18.0,0.179836907676049,-0.17978067813749615,0.16904059009800715,-0.2043813992284081,0.16275760777266277,-0.1836110208592395,-0.6139371066937688,-1.0,-0.7707693926345645,-1.0,-0.001669509721318209,0.013356819227562072,0.009129095545396732,0.016731749358267295,0.011120557780585766,-0.03,0.03,-0.02800278437094432,-0.04249152598163605,-0.12,0.9990834804919198,0.9986696081584822,0.9990358127759706,0.9983385956739814,0.9969641200539748,1.0237348469917984,1.0517207957384371,1.0779795911209487,1.108434028397575,1.1400916585856482
109,4.478034154847089,1.9062539820787545,0.35268552008101756,0.31431296689470734,18.0,0.18193937361991416,-0.1721919687658376,0.18096971052201452,-0.22830936750407463,0.16891426244992377,-0.3036110208592395,-0.4939371066937688,-1.0,-0.7481613444323157,-1.0,0.00210246594386514,0.007588709371658564,0.011929120424007372,-0.02392796827566654,0.006156654677261009,-0.12,0.12,-0.03431863964565522,0.022608048202248737,-0.12,0.999130840860762,0.9986685143915662,0.9990485714820786,0.9980515160510651,0.9969890882137981,1.0237383427348585,1.0518439609690924,1.0780889038785801,1.1088403411552066,1.14017397134328
110,4.450695995170297,1.8631493159484034,0.35298987145092325,0.14946054953836665,18.0,0.18366306842849886,-0.18615285951048702,0.17167905918872695,-0.24368597688162777,0.15763523046422218,-0.2736110208592395,-0.5239371066937688,-1.0,-0.7103316731437256,-1.0,0.0017236948085846894,-0.013960890744649429,-0.009290651333287575,-0.015376609377553141,-0.011279031985701599,0.03,-0.03,-0.023882326142533425,0.03782967128859013,-0.12,0.9990966244313498,0.9986031603281645,0.998957839596709,0.998032707177704,0.9969112677433598,1.02367724543682,1.0519331647696026,1.078203485501058,1.1088806727776848,1.1402953029657579
111,4.433131346723703,1.9481466205617453,0.3523294592464841,0.3074269239484243,18.0,0.1815062047712554,-0.19313774854764632,0.15991122220253964,-0.22111322753606094,0.15163689425571047,-0.1536110208592395,-0.6439371066937688,-1.0,-0.7282779218574813,-1.0,-0.0021568636572434755,-0.0069848890371592975,-0.011767836986187302,0.022572749345566828,-0.005998336208511701,0.12,-0.12,-0.01870502863729591,-0.01794624871375572,-0.12,0.9990519280035773,0.9986041737178168,0.9989453567298922,0.9983201360768243,0.9968856978427137,1.0236728576427492,1.0518265364746586,1.0781103534625833,1.10849054073921,1.140229170927283
112,4.464114576634069,1.9822766988751688,0.3519609271093143,0.154502366775118,18.0,0.17983685943554137,-0.17978000397948535,0.16904130698505224,-0.2043807490075602,0.16275813270233294,-0.1836110208592395,-0.6139371066937688,-1.0,-0.7707693969710885,-1.0,-0.0016693453357140313,0.013357744568160967,0.009130084782512593,0.016732478528500738,0.011121238446622467,-0.03,0.03,-0.028002788955558647,-0.04249147511360721,-0.12,0.9990834833091239,0.9986696122923836,0.9990358180909639,0.9983386010540992,0.9969641243722938,1.0237348500197205,1.051720797436002,1.0779795916374217,1.1084340289140484,1.1400916591021215
113,4.47803426132497,1.9062556321660238,0.3526855261009397,0.31431323414044,18.0,0.18193949646337404,-0.1721913058346392,0.18097039422113123,-0.2283088737607133,0.16891474310093854,-0.3036110208592395,-0.4939371066937688,-1.0,-0.748161320391165,-1.0,0.002102637027832665,0.00758869814484614,0.011929087236078995,-0.02392812475315309,0.0061566103986056,-0.12,0.12,-0.034318632548662645,0.022608076579923447,-0.12,0.9991308438122245,0.998668518342859,0.9990485765148361,0.998051520917984,0.9969890920366004,1.0237383453270024,1.0518439626371356,1.0780889044651585,1.108840341741785,1.1401739719298583
114,4.450696182583778,1.8631492651751853,0.3529898709357567,0.149463182935025,18.0,0.18366319006490484,-0.18615292191984414,0.17167900861021282,-0.24368611617089397,0.15763516642846145,-0.2736110208592395,-0.5239371066937688,-1.0,-0.710331651836452,-1.0,0.0017236936015307834,-0.013961616085204936,-0.009291385610918412,-0.01537724241018068,-0.011279576672477087,0.03,-0.03,-0.0238823198667497,0.03782966855471301,-0.12,0.9990966243635395,0.9986031599782935,0.9989578391027575,0.9980327065195432,0.9969112671834939,1.0236772449679954,1.0519331646499568,1.0782034855254927,1.1088806728021194,1.1402953029901923
115,4.433131430855244,1.9481453962686552,0.3523294542954692,0.30742801213327,18.0,0.18150619952937277,-0.19313827552731364,0.15991068089422858,-0.22111372290910145,0.15163649601086882,-0.1536110208592395,-0.6439371066937688,-1.0,-0.728277928431351,-1.0,-0.002156990535532069,-0.006985353607469491,-0.01176832771598424,0.022572393261792528,-0.005998670417592639,0.12,-0.12,-0.0187050281500636,-0.017946276594898947,-0.12,0.9990519257775625,0.9986041704886716,0.998945352604696,0.9983201319587047,0.9968856945545871,1.0236728553289776,1.0518265351433096,1.0781103530272853,1.1084905403039118,1.140229170491985
116,4.464114449038373,1.9822758570860453,0.351960924069126,0.1545033195924363,18.0,0.17983676499407203,-0.1797803360812858,0.16904095305153008,-0.20438094618577632,0.1627578990849877,-0.1836110208592395,-0.6139371066937688,-1.0,-0.7707694220877132,-1.0,-0.0016694345353007363,0.013357939446027839,0.0091302721573015,0.016732776723325127,0.01112140307411888,-0.03,0.03,-0.02800279316351724,-0.04249149365636215,-0.12,0.9990834817668562,0.99866961035083,0.9990358156237713,0.9983385987144027,0.9969641225556575,1.0237348488401647,1.0517207965766147,1.0779795913036734,1.1084340285803,1.1400916587683732
117,4.478034134136762,1.9062560075960209,0.3526855277780679,0.31431428120399196,18.0,0.18193943349750605,-0.17219113236128833,0.180970567620918,-0.22830865847640522,0.16891488687272727,-0.3036110208592395,-0.4939371066937688,-1.0,-0.7481613277549091,-1.0,0.0021026685034340317,0.007589203719997467,0.01192961456938793,-0.0239277122906289,0.006156987787739571,-0.12,0.12,-0.03431863617757987,0.022608094332804057,-0.12,0.9991308444499581,0.9986685194165434,0.9990485779120071,0.9980515224001588,0.9969890932455547,1.023738346223837,1.0518439630748238,1.0780889045793602,1.108840341855987,1.14017397204406
118,4.450696200557639,1.8631501437747071,0.35298987438034507,0.14946266386236076,18.0,0.183663221497598,-0.18615255516698484,0.17167940150506233,-0.24368581281223517,0.15763544187898068,-0.2736110208592395,-0.5239371066937688,-1.0,-0.710331640143769,-1.0,0.0017237880000919499,-0.01396142280569651,-0.009291166115855676,-0.015377154335829951,-0.011279444993746585,0.03,-0.03,-0.02388231763505684,0.03782968761114,-0.12,0.9990966259795065,0.9986031622085618,0.9989578419527895,0.998032709327141,0.996911269413456,1.0236772464907469,1.0519331655952386,1.078203485851011,1.1088806731276377,1.1402953033157108
119,4.433131506094117,1.9481457218657992,0.3523294555257029,0.3074284289436946,18.0,0.18150626824171717,-0.19313815237969717,0.15991081199478255,-0.22111365762633858,0.15163657812743006,-0.1536110208592395,-0.6439371066937688,-1.0,-0.7282779101711435,-1.0,-0.0021569532558808465,-0.00698559721271233,-0.011768589510279787,0.022572155185896586,-0.0059988637515506205,0.12,-0.12,-0.018705024422981956,-0.01794627002737445,-0.12,0.9990519263999493,0.998604171243256,0.9989453535440427,0.9983201328052898,0.9968856952072146,1.0236728557456238,1.0518265354852783,1.0781103531844916,1.108490540461118,1.1402291706491912
120,4.464114499939814,1.982275403285185,0.3519609222988123,0.15450224421033404,18.0,0.17983678809922157,-0.17978052583758983,0.16904075133132215,-0.20438113912862305,0.16275774931947126,-0.1836110208592395,-0.6139371066937688,-1.0,-0.7707694186705782,-1.0,-0.0016694801424955914,0.013357626542107343,0.009129939336539605,0.016732518497715537,0.011121171192041202,-0.03,0.03,-0.028002791351894332,-0.04249150849943473,-0.12,0.9990834809863425,0.998669609179607,0.9990358141155758,0.9983385971750153,0.9969641213151363,1.02373484796274,1.0517207961006632,1.0779795911646943,1.1084340284413208,1.140091658629394
121,4.478034110190066,1.90625544736886,0.3526855257094413,0.3143141109801336,18.0,0.18193939911802756,-0.17219135926038828,0.18097033405786922,-0.22830883440639033,0.16891472091154364,-0.3036110208592395,-0.4939371066937688,-1.0,-0.7481613348828389,-1.0,0.002102611018806002,0.007589166577201545,0.011929582726547067,-0.02392769527776728,0.006156971592072374,-0.12,0.12,-0.03431863816447857,0.022608083787739375,-0.12,0.9991308434506201,0.9986685180609471,0.9990485761829981,0.9980515207175622,0.9969890919203241,1.0237383453190199,1.051843962503812,1.078088904381761,1.1088403416583876,1.1401739718464607
122,4.450696138916133,1.8631500892682218,0.35298987426817635,0.14946185991565483,18.0,0.18366317989744807,-0.18615256468220343,0.17167938608302993,-0.24368579252601538,0.15763544024487255,-0.2736110208592395,-0.5239371066937688,-1.0,-0.7103316479295552,-1.0,0.001723780779420517,-0.013961205421815143,-0.009290947974839286,-0.015376958119625056,-0.011279280666671082,0.03,-0.03,-0.023882319830554846,0.0378296869532837,-0.12,0.9990966258710414,0.9986031621411763,0.9989578418817272,0.9980327093122391,0.9969112694135404,1.0236772465185908,1.051933165557478,1.0782034858169272,1.1088806730935536,1.1402953032816268
123,4.433131473008828,1.948146088836268,0.3523294570166942,0.3074280458509796,18.0,0.1815062643870875,-0.19313799305208093,0.15991097528337903,-0.2211135037862115,0.15163669941554594,-0.1536110208592395,-0.6439371066937688,-1.0,-0.7282779095315153,-1.0,-0.0021569155103605725,-0.0069854283698775055,-0.011768410799650908,0.02257228873980388,-0.00599874082932661,0.12,-0.12,-0.018705024879866153,-0.017946261601960167,-0.12,0.9990519270647278,0.9986041722195607,0.9989453547932456,0.9983201340596966,0.9968856962106803,1.0236728564551703,1.0518265358853132,1.078110353311628,1.1084905405882548,1.140229170776328
124,4.464114536817774,1.9822757102227406,0.3519609234179311,0.15450202486254433,18.0,0.17983681656914613,-0.17978040388052977,0.16904088126449782,-0.20438106024890426,0.16275783642254266,-0.1836110208592395,-0.6139371066937688,-1.0,-0.7707694108791443,-1.0,-0.0016694478179413782,0.013357589171551165,0.009129905981118791,0.01673244353730724,0.011121137006996712,-0.03,0.03,-0.028002790146413117,-0.042491501347628996,-0.12,0.9990834815445893,0.9986696098975852,0.999035815029536,0.998338598050541,0.9969641219985796,1.0237348484123037,1.0517207964150384,1.0779795912830876,1.108434028559714,1.1400916587477874
125,4.478034152969785,1.906255371943067,0.3526855253375159,0.314313788408497,18.0,0.1819394221119298,-0.17219139668814787,0.18097029719082622,-0.22830888937085825,0.16891468811173085,-0.3036110208592395,-0.4939371066937688,-1.0,-0.7481613319432835,-1.0,0.0021026055427836574,0.007589007192381897,0.011929415926328402,-0.023927829121953986,0.0061568516891881975,-0.12,0.12,-0.03431863683881721,0.02260807893586078,-0.12,0.9991308433263402,0.9986685178253643,0.9990485758736156,0.9980515203771378,0.9969890916388485,1.023738345103905,1.0518439624092597,1.0780889043610082,1.108840341637635,1.140173971825708
126,4.45069613811148,1.8631498114763074,0.3529898731708985,0.14946209142604336,18.0,0.18366317315486597,-0.18615268170744706,0.1716792611376933,-0.2436858915924923,0.15763535190853425,-0.2736110208592395,-0.5239371066937688,-1.0,-0.7103316510574391,-1.0,0.0017237510429361778,-0.013961285019299191,-0.009291036053132917,-0.015377002221634045,-0.0112793362031966,0.03,-0.03,-0.023882320370365875,0.03782968088584435,-0.12,0.9990966253607739,0.9986031614302991,0.9989578409720934,0.9980327084117077,0.9969112686973237,1.0236772460272758,1.0519331652569197,1.0782034857151255,1.1088806729917522,1.1402953031798253
127,4.433131451510438,1.9481459546850712,0.3523294565014013,0.3074279428581006,18.0,0.18150624262896312,-0.1931380454456114,0.15991092001626048,-0.22111353715270282,0.15163666326608807,-0.1536110208592395,-0.6439371066937688,-1.0,-0.7282779154478041,-1.0,-0.0021569305259028396,-0.00698536373816433,-0.011768341121432824,0.02257235443978947,-0.005998688642446182,0.12,-0.12,-0.018705026040087294,-0.017946264390364897,-0.12,0.9990519268112522,0.9986041718985179,0.9989453543908666,0.9983201336866909,0.9968856959201946,1.0236728562641653,1.051826535743239,1.0781103532508902,1.1084905405275167,1.14022917071559
128,4.464114517497116,1.9822758312339224,0.351960923896314,0.154502387928263,18.0,0.1798368068536649,-0.17978035276492518,0.1690409355797599,-0.20438100463789444,0.1627578775032414,-0.1836110208592395,-0.6139371066937688,-1.0,-0.7707694126046215,-1.0,-0.0016694357752981984,0.013357692680686206,0.009130015563499433,0.016732532514808385,0.011121214237153315,-0.03,0.03,-0.028002790825420745,-0.042491497156817465,-0.12,0.9990834817502776,0.998669610215886,0.9990358154402682,0.9983385984743891,0.9969641223419207,1.0237348486578772,1.0517207965425643,1.077979591318182,1.1084340285948087,1.1400916587828818
129,4.478034157212937,1.9062555579536165,0.35268552603188535,0.3143138690790431,18.0,0.18193943130050483,-0.17219132079704744,0.18097037517705838,-0.2283088284363797,0.16891474405804954,-0.3036110208592395,-0.4939371066937688,-1.0,-0.748161329890888,-1.0,0.002102624446839921,0.007589031967877746,0.011929439597298475,-0.023927823798485265,0.006156866554808155,-0.12,0.12,-0.034318636307518594,0.022608082713733463,-0.12,0.9991308436573202,0.9986685182797365,0.9990485764538671,0.9980515209449847,0.9969890920871669,1.0237383454118483,1.0518439626002756,1.078088904426145,1.1088403417027717,1.1401739718908448
130,4.45069615797407,1.8631498513720017,0.35298987329536297,0.14946233097491576,18.0,0.18366318705925852,-0.18615266921935616,0.1716792761612521,-0.24368589012334207,0.15763535955312188,-0.2736110208592395,-0.5239371066937688,-1.0,-0.7103316483047311,-1.0,0.0017237557587536805,-0.013961348422308728,-0.009291099015806298,-0.015377061686962373,-0.011279384504927659,0.03,-0.03,-0.023882319621717565,0.03782968158615699,-0.12,0.9990966254367369,0.9986031615092372,0.9989578410682317,0.9980327084890751,0.9969112687550225,1.0236772460579322,1.051933165293272,1.0782034857342775,1.108880673010904,1.1402953031989773
131,4.43313146386935,1.9481458476353883,0.3523294560640629,0.3074280741992375,18.0,0.1815062456206345,-0.1931380923949516,0.15991087202635362,-0.22111358387314167,0.15163662722486626,-0.1536110208592395,-0.6439371066937688,-1.0,-0.7282779151763946,-1.0,-0.002156941438624013,-0.0069854231755954455,-0.011768404134898464,0.022572306250200402,-0.005998732328255624,0.12,-0.12,-0.018705025799836253,-0.017946266871663535,-0.12,0.9990519266181711,0.9986041716108279,0.998945354022084,0.9983201333138695,0.9968856956213183,1.0236728560516708,1.0518265356262084,1.0781103532149525,1.108490540491579,1.1402291706796521
132,4.4641145072100095,1.9822757228997077,0.3519609234983235,0.15450242911500955,18.0,0.17983679849285114,-0.17978039605440396,0.16904088947066218,-0.2043810344542976,0.16275784621681563,-0.1836110208592395,-0.6139371066937688,-1.0,-0.7707694149679711,-1.0,-0.0016694471277833673,0.013357696340547648,0.009130017444308552,0.016732549418844084,0.011121218991949372,-0.03,0.03,-0.028002791157866927,-0.04249149979157654,-0.12,0.9990834815544042,0.9986696099596342,0.999035815113622,0.99833859815903,0.9969641220947426,1.0237348484936954,1.0517207964313162,1.0779795912773285,1.1084340285539551,1.1400916587420282
133,4.4780341431311275,1.906255567186418,0.3526855260953737,0.31431396617932783,18.0,0.18193942317482467,-0.172191314892848,0.18097038073230495,-0.22830881569433856,0.16891475008338078,-0.3036110208592395,-0.4939371066937688,-1.0,-0.7481613310004217,-1.0,0.0021026246819735397,0.007589081161555961,0.011929491261642777,-0.02392778124004097,0.006156903866565144,-0.12,0.12,-0.03431863677611198,0.022608083967549403,-0.12,0.9991308436705594,0.9986685183187783,0.999048576506466,0.9980515210085533,0.9969890921414364,1.0237383454561182,1.051843962615248,1.0780889044275603,1.108840341704187,1.14017397189226
134,4.450696156631607,1.863149937376489,0.35298987363775064,0.14946223731218738,18.0,0.18366318810413587,-0.18615263264020615,0.17167931507978967,-0.24368585842400295,0.1576353873084701,-0.2736110208592395,-0.5239371066937688,-1.0,-0.7103316475219941,-1.0,0.0017237649293112074,-0.013961317747358148,-0.009291065652515279,-0.015377042729664392,-0.011279362774910678,0.03,-0.03,-0.023882319508682817,0.037829683478427606,-0.12,0.9990966255945,0.9986031617311915,0.9989578413526354,0.9980327087720683,0.9969112689804034,1.0236772462132597,1.0519331653868742,1.0782034857654301,1.1088806730420568,1.1402953032301297
135,4.433131469777994,1.9481458993495022,0.352329456264811,0.3074280966921818,18.0,0.1815062523676857,-0.19313807178338308,0.1599108936447112,-0.221113569391049,0.15163664174005495,-0.1536110208592395,-0.6439371066937688,-1.0,-0.7282779132981012,-1.0,-0.0021569357364501817,-0.006985439143176925,-0.011768421435078474,0.02257228903295394,-0.005998745568415148,0.12,-0.12,-0.018705025446565285,-0.017946265776107112,-0.12,0.9990519267151433,0.9986041717371265,0.9989453541810416,0.9983201334637185,0.9968856957387042,1.0236728561301438,1.0518265356812715,1.0781103532373564,1.108490540513983,1.1402291707020562
136,4.464114514244454,1.9822756927653944,0.35196092337675583,0.15450230918752517,18.0,0.17983680228709018,-0.17978040898244052,0.1690408757422298,-0.20438104991205444,0.16275783554432224,-0.1836110208592395,-0.6139371066937688,-1.0,-0.7707694142233078,-1.0,-0.0016694500805955088,0.013357662800942555,0.009129982097518613,0.016732519478994567,0.011121193804267293,-0.03,0.03,-0.02800279091298931,-0.04249150092520659,-0.12,0.9990834815041291,0.9986696098780572,0.999035815008032,0.9983385980483177,0.9969641220043919,1.023734848428056,1.0517207963993245,1.0779795912693497,1.1084340285459762,1.1400916587340495
137,4.4780341429033,1.9062555067001896,0.3526855258672424,0.31431393244379985,18.0,0.18193942087859097,-0.17219133974309736,0.18097035523727736,-0.22830883629200255,0.16891473162914905,-0.3036110208592395,-0.4939371066937688,-1.0,-0.7481613315701744,-1.0,0.0021026185915008068,0.00758906923934316,0.011929479495047551,-0.023927786379948107,0.006156896084826807,-0.12,0.12,-0.03431863690898369,0.02260808265313341,-0.12,0.9991308435631896,0.9986685181696984,0.9990485763158639,0.9980515208210512,0.9969890919930734,1.0237383453536462,1.0518439625526916,1.078088904406526,1.1088403416831527,1.1401739718712258
138,4.4506961503604225,1.863149917631147,0.3529898735701796,0.14946216792395098,18.0,0.183663183554166,-0.18615263959929307,0.17167930711782114,-0.24368586145076848,0.15763538261618124,-0.2736110208592395,-0.5239371066937688,-1.0,-0.7103316484691842,-1.0,0.001723762675575022,-0.013961299856195708,-0.009291048119456219,-0.015377025158765933,-0.011279349012967815,0.03,-0.03,-0.023882319758242357,0.037829683100990275,-0.12,0.9990966255573871,0.9986031616879493,0.9989578412988357,0.998032708724411,0.9969112689437067,1.0236772461908945,1.0519331653676545,1.0782034857567682,1.1088806730333947,1.1402953032214678
139,4.433131465332384,1.9481459295631973,0.3523294563890936,0.30742805269570117,18.0,0.1815062508630321,-0.1931380583656495,0.15991090731550398,-0.2211135555528082,0.1516366521457225,-0.1536110208592395,-0.6439371066937688,-1.0,-0.7282779135366588,-1.0,-0.0021569326911338913,-0.006985418766356444,-0.01176839980231717,0.022572305897960276,-0.005998730470458735,0.12,-0.12,-0.018705025552202145,-0.017946265067474598,-0.12,0.9990519267693405,0.998604171819346,0.9989453542866739,0.9983201335713822,0.9968856958252349,1.023672856192067,1.051826535714421,1.078110353247093,1.1084905405237198,1.1402291707117929
140,4.464114516981458,1.9822757299884881,0.35196092351437863,0.15450230562528713,18.0,0.17983680466657034,-0.17978039403693247,0.16904089165784192,-0.20438103908988067,0.16275784645294797,-0.1836110208592395,-0.6139371066937688,-1.0,-0.7707694135242762,-1.0,-0.001669446196461753,0.013357664328717045,0.009129984342337943,0.016732516462927532,0.011121194307225468,-0.03,0.03,-0.028002790825953347,-0.042491499987617365,-0.12,0.999083481571091,0.998669609966934,0.9990358151214531,0.9983385981585267,0.9969641220910617,1.0237348484860775,1.051720796437633,1.077979591283114,1.1084340285597405,1.1400916587478136
141,4.478034147444397,1.9062555086099204,0.35268552586523844,0.3143139039765672,18.0,0.18193942367343355,-0.17219133963649663,0.18097035550792137,-0.2283088387243018,0.16891473118133754,-0.3036110208592395,-0.4939371066937688,-1.0,-0.7481613311678982,-1.0,0.0021026190068631993,0.007589054400435835,0.011929463850079453,-0.023927799634421126,0.006156884728389572,-0.12,0.12,-0.03431863674777515,0.022608082356378012,-0.12,0.9991308435675913,0.9986685181691746,0.9990485763143326,0.9980515208157469,0.9969890919876011,1.023738345347687,1.0518439625529248,1.0780889044077668,1.1088403416843935,1.1401739718724664
142,4.450696151297035,1.8631498916000293,0.35298987346565897,0.14946220359871962,18.0,0.18366318358529557,-0.18615265078673918,0.17167929525985096,-0.2436858713878757,0.15763537408002645,-0.2736110208592395,-0.5239371066937688,-1.0,-0.7103316486442386,-1.0,0.0017237599118620152,-0.013961311150242545,-0.009291060248070415,-0.015377032663573903,-0.011279357101311088,0.03,-0.03,-0.023882319774433072,0.03782968252365965,-0.12,0.9990966255097087,0.9986031616201483,0.9989578412118283,0.9980327086373615,0.9969112688742775,1.0236772461428096,1.0519331653391408,1.0782034857474607,1.1088806730240872,1.1402953032121605
143,4.433131463792978,1.9481459105187051,0.35232945631460116,0.3074280490175514,18.0,0.18150624881731448,-0.1931380660670311,0.15991089927036947,-0.2211135613194432,0.1516366466451173,-0.1536110208592395,-0.6439371066937688,-1.0,-0.7282779141206939,-1.0,-0.002156934767981107,-0.006985415280291923,-0.011768395989481484,0.022572310068432494,-0.005998727434909146,0.12,-0.12,-0.01870502565714892,-0.017946265476455225,-0.12,0.9990519267338271,0.9986041717721553,0.9989453542271068,0.9983201335145768,0.9968856957805592,1.0236728561618724,1.0518265356940641,1.0781103532391128,1.1084905405157395,1.1402291707038124
144,4.464114514501567,1.9822757366667825,0.35196092354233116,0.15450234443019728,18.0,0.1798368032561703,-0.17978039108934227,0.16904089478431117,-0.204381034997472,0.16275784900147805,-0.1836110208592395,-0.6139371066937688,-1.0,-0.7707694138197845,-1.0,-0.0016694455611441863,0.013357674977688833,0.009129995513941697,0.016732526321971197,0.011121202356360743,-0.03,0.03,-0.028002790911617267,-0.04249149969909061,-0.12,0.9990834815818411,0.9986696099859712,0.9990358151462245,0.9983385981852021,0.9969641221130947,1.0237348485024829,1.0517207964448205,1.077979591284567,1.1084340285611938,1.1400916587492669
145,4.478034147151566,1.9062555278827094,0.3526855259386699,0.3143139171060102,18.0,0.1819394241856685,-0.1721913316637909,0.18097036367449285,-0.22830883191279258,0.16891473714448224,-0.3036110208592395,-0.4939371066937688,-1.0,-0.7481613310173303,-1.0,0.0021026209294982097,0.007589059425551381,0.011929468890181677,-0.02392779691532057,0.006156888143004191,-0.12,0.12,-0.03431863671809142,0.022608082802454244,-0.12,0.9991308436017211,0.9986685182170977,0.9990485763756728,0.9980515208763955,0.9969890920356929,1.0237383453810787,1.0518439625729976,1.0780889044144224,1.108840341691049,1.1401739718791222
146,4.450696153235697,1.8631499000398164,0.3529898734957853,0.14946222300921566,18.0,0.1836631850441265,-0.18615264764996065,0.17167929877277374,-0.24368586961483849,0.1576353762750749,-0.2736110208592395,-0.5239371066937688,-1.0,-0.7103316483259148,-1.0,0.001723760858457981,-0.013961315986169759,-0.009291064901719104,-0.015377037702045904,-0.01127936086940734,0.03,-0.03,-0.023882319692973483,0.03782968269141551,-0.12,0.9990966255254713,0.9986031616395012,0.9989578412361201,0.998032708659684,0.9969112688916595,1.0236772461538683,1.0519331653476118,1.078203485750993,1.1088806730276195,1.1402953032156926
147,4.433131465344873,1.9481459023497512,0.35232945628068874,0.30742806344460627,18.0,0.18150624946545388,-0.19313806975576395,0.15991089552806598,-0.22111356529917,0.15163664374640828,-0.1536110208592395,-0.6439371066937688,-1.0,-0.7282779139970023,-1.0,-0.0021569355786725994,-0.006985422105803302,-0.011768403244707765,0.02257230431566848,-0.005998732528666617,0.12,-0.12,-0.018705025614763157,-0.017946265671087508,-0.12,0.9990519267192827,0.9986041717495518,0.9989453541979813,0.9983201334845763,0.9968856957563684,1.023672856144418,1.0518265356850582,1.0781103532366287,1.1084905405132552,1.1402291707013286
148,4.464114513822382,1.9822757241733684,0.35196092349587677,0.15450234244669486,18.0,0.17983680260561455,-0.1797803961270477,0.16904088942061454,-0.20438103880313283,0.16275784529248488,-0.1836110208592395,-0.6139371066937688,-1.0,-0.7707694140204792,-1.0,-0.001669446859839317,0.01335767362871626,0.009129993892548566,0.01673252649603718,0.011121201546076598,-0.03,0.03,-0.028002790932666596,-0.042491500023476875,-0.12,0.9990834815594681,0.9986696099558918,0.9990358151077999,0.9983385981476557,0.9969641220834826,1.0237348484825255,1.0517207964319373,1.0779795912800292,1.1084340285566558,1.140091658744729
149,4.478034145716677,1.9062555257159972,0.35268552593339525,0.31431392519078516,18.0,0.18193942324674744,-0.17219133234061457,0.18097036292935725,-0.22830883168059274,0.16891473680768943,-0.3036110208592395,-0.4939371066937688,-1.0,-0.7481613311586672,-1.0,0.0021026206411329045,0.00758906378643312,0.01192947350874271,-0.023927792877459914,0.006156891515204543,-0.12,0.12,-0.034318636772259645,0.022608082861811957,-0.12,0.9991308435975566,0.9986685182134034,0.9990485763712207,0.9980515208732109,0.9969890920335742,1.0237383453803013,1.0518439625713047,1.0780889044134876,1.1088403416901143,1.1401739718781874
150,4.450696152778628,1.8631499077201479,0.3529898735269266,0.14946220998689325,18.0,0.18366318491654912,-0.18615264430964307,0.17167930229813086,-0.2436858665661843,0.1576353788397638,-0.2736110208592395,-0.5239371066937688,-1.0,-0.7103316482953478,-1.0,0.001723761669801673,-0.0139613119690285,-0.009291060631226394,-0.015377034885591556,-0.011279357967925618,0.03,-0.03,-0.023882319694340445,0.037829682863319475,-0.12,0.999096625539514,0.9986031616597174,0.998957841262107,0.9980327086858429,0.9969112689125574,1.0236772461684207,1.051933165356087,1.0782034857536975,1.108880673030324,1.1402953032183973
151,4.4331314657142125,1.9481459091247828,0.3523294563073474,0.30742806346314366,18.0,0.1815062500702498,-0.19313806698496147,0.15991089841359118,-0.22111356312630764,0.15163664574670016,-0.1536110208592395,-0.6439371066937688,-1.0,-0.7282779138193938,-1.0,-0.0021569348462993194,-0.0069854226753184034,-0.011768403884539674,0.02257230343987665,-0.005998733093063646,0.12,-0.12,-0.018705025584471832,-0.01794626552404599,-0.12,0.9990519267318609,0.9986041717665302,0.9989453542194602,0.9983201335052387,0.996885695772667,1.0236728561555224,1.0518265356923222,1.078110353239392,1.1084905405160188,1.140229170704092
152,4.464114514673604,1.9822757230354093,0.3519609234906434,0.1545023301433652,18.0,0.17983680311103448,-0.17978039666771192,0.169040888848773,-0.20438103981078565,0.16275784477289718,-0.1836110208592395,-0.6139371066937688,-1.0,-0.7707694139093932,-1.0,-0.0016694469592153397,0.013357670317249548,0.009129990435181812,0.016732523315521997,0.011121199026197015,-0.03,0.03,-0.02800279090345735,-0.04249150008999952,-0.12,0.9990834815578187,0.9986696099522019,0.9990358151029408,0.9983385981421143,0.9969641220787928,1.023734848478865,1.0517207964306672,1.0779795912799284,1.1084340285565548,1.140091658744628
153,4.478034145926378,1.9062555197006779,0.3526855259102358,0.31431392032230754,18.0,0.1819394231579054,-0.17219133484670351,0.18097036036650915,-0.22830883388699924,0.1689147349196169,-0.3036110208592395,-0.4939371066937688,-1.0,-0.7481613311956345,-1.0,0.002102620046870928,0.007589061821008408,0.011929471517736157,-0.023927794076213593,0.006156890146719718,-0.12,0.12,-0.03431863677742923,0.022608082713758693,-0.12,0.9991308435869306,0.9986685181983094,0.9990485763518785,0.9980515208539887,0.9969890920182991,1.0237383453696394,1.0518439625649942,1.0780889044114252,1.108840341688052,1.140173971876125
154,4.4506961521928154,1.8631499043904722,0.35298987351474104,0.14946220480228867,18.0,0.18366318445829052,-0.18615264558632402,0.17167930088572764,-0.243685867381357,0.15763537792805804,-0.2736110208592395,-0.5239371066937688,-1.0,-0.7103316484000497,-1.0,0.0017237613003851248,-0.013961310739620508,-0.009291059480781516,-0.015377033494357761,-0.011279356991558853,0.03,-0.03,-0.02388231972039255,0.03782968279558485,-0.12,0.9990966255333196,0.9986031616518724,0.9989578412522104,0.9980327086765651,0.9969112689052905,1.023677246163696,1.0519331653526833,1.078203485752345,1.1088806730289718,1.1402953032170449
155,4.433131465186014,1.9481459112023978,0.3523294563160904,0.3074280588280291,18.0,0.18150624981333766,-0.19313806602355177,0.15991089938296008,-0.22111356202324478,0.15163664651647518,-0.1536110208592395,-0.6439371066937688,-1.0,-0.7282779138734355,-1.0,-0.002156934644952879,-0.006985420437227746,-0.011768401502767561,0.02257230535811222,-0.005998731411582858,0.12,-0.12,-0.01870502560052638,-0.017946265473385847,-0.12,0.9990519267355185,0.9986041717724214,0.9989453542270835,0.9983201335132088,0.9968856957791228,1.0236728561602335,1.0518265356946292,1.0781103532399672,1.1084905405165937,1.1402291707046668
156,4.464114514823134,1.9822757271397082,0.3519609235059851,0.15450233177204462,18.0,0.17983680327924123,-0.1797803950061465,0.1690408906175517,-0.20438103850728465,0.16275784600601367,-0.1836110208592395,-0.6139371066937688,-1.0,-0.7707694138538882,-1.0,-0.001669446534096427,0.01335767101740526,0.009129991234591628,0.016732523515960135,0.011121199489538491,-0.03,0.03,-0.028002790899050986,-0.04249149998045265,-0.12,0.9990834815651373,0.99866960996216,0.9990358151156735,0.99833859815462,0.9969641220886815,1.02373484848557,1.0517207964349073,1.0779795912813939,1.1084340285580203,1.1400916587460936
157,4.478034146370327,1.9062555208813976,0.3526855259137965,0.31431391811806453,18.0,0.18193942346662456,-0.1721913344273378,0.1809703608123897,-0.22830883378374373,0.16891473517996186,-0.3036110208592395,-0.4939371066937688,-1.0,-0.748161331147261,-1.0,0.0021026201873833414,0.007589060578808704,0.011929470194838004,-0.02392779527645908,0.006156889173948188,-0.12,0.12,-0.034318636759613705,0.02260808270662723,-0.12,0.9991308435891245,0.9986685182007125,0.9990485763548674,0.9980515208565608,0.9969890920202107,1.0237383453707485,1.0518439625660465,1.0780889044118918,1.1088403416885182,1.1401739718765915
158,4.450696152386831,1.8631499021921014,0.35298987350572114,0.14946220940261293,18.0,0.1836631845362001,-0.1861526465562548,0.17167929986730562,-0.24368586829480932,0.15763537717782405,-0.2736110208592395,-0.5239371066937688,-1.0,-0.7103316484014282,-1.0,0.001723761069575538,-0.013961312128916992,-0.009291060945084084,-0.01537703451106559,-0.011279358002137807,0.03,-0.03,-0.02388231971785408,0.03782968274583293,-0.12,0.9990966255293087,0.9986031616460117,0.9989578412446618,0.9980327086689113,0.9969112688991643,1.023677246159403,1.0519331653502355,1.0782034857515854,1.108880673028212,1.1402953032162852
159,4.4331314651099625,1.9481459088589697,0.3523294563068236,0.3074280591956574,18.0,0.1815062496397985,-0.19313806699095426,0.15991089837806993,-0.22111356281002043,0.15163664581198744,-0.1536110208592395,-0.6439371066937688,-1.0,-0.7282779139261233,-1.0,-0.002156934896401584,-0.006985420434699463,-0.011768401489235691,0.02257230548478889,-0.005998731365836618,0.12,-0.12,-0.01870502560896127,-0.017946265524695193,-0.12,0.9990519267311838,0.9986041717664935,0.9989453542195705,0.9983201335059302,0.9968856957733677,1.0236728561562871,1.0518265356921102,1.0781103532390333,1.10849054051566,1.140229170703733
160,4.464114514537691,1.982275727174394,0.35196092350642966,0.15450233559230725,18.0,0.17983680310335542,-0.1797803949664175,0.1690408906586529,-0.20438103828871088,0.16275784607350563,-0.1836110208592395,-0.6139371066937688,-1.0,-0.77076941389404,-1.0,-0.0016694465364430853,0.013357672024536749,0.009129992280582977,0.01673252452130955,0.011121200261518194,-0.03,0.03,-0.028002790908786893,-0.04249149996791665,-0.12,0.9990834815650772,0.9986696099625425,0.999035815116208,0.9983385981553918,0.9969641220893907,1.0237348484862052,1.0517207964349735,1.0779795912813082,1.1084340285579348,1.140091658746008
161,4.478034146267195,1.906255522718208,0.35268552592094765,0.31431391985935975,18.0,0.18193942347027625,-0.17219133365624298,0.1809703615995772,-0.22830883308342162,0.16891473576538163,-0.3036110208592395,-0.4939371066937688,-1.0,-0.7481613311392866,-1.0,0.00210262036692083,0.007589061310174533,0.01192947094092428,-0.023927794794710744,0.006156889691876,-0.12,0.12,-0.03431863675938952,0.022608082754753317,-0.12,0.9991308435923606,0.9986685182053666,0.9990485763608388,0.9980515208625272,0.9969890920249627,1.0237383453740834,1.0518439625679885,1.0780889044125166,1.108840341689143,1.1401739718772161
162,4.450696152559342,1.8631499034386976,0.3529898735103619,0.14946221069700408,18.0,0.18366318467710227,-0.1861526460680411,0.17167930040301832,-0.243685867959373,0.15763537753110937,-0.2736110208592395,-0.5239371066937688,-1.0,-0.7103316483676893,-1.0,0.0017237612068260197,-0.013961312411798127,-0.00929106119655887,-0.015377034875951379,-0.011279358234272258,0.03,-0.03,-0.023882319709692054,0.0378296827715974,-0.12,0.9990966255316214,0.9986031616490036,0.9989578412484487,0.9980327086725079,0.996911268901992,1.0236772461612664,1.051933165351526,1.078203485752081,1.1088806730287075,1.1402953032167809
163,4.4331314652857365,1.9481459083805666,0.35232945630476237,0.30742806065471406,18.0,0.18150624973629942,-0.19313806722176483,0.15991089814772452,-0.22111356310088473,0.1516366456215348,-0.1536110208592395,-0.6439371066937688,-1.0,-0.7282779139045201,-1.0,-0.002156934940802857,-0.00698542115372372,-0.011768402255293797,0.022572304858488268,-0.005998731909574562,0.12,-0.12,-0.018705025603125244,-0.017946265536830847,-0.12,0.9990519267303585,0.9986041717650792,0.9989453542177277,0.998320133503957,0.9968856957717581,1.0236728561550923,1.0518265356915724,1.0781103532389238,1.1084905405155503,1.1402291707036236
164,4.464114514512671,1.9822757258533972,0.3519609235014663,0.15450233476130845,18.0,0.17983680306350758,-0.1797803955032741,0.16904089008725137,-0.20438103872498042,0.16275784567201879,-0.1836110208592395,-0.6139371066937688,-1.0,-0.7707694139086309,-1.0,-0.0016694466727918422,0.013357671718490727,0.00912999193952685,0.016732524375904306,0.011121200050483976,-0.03,0.03,-0.02800279090941711,-0.0424915000041107,-0.12,0.9990834815627315,0.9986696099593134,0.9990358151120754,0.9983385981513131,0.9969641220861576,1.0237348484840005,1.0517207964336064,1.0779795912808443,1.108434028557471,1.140091658745544
165,4.478034146132922,1.906255522190946,0.35268552591922747,0.31431392042696427,18.0,0.18193942337082883,-0.1721913338530819,0.18097036139292524,-0.22830883317302955,0.1689147356345814,-0.3036110208592395,-0.4939371066937688,-1.0,-0.7481613311554657,-1.0,0.002102620307321251,0.007589061650192186,0.011929471305673872,-0.023927794448049128,0.006156889962562612,-0.12,0.12,-0.03431863676512838,0.022608082753165143,-0.12,0.999130843591395,0.9986685182042196,0.9990485763593975,0.9980515208612203,0.9969890920239657,1.0237383453734583,1.051843962567494,1.0780889044123163,1.1088403416889427,1.140173971877016
166,4.450696152483125,1.8631499040442874,0.3529898735128852,0.14946220911516614,18.0,0.18366318464072315,-0.18615264579587207,0.1716793006869333,-0.2436858676930298,0.15763537774359213,-0.2736110208592395,-0.5239371066937688,-1.0,-0.7103316483699655,-1.0,0.001723761269894314,-0.013961311942790156,-0.00929106070599195,-0.015377034520000249,-0.011279357890989272,0.03,-0.03,-0.023882319711163683,0.03782968278550017,-0.12,0.9990966255327233,0.9986031616506449,0.998957841250568,0.9980327086746763,0.9969112689037316,1.0236772461624952,1.0519331653522082,1.078203485752285,1.1088806730289118,1.140295303216985
167,4.433131465295995,1.9481459091717765,0.3523294563079045,0.30742806041904325,18.0,0.18150624978425817,-0.19313806689245566,0.15991089848903625,-0.22111356282474834,0.15163664586314934,-0.1536110208592395,-0.6439371066937688,-1.0,-0.7282779138893389,-1.0,-0.0021569348564649715,-0.006985421096583594,-0.011768402197897043,0.022572304868281462,-0.005998731880442781,0.12,-0.12,-0.018705025600886563,-0.017946265519373422,-0.12,0.9990519267318172,0.998604171767097,0.9989453542202892,0.9983201335064538,0.9968856957737362,1.0236728561564559,1.0518265356924246,1.0781103532392327,1.1084905405158592,1.1402291707039323
168,4.464114514606366,1.982275725948727,0.35196092350172387,0.15450233360131013,18.0,0.1798368031232095,-0.17978039547276445,0.16904089012010465,-0.20438103876001848,0.16275784568270113,-0.1836110208592395,-0.6139371066937688,-1.0,-0.7707694138945591,-1.0,-0.0016694466610486826,0.013357671419691214,0.009129991631068396,0.01673252406472986,0.011121199819551786,-0.03,0.03,-0.028002790906240485,-0.04249150000522017,-0.12,0.9990834815629398,0.9986696099594508,0.9990358151122368,0.9983385981513939,0.9969641220861903,1.0237348484839741,1.0517207964336954,1.0779795912809094,1.1084340285575358,1.1400916587456091
169,4.478034146176867,1.9062555216435033,0.35268552591706964,0.3143139198219541,18.0,0.18193942337767127,-0.17219133408487403,0.1809703611567555,-0.22830883339073377,0.168914735457101,-0.3036110208592395,-0.4939371066937688,-1.0,-0.7481613311567232,-1.0,0.002102620254461784,0.007589061387890422,0.011929471036650846,-0.023927794630715288,0.006156889774399876,-0.12,0.12,-0.034318636764740076,0.022608082737835877,-0.12,0.9991308435904336,0.9986685182028173,0.9990485763575958,0.9980515208594093,0.9969890920225198,1.0237383453724376,1.0518439625669103,1.0780889044121318,1.1088403416887584,1.1401739718768316
170,4.450696152433862,1.8631499035951018,0.352989873511191,0.1494622088269324,18.0,0.18366318459840086,-0.1861526459746108,0.17167930049199231,-0.24368586782223065,0.15763537761299973,-0.2736110208592395,-0.5239371066937688,-1.0,-0.7103316483806186,-1.0,0.0017237612207295972,-0.01396131188973676,-0.009291060664763179,-0.015377034431496878,-0.011279357844101279,0.03,-0.03,-0.02388231971366757,0.0378296827761046,-0.12,0.9990966255318916,0.9986031616495517,0.9989578412491809,0.9980327086733464,0.9969112689026832,1.0236772461617976,1.0519331653517388,1.0782034857521094,1.108880673028736,1.1402953032168093
171,4.433131465238714,1.948145909261658,0.35232945630831375,0.30742805996942413,18.0,0.18150624974939902,-0.19313806684486667,0.1599108985355085,-0.22111356275358587,0.15163664590484438,-0.1536110208592395,-0.6439371066937688,-1.0,-0.7282779138975011,-1.0,-0.002156934849001834,-0.006985420870255887,-0.01176840195648382,0.02257230506864477,-0.005998731708155347,0.12,-0.12,-0.01870502560294142,-0.017946265516882498,-0.12,0.9990519267319647,0.9986041717673887,0.9989453542206745,0.9983201335068863,0.9968856957740938,1.0236728561567299,1.0518265356925287,1.0781103532392429,1.1084905405158696,1.1402291707039427
172,4.46411451460685,1.982275726365315,0.3519609235032973,0.15450233396170024,18.0,0.17983680313119577,-0.17978039530279816,0.169040890300977,-0.2043810386170753,0.16275784581078798,-0.1836110208592395,-0.6139371066937688,-1.0,-0.7707694138910068,-1.0,-0.0016694466182032505,0.013357671542068517,0.009129991765468498,0.01673252413651058,0.011121199905943596,-0.03,0.03,-0.028002790906293415,-0.042491499993505794,-0.12,0.9990834815636764,0.9986696099604768,0.9990358151135511,0.9983385981526974,0.9969641220872262,1.0237348484846844,1.0517207964341273,1.077979591281053,1.1084340285576797,1.1400916587457528
173,4.478034146216451,1.9062555218569701,0.35268552591779595,0.31431391968841615,18.0,0.18193942340905986,-0.1721913340029721,0.18097036124216198,-0.22830883334440732,0.16891473551341546,-0.3036110208592395,-0.4939371066937688,-1.0,-0.7481613311514254,-1.0,0.002102620277864105,0.007589061299826061,0.011929470941184989,-0.02392779472733203,0.006156889702627483,-0.12,0.12,-0.034318636762927054,0.02260808273958151,-0.12,0.9991308435908212,0.9986685182032987,0.9990485763582039,0.9980515208599751,0.9969890920229566,1.0237383453727207,1.051843962567116,1.078088904412211,1.1088403416888375,1.1401739718769106
174,4.450696152462311,1.8631499034368044,0.3529898735105175,0.14946220935821128,18.0,0.18366318461349604,-0.1861526460476188,0.17167930041651763,-0.24368586789736021,0.15763537755528098,-0.2736110208592395,-0.5239371066937688,-1.0,-0.7103316483790287,-1.0,0.0017237612044361942,-0.013961312044646706,-0.009291060825644348,-0.01537703455295289,-0.011279357958134478,0.03,-0.03,-0.023882319712993663,0.037829682772396594,-0.12,0.9990966255316048,0.9986031616491127,0.998957841248612,0.9980327086727572,0.996911268902209,1.0236772461614592,1.0519331653515576,1.0782034857520582,1.1088806730286849,1.1402953032167578
175,4.433131465240035,1.9481459090002966,0.35232945630727125,0.3074280600813546,18.0,0.1815062497368054,-0.1931380669544683,0.1599108984221419,-0.2211135628480097,0.15163664582388317,-0.1536110208592395,-0.6439371066937688,-1.0,-0.7282779139017191,-1.0,-0.002156934876690622,-0.006985420906849504,-0.011768401994375732,0.02257230504935051,-0.005998731731397811,0.12,-0.12,-0.018705025603496142,-0.017946265522690408,-0.12,0.9990519267314844,0.9986041717667171,0.9989453542198208,0.9983201335060495,0.9968856957734297,1.0236728561562698,1.0518265356922465,1.078110353239143,1.1084905405157695,1.1402291707038426
176,4.4641145145767185,1.9822757263011217,0.35196092350308766,0.1545023343052168,18.0,0.17983680311137729,-0.1797803953262961,0.16904089027584734,-0.2043810386173429,0.1627578457970335,-0.1836110208592395,-0.6139371066937688,-1.0,-0.770769413895813,-1.0,-0.0016694466254281199,0.013357671628172196,0.009129991853705444,0.016732524230666818,0.011121199973150336,-0.03,0.03,-0.028002790907311184,-0.04249149999409382,-0.12,0.9990834815635501,0.99866960996035,0.9990358151133933,0.9983385981525664,0.9969641220871321,1.0237348484846356,1.0517207964340638,1.0779795912810206,1.1084340285576473,1.1400916587457204
177,4.478034146199146,1.9062555220155906,0.3526855259184308,0.31431391989349344,18.0,0.1819394234043324,-0.17219133393512728,0.18097036131113028,-0.22830883327821988,0.16891473556587897,-0.3036110208592395,-0.4939371066937688,-1.0,-0.7481613311514489,-1.0,0.0021026202929550924,0.007589061391168828,0.01192947103528294,-0.023927794660876994,0.006156889768845458,-0.12,0.12,-0.03431863676319925,0.022608082744364127,-0.12,0.9991308435910987,0.9986685182037104,0.9990485763587336,0.9980515208605111,0.9969890920233857,1.0237383453730258,1.051843962567287,1.078088904412264,1.1088403416888903,1.1401739718769637
178,4.45069615247584,1.8631499035938306,0.3529898735111157,0.149462209407965,18.0,0.1836631846258723,-0.18615264598432799,0.17167930048521102,-0.24368586784980872,0.15763537760187604,-0.2736110208592395,-0.5239371066937688,-1.0,-0.7103316483757356,-1.0,0.0017237612215399078,-0.013961312049200703,-0.009291060825919267,-0.015377034571588843,-0.011279357964002923,0.03,-0.03,-0.023882319712243874,0.03782968277571333,-0.12,0.999096625531895,0.9986031616494991,0.9989578412491034,0.9980327086732318,0.996911268902584,1.0236772461617105,1.0519331653517228,1.0782034857521188,1.1088806730287453,1.1402953032168184
179,4.433131465258326,1.9481459089924937,0.35232945630722395,0.3074280602167394,18.0,0.18150624974901636,-0.19313806696091906,0.15991089841635328,-0.221113562863255,0.15163664581701705,-0.1536110208592395,-0.6439371066937688,-1.0,-0.7282779138987575,-1.0,-0.0021569348768559387,-0.006985420976591078,-0.011768402068857736,0.022572304986553715,-0.0059987317848589905,0.12,-0.12,-0.01870502560279237,-0.01794626552302192,-0.12,0.9990519267314757,0.9986041717666776,0.9989453542197658,0.998320133505978,0.9968856957733684,1.023672856156219,1.0518265356922358,1.0781103532391476,1.1084905405157741,1.1402291707038474
180,4.464114514578991,1.9822757261724975,0.3519609235025994,0.1545023341617817,18.0,0.17983680311040962,-0.17978039537899124,0.16904089021978094,-0.20438103866323115,0.16275784575700375,-0.1836110208592395,-0.6139371066937688,-1.0,-0.7707694138965664,-1.0,-0.001669446638606729,0.013357671581927827,0.009129991803427662,0.016732524200023857,0.011121199939986698,-0.03,0.03,-0.028002790907211042,-0.04249149999780891,-0.12,0.9990834815633237,0.9986696099600307,0.999035815112984,0.9983385981521583,0.9969641220868071,1.0237348484844113,1.0517207964339303,1.077979591280977,1.1084340285576038,1.1400916587456769
181,4.478034146187827,1.9062555219342456,0.3526855259181461,0.3143139199198539,18.0,0.18193942339463215,-0.1721913339669003,0.18097036127814112,-0.22830883329843338,0.16891473554356373,-0.3036110208592395,-0.4939371066937688,-1.0,-0.7481613311531483,-1.0,0.002102620284222537,0.007589061412090925,0.011929471058360175,-0.023927794635202226,0.0061568897865599825,-0.12,0.12,-0.03431863676375928,0.022608082743418106,-0.12,0.9991308435909518,0.9986685182035225,0.9990485763584955,0.9980515208602861,0.9969890920232108,1.0237383453729103,1.0518439625672071,1.0780889044122342,1.1088403416888606,1.140173971876934
182,4.450696152465612,1.8631499036320156,0.3529898735112838,0.1494622092333211,18.0,0.1836631846200266,-0.1861526459659807,0.17167930050391508,-0.24368586782951152,0.15763537761665847,-0.2736110208592395,-0.5239371066937688,-1.0,-0.7103316483765115,-1.0,0.0017237612253944387,-0.013961311999080378,-0.009291060774226034,-0.015377034531078138,-0.011279357926905265,0.03,-0.03,-0.023882319712520236,0.03782968277663676,-0.12,0.9990966255319638,0.9986031616496089,0.9989578412492465,0.9980327086733828,0.9969112689027061,1.023677246161799,1.0519331653517678,1.0782034857521303,1.1088806730287568,1.14029530321683
183,4.4331314652564275,1.948145909077066,0.3523294563075628,0.30742806016987856,18.0,0.18150624975207694,-0.19313806692519775,0.15991089845323042,-0.2211135628316996,0.1516366458435732,-0.1536110208592395,-0.6439371066937688,-1.0,-0.7282779138976415,-1.0,-0.0021569348679496515,-0.006985420959217059,-0.011768402050684662,0.022572304997811904,-0.00599873177308527,0.12,-0.12,-0.018705025602670275,-0.017946265521130017,-0.12,0.9990519267316307,0.9986041717668964,0.9989453542200445,0.9983201335062526,0.9968856957735865,1.0236728561563708,1.0518265356923273,1.0781103532391794,1.108490540515806,1.1402291707038792
184,4.464114514588486,1.9822757262034818,0.35196092350270575,0.1545023340630131,18.0,0.17983680311685282,-0.17978039536719712,0.16904089023237082,-0.20438103865944673,0.16275784576464766,-0.1836110208592395,-0.6139371066937688,-1.0,-0.7707694138949621,-1.0,-0.0016694466352241027,0.013357671558000633,0.009129991779140395,0.016732524172252877,0.011121199921074465,-0.03,0.03,-0.02800279090689249,-0.0424914999973206,-0.12,0.9990834815633826,0.9986696099600971,0.9990358151130676,0.9983385981522332,0.9969641220868635,1.023734848484445,1.0517207964339614,1.077979591280991,1.1084340285576175,1.1400916587456906
185,4.478034146194297,1.906255521889857,0.35268552591796515,0.3143139198518635,18.0,0.18193942339693234,-0.1721913339861296,0.18097036125864904,-0.228308833318062,0.16891473552851227,-0.3036110208592395,-0.4939371066937688,-1.0,-0.7481613311530038,-1.0,0.002102620280079506,0.007589061381067519,0.011929471026278227,-0.023927794658615276,0.006156889763864609,-0.12,0.12,-0.034318636763627716,0.022608082741958302,-0.12,0.9991308435908746,0.9986685182034055,0.9990485763583447,0.9980515208601322,0.9969890920230872,1.0237383453728215,1.0518439625671587,1.0780889044122195,1.1088403416888462,1.1401739718769193
186,4.450696152462092,1.8631499035785053,0.3529898735110782,0.1494622092314171,18.0,0.1836631846165228,-0.18615264598778694,0.17167930048034497,-0.2436858678464198,0.15763537760050184,-0.2736110208592395,-0.5239371066937688,-1.0,-0.7103316483775068,-1.0,0.0017237612195904622,-0.013961312001657344,-0.009291060778304078,-0.015377034528357786,-0.011279357928010436,0.03,-0.03,-0.023882319712738062,0.037829682775496865,-0.12,0.999096625531865,0.9986031616494759,0.9989578412490772,0.9980327086732181,0.9969112689025758,1.0236772461617112,1.051933165351711,1.07820348575211,1.1088806730287364,1.1402953032168097
187,4.433131465250707,1.948145909072756,0.3523294563075506,0.30742806013017304,18.0,0.18150624974790844,-0.193138066926005,0.1599108984521174,-0.2211135628293465,0.15163664584363803,-0.1536110208592395,-0.6439371066937688,-1.0,-0.7282779138986828,-1.0,-0.0021569348686143876,-0.006985420938218051,-0.01176840202822757,0.022572305017073302,-0.005998731756863801,0.12,-0.12,-0.018705025602905642,-0.017946265521175897,-0.12,0.9990519267316209,0.9986041717668915,0.9989453542200397,0.9983201335062534,0.9968856957735887,1.0236728561563748,1.0518265356923235,1.0781103532391754,1.1084905405158019,1.140229170703875
188,4.46411451458699,1.9822757262422952,0.35196092350285385,0.15450233411704117,18.0,0.17983680311664435,-0.17978039535122328,0.16904089024936328,-0.20438103864501356,0.16275784577688815,-0.1836110208592395,-0.6139371066937688,-1.0,-0.7707694138948492,-1.0,-0.0016694466312640961,0.01335767157478171,0.009129991797245884,0.016732524184332936,0.011121199933250114,-0.03,0.03,-0.02800279090695089,-0.04249149999616644,-0.12,0.9990834815634505,0.9986696099601944,0.9990358151131924,0.9983385981523583,0.9969641220869633,1.0237348484845143,1.0517207964340018,1.0779795912810037,1.1084340285576304,1.1400916587457035
189,4.478034146197412,1.9062555219195605,0.35268552591807106,0.31431391984887663,18.0,0.18193942339986244,-0.172191333974375,0.18097036127081537,-0.22830883330998789,0.1689147355368925,-0.3036110208592395,-0.4939371066937688,-1.0,-0.7481613311524697,-1.0,0.002102620283218097,0.007589061376848283,0.011929471021452087,-0.023927794664974328,0.006156889760004364,-0.12,0.12,-0.03431863676345616,0.022608082742379437,-0.12,0.999130843590928,0.9986685182034752,0.9990485763584332,0.9980515208602168,0.9969890920231532,1.0237383453728657,1.0518439625671883,1.0780889044122304,1.1088403416888568,1.14017397187693
190,4.45069615246566,1.8631499035705537,0.3529898735110409,0.1494622092876623,18.0,0.1836631846186827,-0.1861526459919221,0.17167930047623736,-0.243685867851576,0.1576353775970563,-0.2736110208592395,-0.5239371066937688,-1.0,-0.7103316483771772,-1.0,0.001723761218820271,-0.013961312017547106,-0.009291060794578004,-0.01537703454158812,-0.011279357939836226,0.03,-0.03,-0.023882319712632813,0.037829682775292556,-0.12,0.9990966255318509,0.9986031616494514,0.9989578412490447,0.9980327086731829,0.9969112689025471,1.0236772461616899,1.0519331653517012,1.078203485752108,1.1088806730287344,1.1402953032168075
191,4.433131465251777,1.9481459090459403,0.35232945630744267,0.30742806014842383,18.0,0.1815062497472614,-0.19313806693741276,0.15991089844036302,-0.22111356283967099,0.15163664583510364,-0.1536110208592395,-0.6439371066937688,-1.0,-0.7282779138989571,-1.0,-0.0021569348714212985,-0.00698542094549065,-0.011768402035874342,0.02257230501190502,-0.005998731761952647,0.12,-0.12,-0.018705025602926903,-0.01794626552177994,-0.12,0.999051926731572,0.9986041717668216,0.9989453542199506,0.9983201335061652,0.9968856957735184,1.0236728561563258,1.0518265356922945,1.0781103532391654,1.1084905405157919,1.1402291707038652
192,4.464114514584062,1.9822757262292163,0.3519609235028079,0.1545023341444091,18.0,0.17983680311459171,-0.17978039535629878,0.16904089024395016,-0.2043810386473923,0.16275784577344654,-0.1836110208592395,-0.6139371066937688,-1.0,-0.7707694138953738,-1.0,-0.001669446632669675,0.013357671581113978,0.009129991803587145,0.01673252419227869,0.011121199938342902,-0.03,0.03,-0.028002790907047395,-0.042491499996416715,-0.12,0.9990834815634262,0.9986696099601652,0.9990358151131554,0.9983385981523242,0.9969641220869371,1.023734848484498,1.0517207964339885,1.0779795912809984,1.108434028557625,1.140091658745698
193,4.478034146195082,1.9062555219314232,0.3526855259181208,0.31431391987095475,18.0,0.1819394233988875,-0.17219133396914643,0.18097036127609517,-0.2283088333043344,0.16891473554105124,-0.3036110208592395,-0.4939371066937688,-1.0,-0.748161331152559,-1.0,0.002102620284295783,0.007589061387152346,0.011929471032145006,-0.023927794656942114,0.006156889767604701,-0.12,0.12,-0.03431863676351417,0.022608082742814783,-0.12,0.9991308435909485,0.9986685182035072,0.9990485763584745,0.9980515208602595,0.9969890920231876,1.0237383453728908,1.0518439625672014,1.0780889044122342,1.1088403416888606,1.140173971876934
194,4.450696152466504,1.8631499035883812,0.3529898735111097,0.14946220928374024,18.0,0.18366318461963393,-0.1861526459845852,0.17167930048413857,-0.24368586784572988,0.1576353776025231,-0.2736110208592395,-0.5239371066937688,-1.0,-0.7103316483768842,-1.0,0.0017237612207464453,-0.013961312015438765,-0.009291060791956601,-0.015377034541395468,-0.011279357938528134,0.03,-0.03,-0.02388231971257125,0.03782968277567472,-0.12,0.9990966255318837,0.9986031616494961,0.9989578412491018,0.9980327086732387,0.9969112689025912,1.0236772461617196,1.05193316535172,1.0782034857521146,1.1088806730287413,1.1402953032168142
195,4.4331314652535285,1.9481459090494861,0.3523294563074553,0.30742806015970536,18.0,0.18150624974865237,-0.19313806693623406,0.15991089844166792,-0.2211135628395946,0.1516366458357707,-0.1536110208592395,-0.6439371066937688,-1.0,-0.7282779138986009,-1.0,-0.0021569348709815626,-0.006985420951648863,-0.01176840204247065,0.022572305006135274,-0.005998731766752419,0.12,-0.12,-0.018705025602848882,-0.01794626552171663,-0.12,0.999051926731579,0.9986041717668288,0.9989453542199593,0.998320133506172,0.9968856957735234,1.0236728561563284,1.051826535692298,1.0781103532391676,1.108490540515794,1.1402291707038672
196,4.464114514584779,1.9822757262178043,0.3519609235027637,0.15450233412485048,18.0,0.17983680311482414,-0.17978039536102006,0.16904089023892888,-0.20438103865183616,0.16275784576979258,-0.1836110208592395,-0.6139371066937688,-1.0,-0.7707694138953678,-1.0,-0.0016694466338282418,0.013357671575214003,0.009129991797260956,0.016732524187758446,0.011121199934021886,-0.03,0.03,-0.02800279090702225,-0.04249149999676688,-0.12,0.9990834815634063,0.9986696099601363,0.9990358151131183,0.9983385981522868,0.9969641220869072,1.023734848484477,1.0517207964339765,1.0779795912809946,1.108434028557621,1.1400916587456944
197,4.47803414619427,1.9062555219209272,0.35268552591808305,0.31431391987013435,18.0,0.18193942339802502,-0.17219133397334313,0.1809703612717621,-0.22830883330738325,0.1689147355380245,-0.3036110208592395,-0.4939371066937688,-1.0,-0.7481613311527235,-1.0,0.0021026202832008767,0.007589061387676926,0.011929471032833233,-0.02392779465554709,0.006156889768231921,-0.12,0.12,-0.03431863676356338,0.022608082742644198,-0.12,0.9991308435909296,0.9986685182034822,0.9990485763584428,0.9980515208602289,0.9969890920231637,1.0237383453728746,1.051843962567191,1.0780889044122304,1.108840341688857,1.1401739718769301
198,4.450696152465289,1.863149903589498,0.35298987351111616,0.14946220926599202,18.0,0.18366318461886358,-0.1861526459838484,0.171679300484821,-0.24368586784454505,0.15763537760318913,-0.2736110208592395,-0.5239371066937688,-1.0,-0.7103316483770137,-1.0,0.0017237612208385598,-0.013961312010505267,-0.009291060786941113,-0.015377034537161799,-0.011279357934835366,0.03,-0.03,-0.023882319712609887,0.037829682775709916,-0.12,0.9990966255318856,0.9986031616495004,0.9989578412491076,0.9980327086732455,0.9969112689025968,1.023677246161724,1.0519331653517219,1.0782034857521146,1.1088806730287413,1.1402953032168144
199,4.433131465253044,1.9481459090578124,0.3523294563074891,0.3074280601529342,18.0,0.18150624974874807,-0.1931380669326652,0.15991089844533793,-0.2211135628362848,0.15163664583845796,-0.1536110208592395,-0.6439371066937688,-1.0,-0.7282779138985411,-1.0,-0.002156934870115501,-0.006985420948816795,-0.011768402039483067,0.02257230500826024,-0.005998731764731174,0.12,-0.12,-0.01870502560284694,-0.017946265521527505,-0.12,0.9990519267315942,0.9986041717668507,0.9989453542199872,0.9983201335061997,0.9968856957735456,1.023672856156344,1.051826535692307,1.0781103532391705,1.1084905405157972,1.1402291707038703
200,4.464114514585661,1.9822757262229247,0.35196092350278213,0.15450233411763706,18.0,0.17983680311546466,-0.17978039535900947,0.16904089024107213,-0.20438103865071397,0.16275784577119246,-0.1836110208592395,-0.6139371066937688,-1.0,-0.7707694138951995,-1.0,-0.001669446633283427,0.013357671573655722,0.009129991795734205,0.016732524185570835,0.011121199932734499,-0.03,0.03,-0.02800279090699094,-0.04249149999665833,-0.12,0.9990834815634158,0.998669609960148,0.9990358151131332,0.9983385981523007,0.996964122086918,1.023734848484484,1.0517207964339819,1.0779795912809966,1.1084340285576233,1.1400916587456964
