step,J,D,stress,movement,active_directed_pairs,x_0,x_1,x_2,x_3,x_4,x_5,x_6,x_7,x_8,x_9,v_0,v_1,v_2,v_3,v_4,v_5,v_6,v_7,v_8,v_9,y_0,y_1,y_2,y_3,y_4,y_5,y_6,y_7,y_8,y_9
1,0.6,0.036,0.39235599999999976,0.6,10.0,0.0,0.0,0.0,0.0,0.0,-0.12,-0.12,-0.12,-0.12,-0.12,0.0,0.0,0.0,0.0,0.0,-0.12,-0.12,-0.12,-0.12,-0.12,0.999805,0.999805,0.999805,0.999508,0.999184,1.0288329999999999,1.058455,1.08805,1.118347,1.148671
2,1.387400715226802,0.17274131498408546,0.3852498960803688,0.7874007152268021,10.0,0.0,-0.010714285714285714,-0.016666666666666666,-0.04001976284584979,0.12,-0.24,-0.24,-0.24,-0.24,-0.24,0.0,-0.010714285714285714,-0.016666666666666666,-0.04001976284584979,0.12,-0.12,-0.12,-0.12,-0.12,-0.12,0.9995789122200264,0.9994978722002635,0.9997678722002635,0.9991738722002635,0.9985427472002635,1.0278707472002635,1.0571957872200264,1.0861157872200264,1.1167097872200262,1.1473577872200262
3,2.10772977926221,0.4237761365976032,0.3781850226935,0.7256980295172546,10.0,-0.003440742270168235,-0.02757097087568784,-0.0154494399149618,-0.03855250685663117,0.22271611934476077,-0.36,-0.36,-0.36,-0.36,-0.36,-0.003440742270168235,-0.016856685161402124,0.0012172267517048668,0.0014672559892186243,0.10271611934476077,-0.12,-0.12,-0.12,-0.12,-0.12,0.9993776955235258,0.9992996266971411,0.9998007379656668,0.9989143829677316,0.9979858072468608,1.0269606162387077,1.0559046850650924,1.0841885737965666,1.1150795737965666,1.1460515737965666
4,2.655464805561181,0.6763346956121821,0.37045058042971607,0.6583909033160934,10.0,0.009567520336499543,-0.010739036793997233,-0.013620795504708455,-0.036635887090716905,0.1914061213642261,-0.47349544447103276,-0.48,-0.48,-0.48,-0.48,0.013008262606667778,0.016831934081690605,0.0018286444102533442,0.001916619765914264,-0.03130999798053466,-0.11349544447103277,-0.12,-0.12,-0.12,-0.12,0.999229713583622,0.9991555259122632,0.9995861896853327,0.9984013723078127,0.9971222862907633,1.0257428037226717,1.0543049913940303,1.0822543276209609,1.1134262288460266,1.1447222288460266
5,3.0709466825833482,0.8497071866095574,0.3635805535954007,0.665648640051556,10.0,0.020627602286806608,-0.012357466687978921,-0.03688853653881534,-0.06125489274918285,0.10282729537849891,-0.4369908889420655,-0.6,-0.6,-0.6,-0.6,0.011060081950307065,-0.0016184298939816884,-0.023267741034106885,-0.024619005658465948,-0.0885788259857272,0.036504555528967225,-0.12,-0.12,-0.12,-0.12,0.9990172907421656,0.9988932495843486,0.9991246109989501,0.9980152112857313,0.9964146742957649,1.0247260736615347,1.052960114819352,1.0807037534047503,1.1117853058548819,1.1434053058548819
6,3.4792921972046384,1.1226317743384155,0.3579607148295159,0.689882311816968,10.0,-0.014844572573882407,-0.035126920718579965,-0.06420149428871896,-0.06544182161392494,0.10268649906746663,-0.3169908889420655,-0.72,-0.72,-0.72,-0.72,-0.035472174860689015,-0.022769454030601047,-0.027312957749903617,-0.004186928864742083,-0.00014079631103228185,0.12,-0.12,-0.12,-0.12,-0.12,0.9987396327617489,0.9986071130729807,0.9988381576958825,0.9980736454187257,0.9961849703188573,1.024194533008577,1.0520590526973452,1.0793980080744434,1.1101825605245752,1.142126560524575
7,3.814557387669954,1.5723526078340178,0.35351318598496945,0.6493992834678349,10.0,-0.028373783079738223,-0.03791653259641198,-0.05468247793797235,-0.0378937914634121,0.15541384875004752,-0.1969908889420655,-0.7832860649003067,-0.84,-0.84,-0.84,-0.013529210505855815,-0.002789611877832013,0.00951901635074661,0.027548030150512832,0.05272734968258089,0.12,-0.06328606490030678,-0.12,-0.12,-0.12,0.9986408894826398,0.9985641545549264,0.998913835714614,0.99846458787164,0.9964094340352485,1.024050862495537,1.0514815974232503,1.0782969162635627,1.1087844687136943,1.1408993410889252
8,4.049734037882002,2.0289397777578855,0.3496123636885567,0.6629116155543683,10.0,0.012904299128255886,0.007418577508900542,-0.01914904304393853,-0.01256399446212949,0.1941351049960996,-0.2269908889420655,-0.6965721298006136,-0.96,-0.96,-0.96,0.04127808220799411,0.04533511010531252,0.03553343489403382,0.025329797001282614,0.03872125624605208,-0.03,0.08671393509969322,-0.12,-0.12,-0.12,0.9987603536173408,0.9987349115285551,0.9991717155147963,0.9985924922608416,0.9967000632508034,1.0239265315282824,1.0509279736170682,1.0772511696308271,1.1078129720809586,1.1396937168314203
9,4.22609801951445,2.1393006116080606,0.3483297357938551,0.4664471970284205,10.0,0.05352312112437778,0.02916922501841922,0.003532719341461335,-0.030175778684978297,0.18824254034205137,-0.3448825052025485,-0.5765721298006136,-1.0,-1.0,-1.0,0.04061882199612189,0.02175064750951868,0.022681762385399866,-0.017611784222848807,-0.005892564654048221,-0.117891616260483,0.12,-0.0981480059482773,-0.05330397785679719,-0.10453259470533072,0.9988608530211622,0.9987997470693252,0.9992232927850948,0.9982974523712006,0.9966947660913349,1.0237634071965203,1.0506745131483572,1.0768759674325878,1.1077295516329642,1.1392862963834256
10,4.160745547910565,1.980032602004424,0.34830607922176987,0.2606816113400502,10.0,0.02514693292168882,-0.0045915975276791775,-0.023355268272131295,-0.06989348275325058,0.1516029000996629,-0.3127741214630315,-0.6065721298006136,-1.0,-0.9668091150725076,-1.0,-0.02837618820268896,-0.0337608225460984,-0.02688798761359263,-0.03971770406827228,-0.03663964024238847,0.032108383739516994,-0.03,-0.026094985062625295,0.03319088492749245,-0.028233834228945875,0.9986987815459524,0.998557247243377,0.9988983537686013,0.998090289458536,0.9964597764741804,1.0235768159570702,1.0506729015471672,1.076956795021943,1.107730910972564,1.1393686557230256
11,4.05530550320826,1.7767053867106468,0.35024240715912264,0.4786155300001874,10.0,-0.03535275271341934,-0.04930496045693965,-0.0685401334016483,-0.07177864535877612,0.1328933913739595,-0.19277412146303152,-0.666023729071832,-0.9918286542961456,-0.8468091150725076,-1.0,-0.06049968563510816,-0.04471336292926047,-0.04518486512951701,-0.0018851626055255422,-0.0187095087257034,0.12,-0.059451599271218486,0.008171345703854319,0.12,-0.12,0.9984941325709192,0.9983487808140676,0.998647790944659,0.9982184012102012,0.9964977924544269,1.0237200658807337,1.0511979689251068,1.0775239587945153,1.1080010747451365,1.1397993388136303
12,3.854013403334986,1.6558760101965058,0.35321020048279156,0.32144360635193414,10.0,-0.04010627102069099,-0.037267110170814015,-0.06373796085456244,-0.04784805458256666,0.15821562630601796,-0.22277412146303152,-0.5754753283430505,-0.9817798155217441,-0.7268091150725076,-1.0,-0.004753518307271651,0.012037850286125633,0.004802172547085856,0.02393059077620946,0.025322234932058457,-0.03,0.09054840072878151,0.010048838774401533,0.12,-0.12,0.9985935682110312,0.9984966759005014,0.99885266105969,0.9983554385749469,0.9968603508869397,1.0241033732560767,1.051910816854128,1.0781798316949396,1.1087311976455605,1.1402849810320868
13,3.6382475530517513,1.7455919376176674,0.3551121219963605,0.3276089834949681,10.0,0.02202377207382125,0.006159777862890403,-0.012697067725949494,-0.04075006917602751,0.18304483130235166,-0.17139774247060688,-0.5654517020699505,-0.9846886271945656,-0.652033963175588,-1.0,0.06213004309451224,0.04342688803370442,0.05104089312861295,0.007097985406539151,0.024829204996333704,0.05137637899242464,0.010023626273099953,-0.0029088116728214902,0.07477515189691955,-0.12,0.9989150079954298,0.9988324891053483,0.9992443399757787,0.9987903984708643,0.9972539772251413,1.024396617712504,1.0524252296185823,1.078638378748152,1.1090625881607667,1.1405893077563556
14,3.8350010435844455,1.85676249114435,0.3536366866922365,0.2993783880841416,10.0,0.057355159112870445,0.03615098614821608,0.010498377809295141,-0.017177091906376382,0.19004162322009163,-0.27002136347818223,-0.5504092982898274,-0.9988619912017013,-0.7044851524178849,-1.0,0.03533138703904919,0.029991208285325678,0.023195445535244635,0.02357297726965113,0.0069967919177399696,-0.09862362100757535,0.015042403780123073,-0.014173364007135605,-0.05245118924229686,-0.12,0.9990283606652431,0.9989935770541327,0.9994211707063779,0.998675438366967,0.997132395458401,1.0241918270540793,1.0520074824350734,1.0782048887828282,1.1088731916574366,1.140359296762819
15,3.8999091363176044,1.8665924728921885,0.3513958380519722,0.37356620873378954,10.0,0.027828986987455326,0.010688903373837072,-0.010182477803804768,-0.04786196433604824,0.1525755769212904,-0.2186449844857576,-0.6704092982898274,-1.0,-0.7617169441195839,-1.0,-0.02952617212541512,-0.02546208277437901,-0.02068085561309991,-0.030684872429671856,-0.03746604629880124,0.05137637899242464,-0.12,-0.04151053341245976,-0.05723179170169901,-0.12,0.9988396079673701,0.9987426874895896,0.9990859825376626,0.9985072670686272,0.9966803269404308,1.0237736554004777,1.0514711675042816,1.0777528724562087,1.1082940187928108,1.1401041238981935
16,4.072653658663259,1.7093914505730523,0.3501332368233819,0.3576646940762485,10.0,-0.02559272358319853,-0.03960311072762088,-0.06422471602095603,-0.06495474286284914,0.1286333814172857,-0.3172686054933329,-0.6404092982898274,-1.0,-0.7919670802681884,-1.0,-0.053421710570653855,-0.05029201410145795,-0.054042238217151255,-0.017092778526800904,-0.0239421955040047,-0.09862362100757535,0.03,-0.04996166576417156,-0.0302501361486045,-0.12,0.9985248394329287,0.9983933060786314,0.9986827311868203,0.9979320415650615,0.996265311359075,1.0234559158479128,1.0510927528993652,1.0774283277911765,1.1082135675897724,1.139942672695155
17,4.01785678703796,1.6179054891810734,0.3514529731333687,0.2055249995314729,10.0,-0.045270198590410204,-0.056682318510173094,-0.0740988856322296,-0.09368795441489883,0.12553805881364968,-0.26589222650090827,-0.6059546501160604,-1.0,-0.7507324944596303,-1.0,-0.019677475007211676,-0.017079207782552216,-0.009874169611273569,-0.028733211552049685,-0.0030953226036360137,0.05137637899242464,0.034454648173767005,-0.045395024087977034,0.0412345858085581,-0.12,0.9984773444680337,0.9982876263603436,0.9985700869926742,0.9979731185001816,0.9964263155965217,1.0236346935906597,1.051459604340802,1.0778021437084715,1.108460226969061,1.1400963045243744
18,3.759907638829259,1.7552163935618998,0.35351873621491553,0.3412138903867825,10.0,-0.005854292111901069,-0.025362585434695217,-0.044438720868522595,-0.05440026072730544,0.16717042990269013,-0.14589222650090827,-0.5998362335590526,-1.0,-0.7169528897241835,-1.0,0.039415906478509136,0.031319733075477876,0.02966016476370701,0.03928769368759339,0.04163237108904044,0.12,0.006118416557007844,-0.011269520732279839,0.033779604735446805,-0.12,0.9987165044006375,0.9986063438726647,0.9989824773399457,0.9986292973737071,0.9970496856151573,1.0242046753127205,1.0520564342380623,1.0783053007707812,1.108666384031371,1.1402859418619804
19,3.676166895899144,1.8779376386533075,0.35530351316457304,0.42573173171611167,10.0,0.04066985437262306,0.038995728387650974,0.01072049995176276,0.003000884923036899,0.2095944945355796,-0.17589222650090827,-0.4798362335590526,-0.9953196218193111,-0.7221373518492188,-1.0,0.04652414648452413,0.06435831382234619,0.055159220820285355,0.057401145650342336,0.042424064632889474,-0.03,0.12,0.004680378180688935,-0.005184462125035344,-0.12,0.9990602139462884,0.9990662907382576,0.9995378783509626,0.9990476407869698,0.9976906646841499,1.0247600578904152,1.052479248440121,1.078632660827416,1.1090679940880057,1.140363551918615
20,3.683033257085083,1.9359875418958585,0.35563971208756345,0.17976879980990834,10.0,0.06690881646530386,0.04665990389744214,0.027039877484060705,-0.00841468718246493,0.20813039429387856,-0.1049778993410442,-0.5098362335590526,-1.0,-0.7110654448618362,-1.0,0.026238962092680805,0.007664175509791163,0.016319377532297945,-0.011415572105501828,-0.001464100241701044,0.07091432715986407,-0.03,-0.009957304795693026,0.011071906987382557,-0.12,0.9991555444073559,0.9991385046658113,0.9996067980529726,0.9992566508498754,0.9978066036706275,1.0248329318911562,1.0526101154813858,1.0787668220942246,1.1090266423950936,1.1404032002257032
21,3.799206941592416,1.8404271960096037,0.3526728839874787,0.4272628543492635,10.0,0.016981483525710155,0.005403659160828238,-0.019417912657054198,-0.03550000284621759,0.1708092645331815,-0.18406357218118014,-0.6298362335590526,-1.0,-0.7371948131291916,-1.0,-0.049927332939593706,-0.0412562447366139,-0.0464577901411149,-0.027085315663752663,-0.03732112976069707,-0.07908567284013593,-0.12,-0.016722980777849797,-0.026129368267355374,-0.12,0.998833221081986,0.9987613335762224,0.9991456544214221,0.998667172077514,0.9969581034837263,1.024068055726509,1.0518177795709156,1.078058458725716,1.1085140160668643,1.1402145738974738
22,4.033897449616633,1.6150006899609033,0.35075401176543713,0.47371969659241797,10.0,-0.039254782103001394,-0.0484353139402068,-0.07201661952761249,-0.09297375539194372,0.10367981293561976,-0.30406357218118013,-0.5998362335590526,-1.0,-0.7736373599780167,-1.0,-0.05623626562871155,-0.05383897310103504,-0.05259870687055829,-0.05747375254572613,-0.06712945159756173,-0.12,0.03,-0.05214261749194614,-0.03644254684882517,-0.12,0.9984829822182558,0.9982947103635871,0.9985279899426922,0.9978284265573829,0.9962851543462292,1.0234897842613788,1.051241098432117,1.0776328188530118,1.10838537619416,1.1400049340247695
23,4.140828588378696,1.6074776462174436,0.3501332165263676,0.20338548437604784,10.0,-0.048427374473438305,-0.06900240135584831,-0.08839864285680112,-0.11685465666805767,0.10465169867249063,-0.27406357218118016,-0.6840200549998561,-1.0,-0.7554101871710243,-1.0,-0.00917259237043691,-0.020567087415641512,-0.01638202332918863,-0.02388090127611394,0.0009718857368708755,0.03,-0.08418382144080355,-0.05229043500727561,0.018227172806992514,-0.12,0.9983847110127617,0.9981480803330088,0.9983835466550219,0.9977706162694127,0.9960324409030485,1.0232665584601908,1.0511236470503549,1.0775131807283418,1.1081914880694903,1.1400383422179898
24,3.973058646319963,1.7167587244213016,0.35115199584246987,0.3446486295184772,10.0,-0.012913960993681826,-0.02480463386481902,-0.04571977426415057,-0.055776469635393684,0.14504698297827043,-0.322107631605272,-0.6182038764406597,-1.0,-0.7484853165377154,-1.0,0.03551341347975648,0.04419776749102929,0.04267886859265055,0.06107818703266398,0.040395284305779794,-0.04804405942409182,0.06581617855919644,-0.03593767107190053,0.006924870633308822,-0.12,0.9986334828183825,0.9985205354673709,0.9988468911790719,0.9980671086381904,0.9964370254701377,1.0235943210638132,1.051349539667731,1.07764818395603,1.108445400344253,1.1401145508106427
25,3.875314970696908,1.9181143908611042,0.3527261471512218,0.3861653369010622,10.0,0.0493189940993373,0.03150562993327803,0.010752556622365392,-0.016108456369681286,0.18962079607232946,-0.22015169102936383,-0.6262637133306237,-1.0,-0.731593133239929,-1.0,0.06223295509301913,0.05631026379809705,0.05647233088651596,0.0396680132657124,0.04457381309405903,0.10195594057590818,-0.008059836889963978,-0.020136939290120212,0.01689218329778641,-0.12,0.9989899208274456,0.9989573012032971,0.9993839479944597,0.998772491917128,0.9970319585239904,1.02408760392207,1.051815705176513,1.0780140583853504,1.1085589338206479,1.1402498458466406
26,3.7541913400662197,1.919285413633489,0.3546537213761836,0.2231968071067447,10.0,0.0602356300388718,0.041121786146010954,0.01689637228739367,0.005509944304696403,0.2052413603412582,-0.18409992853032858,-0.5062637133306237,-1.0,-0.7348226050870363,-1.0,0.0109166359395345,0.009616156212732922,0.006143815665028279,0.02161840067437769,0.015620564268928744,0.03605176249903523,0.12,-0.0037646021835816418,-0.003229471847107368,-0.12,0.999088964886817,0.999100122524034,0.9995619155848018,0.9990249501611368,0.9975932713219642,1.024637857851847,1.0523120090086056,1.078475215947838,1.1089308632709503,1.140297775296943
27,3.5959393608586736,1.8228024338410562,0.35520937418296566,0.31505482823028,10.0,0.01203465538346811,0.0027926047984538627,-0.016435661983038613,-0.03196576252832835,0.19507687456700482,-0.09521738670486944,-0.5362637133306237,-0.9944271622034034,-0.7117255393594832,-1.0,-0.04820097465540369,-0.03832918134755709,-0.033332034270432284,-0.03747570683302475,-0.010164485774253385,0.08888254182545914,-0.03,0.005572837796596522,0.023097065727553157,-0.12,0.9988972879777444,0.9988325573086245,0.9992714802764002,0.999019570459538,0.9975672600809877,1.0246881448231122,1.0525109400432497,1.078697017075474,1.1089326801075685,1.1403805921335612
28,3.7800151156505404,1.7015053394123831,0.35367408460753086,0.28645836068383973,10.0,-0.02822140137714417,-0.034608554131004686,-0.05631582904153648,-0.05920584120859444,0.1587128318029405,-0.1563348448794103,-0.5582595823956615,-1.0,-0.7283562308142486,-1.0,-0.04025605676061228,-0.03740115892945855,-0.03988016705849787,-0.02724007868026609,-0.036364042764064325,-0.061117458174540853,-0.021995869065037824,-0.012312030285154082,-0.016630691454765423,-0.12,0.9986454335259553,0.9985255416975078,0.9988826455690645,0.998533815719847,0.997081023320135,1.0242573918124098,1.0520829615137923,1.0783508576422358,1.1087377863833123,1.1402450872557806
29,3.984104681692723,1.669194144424965,0.3511675579221874,0.2778252634599736,10.0,-0.025872189006951256,-0.03313349468269251,-0.05861199651436956,-0.08602036523833295,0.12566925491255007,-0.2763348448794103,-0.6271296761829221,-1.0,-0.7513328602754945,-1.0,0.0023492123701929143,0.001475059448312173,-0.00229616747283308,-0.026814524029738506,-0.03304357689039042,-0.12,-0.06887009378726061,-0.037358921681495696,-0.022976629461245957,-0.12,0.9985709493530225,0.9983967581134149,0.9986795139369681,0.9980305126510509,0.9963894477794824,1.0235699493732082,1.051377442102948,1.0777196862793947,1.1084036150204712,1.1400968651461652
30,3.902073090927298,1.71827323980997,0.3512127773739911,0.1286980542242123,10.0,0.006343809481907922,-0.019393952664596394,-0.042841811212234175,-0.08309076996175657,0.11204484652137245,-0.2463348448794103,-0.6237007736830401,-1.0,-0.7683222825229801,-1.0,0.03221599848885918,0.013739542018096119,0.015770185302135385,0.0029295952765763765,-0.013624408391177623,0.03,0.003428902499882064,-0.059142217501307784,-0.01698942224748551,-0.12,0.9986754433496945,0.9985071845405219,0.998759285445195,0.998141042561318,0.9964875959478204,1.0236397112080025,1.0513877548272277,1.0777606539225546,1.1083703326636312,1.1400543247525752
31,3.804128307070633,1.7631534827674984,0.3528728730681497,0.3317934969216256,10.0,0.013340443180658405,0.0025624937253124307,-0.022495807899912186,-0.037740010545130986,0.16642697621027638,-0.2993179442989235,-0.5084173899330049,-1.0,-0.7538272412774137,-1.0,0.006996633698750483,0.021956446389908825,0.02034600331232199,0.045350759416625586,0.054382129688903935,-0.05298309941951321,0.11528338375003516,-0.03254016854278384,0.014495041245566331,-0.12,0.9988139414685612,0.9987375179472073,0.9991119786436804,0.9983531571332467,0.9969763942528101,1.02409188670703,1.05179375441836,1.078044293721887,1.1087851056340268,1.1401578325868458
32,3.714378241126436,1.8220332179690617,0.35411143081408075,0.24824751825331465,10.0,0.02338652842609212,0.00749377006725015,-0.0018424225293569574,-0.026384360415643238,0.1959817245274994,-0.2023010437184367,-0.5431340061829697,-1.0,-0.7138543852591881,-1.0,0.010046085245433715,0.0049312763419377195,0.02065338537055523,0.011355650129487749,0.029554748317223017,0.09701690058048679,-0.03471661624996483,-0.013352380378177639,0.03997285601822559,-0.12,0.9989191459715183,0.9988657176416766,0.9993066765218634,0.9987744096252851,0.9972961451207352,1.024374461481288,1.0521792484975632,1.0783632896173765,1.1088639847005797,1.1403304465172734
33,3.7281458453149225,1.9154928600566503,0.35338492147767436,0.2713533706902201,10.0,0.021344328208450163,0.006813063670845493,-0.014987674371669993,-0.01981276926088048,0.18413193140956016,-0.09465245135431842,-0.6631340061829697,-1.0,-0.7232696208562283,-1.0,-0.0020422002176419592,-0.000680706396404657,-0.013145251842313035,0.006571591154762756,-0.011849793117939239,0.10764859236411829,-0.12,-0.004933072170189776,-0.009415235597040161,-0.12,0.998877425121485,0.9988373042637317,0.9992516011094033,0.9989885214492199,0.9971873290572443,1.0242893068711132,1.0520511284231695,1.0782618315774979,1.1084960963946,1.1402865582112938
34,3.762200632660458,1.8458782616053877,0.3525762019886745,0.19560043847721076,10.0,0.0025185655493187784,0.0017205149381730742,-0.033602347290374916,-0.03405288703502739,0.1572774172355262,-0.13700385899020012,-0.6331340061829697,-1.0,-0.7628910354388677,-1.0,-0.018825762659131384,-0.005092548732672419,-0.018614672918704923,-0.01424011777414691,-0.02685451417403395,-0.0423514076358817,0.03,-0.023693604111970287,-0.03962141458263943,-0.12,0.9987766133841303,0.9987076562878843,0.9990615304766642,0.9987190458621719,0.9970068742344502,1.024142358459573,1.0518082087941865,1.0780793346054065,1.1084184191564073,1.1401278809731012
35,3.802823848821628,1.6865909204355423,0.3530215245162432,0.3396659256067718,10.0,-0.004551041708828174,-0.01874792298637385,-0.043740801156699344,-0.07076003935747219,0.1478993060216781,-0.2570038589902001,-0.5131340061829697,-1.0,-0.7469868724174071,-1.0,-0.007069607258146952,-0.020468437924546924,-0.010138453866324428,-0.03670715232244479,-0.0093781112138481,-0.12,0.12,-0.03450266749899687,0.015904163021460554,-0.12,0.998707875119124,0.998564586039425,0.9988973594779738,0.99826741883328,0.9969114849952895,1.0240652184373715,1.0518554988689557,1.0781477254304068,1.1087838099814076,1.1401692717981016
36,3.80021676489803,1.6603710141803907,0.35334443945786004,0.12513046706478512,10.0,-0.009055972833878361,-0.030467980131912167,-0.04353499798896541,-0.08516248992649872,0.14853355875265614,-0.22700385899020012,-0.5431340061829697,-1.0,-0.713323900090949,-1.0,-0.004504931125050187,-0.011720057145538315,0.0002058031677339353,-0.014402450569026531,0.0006342527309780299,0.03,-0.03,-0.025079905813159595,0.03366297232645807,-0.12,0.9986889692808861,0.9985165152387849,0.9988507157459784,0.9983011067583034,0.9968826320103171,1.0240359950066973,1.0519614787635119,1.0782522782563184,1.1088141128073192,1.1402805746240132
37,3.774399591658016,1.8219392310883804,0.352717043740898,0.3190761370964727,10.0,-0.0023384004981606143,-0.013720041997721942,-0.034144748954425264,-0.04546505225883506,0.15836167395341014,-0.12711040099406898,-0.6631340061829697,-1.0,-0.7301252668184248,-1.0,0.006717572335717747,0.016747938134190225,0.009390249034540145,0.039697437667663656,0.009828115200753995,0.09989345799613114,-0.12,-0.019774737295426156,-0.01680136672747576,-0.12,0.9987441142040633,0.9986520474732392,0.9990083612396343,0.9986969198378465,0.996928067087299,1.0240645276354168,1.051856699775763,1.0781253860093678,1.1084399842518282,1.1402304460685222
38,3.818721717546559,1.9025625853178467,0.3523239609412146,0.24164113363317619,10.0,0.019841755338304838,0.019884369420886665,-0.013180936730059885,-0.013827803106766158,0.17203740853286698,-0.17721694299793783,-0.6331340061829697,-1.0,-0.7695984952367669,-1.0,0.022180155836465452,0.03360441141860861,0.02096381222436538,0.031637249152068905,0.013675734579456839,-0.050106542003868854,0.03,-0.03091727341398391,-0.03947322841834214,-0.12,0.9988700621679559,0.9988420608666647,0.9992291450358637,0.998763746732237,0.9970229670337051,1.0241216927198191,1.0517254587611147,1.0779633745919157,1.1084019865258354,1.1401114483425296
39,3.8273644202066124,1.8016555155949503,0.35298194276014533,0.3116367462779961,10.0,0.03557312142453749,0.0173138204896037,-0.006640546617404253,-0.03823616148955829,0.17091990484110445,-0.2972169429979378,-0.5131340061829697,-1.0,-0.7483299161634968,-1.0,0.01573136608623265,-0.0025705489312829663,0.0065403901126556314,-0.02440835838279213,-0.001117503691762528,-0.12,0.12,-0.03712616328376721,0.02126857907327015,-0.12,0.9989069142827974,0.998829486055781,0.9992140558416736,0.9984304201938304,0.9970176891098653,1.0241046420937767,1.0518248310848781,1.0780652612989856,1.1088008732329055,1.1401863350495993
40,3.810455235093766,1.6844351924755714,0.3530991850541981,0.24536403063654702,10.0,0.0062174668585662715,-0.019367922929011357,-0.033122185268434245,-0.07661402267136712,0.15311513398976578,-0.26721694299793786,-0.5431340061829697,-1.0,-0.7116675541957135,-1.0,-0.029355654565971216,-0.036681743418615055,-0.026481638651029992,-0.03837786118180883,-0.017804770851338664,0.03,-0.03,-0.023968683472079436,0.0366623619677833,-0.12,0.9987447200878737,0.9985895766919642,0.9989340857434412,0.9982643302292623,0.9968283728911814,1.0239629928246645,1.0518763834248577,1.0781568743733807,1.1088182363073007,1.1402846981239945
41,3.884234665823268,1.7287227996798156,0.3523176716265107,0.3675994720465179,10.0,-0.031114047225055966,-0.043602451563077294,-0.06083629196346284,-0.06680156826230232,0.1422350345988889,-0.14721694299793786,-0.6631340061829697,-1.0,-0.729294323029573,-1.0,-0.03733151408362224,-0.024234528634065933,-0.027714106695028596,0.009812454409064787,-0.01088009939087689,0.12,-0.12,-0.017841006369380533,-0.01762676883385947,-0.12,0.9985812025865511,0.99844592941082,0.9987659582386674,0.9984436002685014,0.9967218123130193,1.0239063176385534,1.0517443136967415,1.078049284868894,1.1084136468028138,1.1402041086195078
42,3.8543740174258545,1.8030020463161258,0.35206251768842783,0.20403345280289592,10.0,-0.01861178672086309,-0.01484210150568745,-0.046221030269049224,-0.03573238991814413,0.15775795790085897,-0.17721694299793786,-0.6331340061829697,-1.0,-0.7708578019303443,-1.0,0.012502260504192876,0.028760350057389843,0.01461526169441361,0.03106917834415819,0.015522923301970082,-0.03,0.03,-0.026506159258421216,-0.04156347890077133,-0.12,0.9986765911916343,0.9986042331020502,0.998959188507327,0.9985457024854802,0.9968596169786578,1.024017814833142,1.0516619708466457,1.0779320154413687,1.1083706273752887,1.1400800891919827
43,3.8272057893571043,1.8043418203685297,0.3530118670003602,0.40390885029675616,10.0,0.03356487676392961,0.017670250593800497,-0.00709615721640381,-0.036334242315385235,0.1742912892598906,-0.2972169429979379,-0.5131340061829697,-1.0,-0.747898024026787,-1.0,0.0521766634847927,0.03251235209948795,0.03912487305264541,-0.0006018523972411011,0.016533331359031622,-0.12,0.12,-0.03249791605753359,0.022959777903557355,-0.12,0.9989050363874575,0.9988314595467689,0.9992236149476037,0.9984426904300524,0.9970293979686732,1.0241171710516628,1.051834869116667,1.0780677137158323,1.108803325649752,1.140188787466446
44,3.801639711391142,1.7780805328350233,0.35336183798006565,0.14051013060112888,10.0,0.04258839219574494,0.012712797991158844,-0.003198906850683962,-0.05478275320115324,0.16795919295194017,-0.26721694299793786,-0.5431340061829697,-1.0,-0.7100467190195534,-1.0,0.00902351543181533,-0.004957452602641653,0.003897250365719848,-0.01844851088576801,-0.0063320963079504244,0.03,-0.03,-0.022179774346700362,0.037851305007233604,-0.12,0.9989244546370083,0.998813519561776,0.9991914277459178,0.9984725714825338,0.9969860870090036,1.0240668450413348,1.0519411329516557,1.0781882247675139,1.1088495867014336,1.1403160485181276
45,3.799092040539743,1.8005687068072218,0.35252560108357983,0.38842606164310833,10.0,-0.003437930489954402,-0.017782973248247732,-0.0367770561174358,-0.0486115762026937,0.15394469389004994,-0.14721694299793786,-0.6631340061829697,-1.0,-0.7281868614104542,-1.0,-0.04602632268569934,-0.030495771239406576,-0.03357814926675184,0.006171176998459541,-0.014014499061890229,0.12,-0.12,-0.0172850309182334,-0.018140142390900754,-0.12,0.9987234270949997,0.9986249886531893,0.9989713642144419,0.9986116434866834,0.9968491898528553,1.0239903885538668,1.0517950383822343,1.0780736628209817,1.1084380247549015,1.1402284865715955
46,3.8848316814706347,1.7782897688485737,0.3520043569517784,0.16256184089622244,10.0,-0.028756591573649386,-0.025437119821874108,-0.05440594671673733,-0.04020047622002816,0.15471608344448912,-0.17721694299793786,-0.6331340061829697,-1.0,-0.770964514512949,-1.0,-0.025318661083694984,-0.007654146573626376,-0.01762889059930153,0.008411099982665541,0.0007713895544391725,-0.03,0.03,-0.02649692756377285,-0.04277765310249479,-0.12,0.9986246597319706,0.998543253767625,0.9988913649553751,0.9984915744200796,0.996822176067105,1.0239951067711952,1.0516479745148248,1.0779248633270748,1.1083634752609948,1.1400729370776888
47,3.825279716087722,1.7138384658787238,0.3527780945574655,0.3462576542470298,10.0,-0.0006147677934562404,-0.012326469543609088,-0.03544123714883653,-0.057914137118933964,0.16035526697764196,-0.2972169429979379,-0.5131340061829697,-1.0,-0.7482768883243368,-1.0,0.028141823780193146,0.01311065027826502,0.018964709567900803,-0.0177136608989058,0.005639183533152847,-0.12,0.12,-0.032648867282844815,0.02268762618861217,-0.12,0.9987361104161107,0.9986188342884448,0.9989796336391444,0.9982448516417458,0.996878804014583,1.0240175982414508,1.051777802170895,1.0780420028201954,1.108777614754115,1.1401630765708093
48,3.7964701156367022,1.7278848116857648,0.35321910525818506,0.16115537877598649,10.0,0.02624731438731246,-0.0038050242193400606,-0.01905614393257724,-0.06783971189410473,0.1587144889522482,-0.26721694299793786,-0.5431340061829697,-1.0,-0.7104564830702119,-1.0,0.0268620821807687,0.008521445324269027,0.016385093216259288,-0.00992557477517077,-0.001640778025393752,0.03,-0.03,-0.022158070712719788,0.03782040525412486,-0.12,0.9988339299481399,0.9986965545315544,0.999053662131697,0.9983568663233542,0.9968963974198056,1.0240056984788843,1.0519051359737988,1.0781730283736561,1.108834390307576,1.14030085212427
49,3.7768366058208627,1.8410582609536699,0.35262011517079467,0.30637762735294377,10.0,0.012363935170957845,-0.002616986600622543,-0.02373648689142045,-0.0399055601447853,0.1594755238240526,-0.14721694299793786,-0.6631340061829697,-1.0,-0.7283871640081165,-1.0,-0.013883379216354616,0.0011880376187175176,-0.00468034295884321,0.027934151749319434,0.0007610348718044002,0.12,-0.12,-0.01722827590594024,-0.017930680937904675,-0.12,0.9988030229637638,0.9987222142044706,0.9990810341330747,0.998699980886674,0.996913640823876,1.0240313665002805,1.0518177556929482,1.0780839357643441,1.108448297698264,1.140238759514958
50,3.799250749185617,1.8561358736127378,0.3522140970585433,0.15063532243384437,10.0,-0.00011488095320266213,9.78044788805324e-05,-0.02942046409347611,-0.020775892381820527,0.16782895117236535,-0.17721694299793786,-0.6331340061829697,-1.0,-0.7706618069249641,-1.0,-0.012478816124160507,0.0027147910795030754,-0.00568397720205566,0.019129667762964774,0.008353427348312736,-0.03,0.03,-0.02649997201576186,-0.042274642916847543,-0.12,0.9987700340766255,0.9987279628945522,0.99910557803469,0.998667121190057,0.9969575053313087,1.0240854621666768,1.0516999486569365,1.0779473335167988,1.1083859454507186,1.1400954072674125
51,3.814402145307483,1.7406004386055602,0.3528625699657238,0.30891952237651643,10.0,0.008209252463792078,-0.004735500872450444,-0.027322833580792016,-0.0498665982947691,0.1660062531795065,-0.2972169429979379,-0.5131340061829697,-1.0,-0.7479107577352649,-1.0,0.00832413341699474,-0.004833305351330976,0.0020976305126840927,-0.029090705912948576,-0.001822697992858835,-0.12,0.12,-0.03266195532547654,0.022751049189699196,-0.12,0.9987822190372992,0.9986812391757522,0.9990547532454062,0.9983080588206602,0.9969300554178403,1.0240542365182856,1.0517992974929664,1.0780507834233126,1.1087863953572326,1.1401718571739266
52,3.814202843509832,1.679031794281898,0.3530972295129356,0.16601557010531895,10.0,0.007411057610912616,-0.020871460315335676,-0.03483691999565013,-0.07912468659086005,0.15125086077386346,-0.26721694299793786,-0.5431340061829697,-1.0,-0.7103569090423029,-1.0,-0.0007981948528794618,-0.016135959442885234,-0.007514086414858116,-0.029258088296090955,-0.014755392405643053,0.03,-0.03,-0.022173662857463847,0.037553848692962105,-0.12,0.9987398775722396,0.9985796500818931,0.9989199645186343,0.9982485976569397,0.9968150083902423,1.0239527148462344,1.0518753180730978,1.0781600036363566,1.1088213655702766,1.1402878273869703
53,3.8224715230316186,1.7771955384051925,0.35244159363966104,0.31424906308696415,10.0,-0.010262590558427891,-0.024041959199312297,-0.04423075737667859,-0.05649931450709815,0.14829709868594898,-0.14721694299793786,-0.6631340061829697,-1.0,-0.7287888535232451,-1.0,-0.017673648169340507,-0.00317049888397662,-0.009393837381028454,0.02262537208376191,-0.00295376208791448,0.12,-0.12,-0.01721730050850455,-0.018431944480942236,-0.12,0.9986839321398051,0.9985695210279283,0.9989031894999717,0.9985526820633056,0.9968000863323505,1.0239547016956285,1.0517734279189073,1.0780647594468638,1.1084291213807838,1.1402195831974777
54,3.80553773813294,1.8486099185286728,0.3521789271553795,0.1960008108700837,10.0,-0.0021214031878798254,-0.0008945375638474487,-0.03175313617918765,-0.023798246826220754,0.1654510070547205,-0.17721694299793786,-0.6331340061829697,-1.0,-0.771168458140176,-1.0,0.008141187370548066,0.02314742163546485,0.012477621197490938,0.032701067680877396,0.01715390836877151,-0.03,0.03,-0.02649734530759683,-0.04237960461693091,-0.12,0.9987591705068225,0.9987109790569993,0.9990832438228725,0.9986474957832562,0.9969394428632252,1.0240715985083477,1.0516906093150293,1.0779433445491562,1.1083819564830761,1.1400914182997701
55,3.821186429814217,1.7942784919332824,0.35299781978948014,0.35067204733368956,10.0,0.02786576737419455,0.013122003488467635,-0.01050842960152977,-0.03708494948428481,0.17433690304147753,-0.2972169429979379,-0.5131340061829697,-1.0,-0.7479174276433549,-1.0,0.029987170562074374,0.014016541052315083,0.021244706577657882,-0.013286702658064059,0.008885895986757042,-0.12,0.12,-0.03267301547574754,0.02325103049682109,-0.12,0.998881539449235,0.9988064424265293,0.9991987004583726,0.9984254697384976,0.9970193407663092,1.024113255939592,1.051832413065221,1.0780651550333777,1.1088007669672977,1.1401862287839917
56,3.7948714347695707,1.7284196693589342,0.35323816662081736,0.17043279693955501,10.0,0.024687592161349588,-0.004236056155204455,-0.018973999392538438,-0.06644222448552614,0.1602374954721888,-0.26721694299793786,-0.5431340061829697,-1.0,-0.7099431179218557,-1.0,-0.0031781752128449622,-0.01735805964367209,-0.008465569791008667,-0.02935727500124133,-0.014099407569288736,0.03,-0.03,-0.022156449330821185,0.03797430972149918,-0.12,0.9988318752120922,0.998697329707509,0.9990578640723214,0.9983631738889837,0.9969033838607341,1.0240125370596407,1.05191076174277,1.0781752273779577,1.1088365893118775,1.1403030511285714
57,3.8315168517168114,1.7700222120049787,0.35243518328325246,0.3687987028704106,10.0,-0.013540514824416747,-0.02742006847384435,-0.04657977081844049,-0.057398590529625246,0.14789207862785447,-0.14721694299793786,-0.6631340061829697,-1.0,-0.7283348792617228,-1.0,-0.038228106985766334,-0.023184012318639896,-0.02760577142590205,0.009043633955900895,-0.012345416844334323,0.12,-0.12,-0.017194578640907024,-0.01839176133986703,-0.12,0.9986682608341642,0.9985520286883417,0.9988847858652543,0.9985387036263473,0.9967914284174997,1.023950272004973,1.051772249281121,1.0780644921042082,1.1084288540381282,1.1402193158548222
58,3.8621332114227487,1.7972710556531075,0.352045003239365,0.1516395831933779,10.0,-0.021068320002925,-0.0180745687520431,-0.04812685066940382,-0.036232478507706244,0.1570524823518077,-0.17721694299793786,-0.6331340061829697,-1.0,-0.7712275619579556,-1.0,-0.007527805178508252,0.009345499721801251,-0.0015470798509633309,0.021166112021919002,0.009160403723953214,-0.03,0.03,-0.026473729287118095,-0.04289268269623275,-0.12,0.9986630196283999,0.9985896488594217,0.9989430169447133,0.9985328472427973,0.9968518528718878,1.0240134812030928,1.0516574851519034,1.0779291170666117,1.1083677290005316,1.1400771908172256
59,3.812012787344507,1.7581421021888974,0.3528958597254988,0.3674097308472756,10.0,0.015372427910602084,0.002060270516774775,-0.02151374457445595,-0.046665539378993724,0.16783137643766005,-0.2972169429979379,-0.5131340061829697,-1.0,-0.7482184793451128,-1.0,0.03644074791352708,0.020134839268817876,0.026613106094947873,-0.01043306087128748,0.010778894085852364,-0.12,0.12,-0.032686232682552926,0.02300908261284279,-0.12,0.9988175433949203,0.9987230456776779,0.9991006662746627,0.9983443015630634,0.9969555948203055,1.0240693195605395,1.051806929067845,1.0780543084708603,1.1087899204047802,1.140175382221474
60,3.793174434690796,1.746360512990818,0.35327669723055904,0.14434696876510023,10.0,0.03202881941275662,0.002071709208453631,-0.0132726296730288,-0.06275201724085477,0.16254141676589648,-0.26721694299793786,-0.5431340061829697,-1.0,-0.7101568932088977,-1.0,0.01665639150215454,1.1438691678855584e-05,0.008241114901427149,-0.016086477861861043,-0.005289959671763572,0.03,-0.03,-0.022164066658036927,0.038061586136215075,-0.12,0.9988666598373978,0.998739587002485,0.9991053051902082,0.9984007043500811,0.9969309795913838,1.0240298703247952,1.0519199489461,1.0781792307583766,1.1088405926922966,1.1403070545089906
61,3.786303196545333,1.8159341716996993,0.3525602877338266,0.3429007644931416,10.0,0.003104634355702733,-0.011546965436567896,-0.03172044801389335,-0.04571801492475898,0.15568531202819771,-0.14721694299793786,-0.6631340061829697,-1.0,-0.7281768726053048,-1.0,-0.028924185057053887,-0.013618674645021527,-0.01844781834086455,0.017034002316095795,-0.006856104737698765,0.12,-0.12,-0.017205115022087644,-0.01801997939640715,-0.12,0.9987553568740496,0.998662777893827,0.9990130698458903,0.9986445166555903,0.9968722413094588,1.0240043381158839,1.0518031599473998,1.0780778679953364,1.1084422299292562,1.1402326917459502
62,3.8392588676149804,1.8188571379040437,0.3521127068421899,0.15035282980289538,10.0,-0.013487372466190597,-0.011840975969737585,-0.04123459766440595,-0.03012406991383766,0.16137989888378113,-0.17721694299793786,-0.6331340061829697,-1.0,-0.7708410035361198,-1.0,-0.01659200682189333,-0.00029401053316968975,-0.009514149650512602,0.015593945010921317,0.005694586855583411,-0.03,0.03,-0.026475736063843056,-0.042664130930815,-0.12,0.9987016758845982,0.9986406746430228,0.9990037794155112,0.9985833754344207,0.996892563154879,1.024041785430675,1.0516746375111117,1.0779365327386232,1.108375144672543,1.1400846064892372
63,3.8170835805888665,1.7330851284930096,0.352835791181962,0.3240303711669154,10.0,0.005864982008801249,-0.006646152261897758,-0.029534954696498618,-0.052352268340656066,0.16421426051856247,-0.2972169429979379,-0.5131340061829697,-1.0,-0.7481200135815432,-1.0,0.019352354474991847,0.005194823707839828,0.011699642967907334,-0.022228198426818405,0.002834361634781346,-0.12,0.12,-0.0326735086568548,0.02272098995457661,-0.12,0.998769854235982,0.9986638408925922,0.9990333229787589,0.9982897933191272,0.9969147991922457,1.0240429621106992,1.0517923974113073,1.0780479153251405,1.1087835272590605,1.1401689890757545
64,3.8042104166699424,1.7062169010244437,0.3531671355459525,0.1467842968231279,10.0,0.017724042321154154,-0.011427612167031366,-0.026038501340160815,-0.07266731457527131,0.155620310931248,-0.26721694299793786,-0.5431340061829697,-1.0,-0.7103816861541694,-1.0,0.011859060312352907,-0.004781459905133609,0.003496453356337803,-0.020315046234615254,-0.008593949587314464,0.03,-0.03,-0.02217709488655782,0.03773832742737382,-0.12,0.9987920072201292,0.9986448559081142,0.9989950016077096,0.9983097122166561,0.9968612488891252,1.0239831181915375,1.0518925671921668,1.0781674214925714,1.1088287834264914,1.1402952452431854
65,3.790602234514986,1.8059347677366215,0.3525241398660722,0.31376017236175635,10.0,-4.3894181287258693e-05,-0.014399823176084885,-0.03493782803573982,-0.04888021998148899,0.15344727058782784,-0.14721694299793786,-0.6631340061829697,-1.0,-0.7285422493716494,-1.0,-0.017767936502441413,-0.002972211009053519,-0.008899326695579003,0.023787094593782324,-0.0021730403434201684,0.12,-0.12,-0.0172188300038653,-0.018160563217479997,-0.12,0.9987378079317901,0.9986388254863277,0.9989840818451503,0.9986197791683751,0.9968519970731834,1.0239898851636478,1.0517939595235897,1.078073703164767,1.108438065098687,1.140228526915381
66,3.8077449284851195,1.8472330644695256,0.35218287953974775,0.15795605945664187,10.0,-0.0029124405960382505,-0.002038221687134389,-0.03220833735741474,-0.02356462940551051,0.16574931018866282,-0.17721694299793786,-0.6331340061829697,-1.0,-0.7709210400694512,-1.0,-0.002868546414750992,0.012361601488950496,0.002729490678325081,0.02531559057597848,0.01230203960083498,-0.03,0.03,-0.026490413979431512,-0.042378790697801816,-0.12,0.9987552858371659,0.9987075674626198,0.9990805034105442,0.998645823271429,0.9969395716538922,1.0240725466611356,1.051691863759463,1.0779439278115386,1.1083825397454583,1.1400920015621523
67,3.812762741624866,1.7658021998227482,0.35292539090267955,0.32660266955697176,10.0,0.01755996038452462,0.003785481240736759,-0.019343865854557933,-0.04392417128641867,0.16985456803085258,-0.2972169429979379,-0.5131340061829697,-1.0,-0.7479437456468682,-1.0,0.02047240098056287,0.005823702927871148,0.012864471502856807,-0.02035954188090816,0.004105257842189763,-0.12,0.12,-0.03266736506730143,0.022977294422583006,-0.12,0.9988294023323515,0.9987404558854965,0.9991226286635659,0.9983633107831269,0.9969718868334787,1.0240817057920168,1.0518146294400843,1.078057456662015,1.1087930685959346,1.1401785304126288
68,3.8033649293387906,1.7069650503662208,0.3531761391021733,0.16131152129191945,10.0,0.017342973188423885,-0.011398621775342182,-0.0258300949610063,-0.0719961749075499,0.15628272843827165,-0.26721694299793786,-0.5431340061829697,-1.0,-0.710163386887289,-1.0,-0.0002169871961007347,-0.015184103016078941,-0.006486229106448367,-0.028072003621131235,-0.013571839592580931,0.03,-0.03,-0.022167741541650895,0.037780358759579136,-0.12,0.9987922961779193,0.9986465039237314,0.9989981400627176,0.9983133651149934,0.9968648561275955,1.0239863502985254,1.051895127884018,1.078168491745032,1.108829853678952,1.1402963154956458
69,3.8225825909410576,1.7775606015287726,0.352449730728796,0.34105742955762786,10.0,-0.010492708488271787,-0.024386939853632994,-0.04411597866049015,-0.05589450033551356,0.14880749222105152,-0.14721694299793786,-0.6631340061829697,-1.0,-0.72853402220119,-1.0,-0.027835681676695673,-0.012988318078290812,-0.01828588369948385,0.016101674572036345,-0.007475236217220127,0.12,-0.12,-0.017207698918851586,-0.018370635313901096,-0.12,0.9986835656767328,0.9985703793135534,0.9989051961710508,0.99855499939359,0.9968029470071654,1.0239573557687542,1.051775659962,1.0780658431045027,1.1084302050384225,1.1402206668551165
70,3.8336801607976163,1.8230115429569593,0.35211361826296167,0.16137533023623632,10.0,-0.011550825791615784,-0.009499435043870927,-0.039876346065381436,-0.0298827575505453,0.16135908465535875,-0.17721694299793786,-0.6331340061829697,-1.0,-0.771160762509936,-1.0,-0.0010581173033439965,0.014887504809762067,0.004239632595108712,0.02601174278496826,0.01255159243430723,-0.03,0.03,-0.02648446109808865,-0.042626740308746025,-0.12,0.9987113320805122,0.9986508194964724,0.9990138774369469,0.9985908591178457,0.9968963589113458,1.0240431363342635,1.051674492516397,1.0779364345759226,1.1083750465098423,1.1400845083265363
71,3.8155292399506884,1.7725307825721397,0.35293771057729023,0.3556122458626201,10.0,0.020327727569159407,0.006385373148837076,-0.017138121466046995,-0.042741293269965425,0.17051811072578846,-0.2972169429979379,-0.5131340061829697,-1.0,-0.7480676645899834,-1.0,0.03187855336077519,0.015884808192708003,0.02273822459933444,-0.012858535719420125,0.009159026070429704,-0.12,0.12,-0.03267771362098422,0.02309309791995262,-0.12,0.9988429039443419,0.9987563528254703,0.9991400185746033,0.9983769642084651,0.9969814454290616,1.0240872940477006,1.0518174320231137,1.0780587662739807,1.1087943782079006,1.1401798400245946
72,3.7931646332129354,1.7342457636486863,0.3532485666351453,0.14581358620346657,10.0,0.027283876524418826,-0.0021147966113083654,-0.017113891263739595,-0.06539483743625422,0.16082708099125012,-0.26721694299793786,-0.5431340061829697,-1.0,-0.7100792012050563,-1.0,0.006956148955259419,-0.008500169760145442,2.4230202307400084e-05,-0.0226535441662888,-0.009691029734538337,0.03,-0.03,-0.022161628833722816,0.03798846338492706,-0.12,0.9988435374884129,0.9987111129426045,0.9990729738748348,0.9983747787076069,0.9969116476955757,1.0240174526998505,1.051913127761863,1.0781762668296326,1.1088376287635526,1.1403040905802466
73,3.8050222389839923,1.7935140335275244,0.3524987111704894,0.35228292187626764,10.0,-0.0049481792689873155,-0.01920502684454132,-0.0389392184358869,-0.051439554942447896,0.15185358195687004,-0.14721694299793786,-0.6631340061829697,-1.0,-0.7282857283543511,-1.0,-0.03223205579340614,-0.01709023023323295,-0.021825327172147305,0.013955282493806329,-0.008973499034380078,0.12,-0.12,-0.017201887984826122,-0.01820652714929477,-0.12,0.9987131551267706,0.9986089900280122,0.9989506605874151,0.9985929786955083,0.9968327647960945,1.023977855389279,1.0517879204437213,1.0780712498843183,1.1084356118182384,1.1402260736349323
74,3.846966351994345,1.8114081917497429,0.3520877574702193,0.15088740188027955,10.0,-0.016027238714297273,-0.013818455691672383,-0.04361134501337212,-0.03235448166035342,0.15977562624578748,-0.17721694299793786,-0.6331340061829697,-1.0,-0.7710282554879546,-1.0,-0.011079059445309958,0.005386571152868936,-0.0046721265774852146,0.019085073282094474,0.007922044288917435,-0.03,0.03,-0.026476196461687126,-0.04274252713360355,-0.12,0.9986886835520291,0.9986231657266669,0.99898266088572,0.9985656857240643,0.9968779879750848,1.0240314883961088,1.051668267216684,1.077933772057631,1.1083723839915507,1.140081845808245
75,3.811714536216683,1.7477512709333505,0.35287207541051197,0.34445945741882045,10.0,0.011390314990049583,-0.001630550350358164,-0.024850243000714364,-0.048923881301089454,0.16641973243558103,-0.2972169429979379,-0.5131340061829697,-1.0,-0.7481488649579826,-1.0,0.027417553704346856,0.012187905341314219,0.018761102012657755,-0.016569399640736032,0.006644106189793553,-0.12,0.12,-0.032678586298704834,0.02287939052997201,-0.12,0.998797601619272,0.9986985307596373,0.9990729751576174,0.9983219862984609,0.9969390925985687,1.02405882303597,1.0518012249709872,1.078051780573007,1.108787392506927,1.140172854323621
76,3.7970770059402374,1.7248641883383953,0.3532189212812114,0.14571581937478564,10.0,0.024341272246509185,-0.005144616038948807,-0.020083855684708763,-0.06799800290520933,0.15890166926188182,-0.26721694299793786,-0.5431340061829697,-1.0,-0.7102566406220719,-1.0,0.012950957256459604,-0.003514065688590643,0.0047663873160056006,-0.01907412160411987,-0.007518063173699213,0.03,-0.03,-0.022169992871432107,0.03789222433591066,-0.12,0.9988267523001969,0.9986890563443139,0.9990465851001531,0.9983523624487004,0.9968940034022677,1.0240051543425002,1.0519055418804237,1.0781730131245846,1.1088343750585046,1.1403008368751983
77,3.789598019166874,1.8078911337613186,0.35253398913311457,0.3298984988708671,10.0,0.00043362038336738906,-0.01401763222622434,-0.03430555616201804,-0.048062467105348096,0.15405611410276984,-0.14721694299793786,-0.6631340061829697,-1.0,-0.7283716800062392,-1.0,-0.023907651863141796,-0.008873016187275533,-0.014221700477309276,0.01993553579986123,-0.004845555159111975,0.12,-0.12,-0.01721136476393935,-0.01811503938416731,-0.12,0.9987408534861006,0.9986435269902123,0.9989901532469435,0.9986252059255061,0.9968568218795684,1.0239935718806599,1.0517965275845287,1.0780749013277975,1.1084392632617173,1.1402297250784112
78,3.8248351138153653,1.8317232029048243,0.3521437648532682,0.15126179357703087,10.0,-0.008641933343545823,-0.0072940879820396695,-0.03712665213968072,-0.02720728226863014,0.1633079350100309,-0.17721694299793786,-0.6331340061829697,-1.0,-0.7709062738905305,-1.0,-0.009075553726913212,0.0067235442441846704,-0.002821095977662686,0.020855184836717958,0.009251820907261066,-0.03,0.03,-0.02648295213696307,-0.04253459388429123,-0.12,0.9987262324299379,0.9986711376833438,0.9990385805371164,0.9986116352132103,0.996913661585088,1.0240554895589393,1.0516822295427781,1.0779397866890057,1.1083783986229254,1.1400878604396196
79,3.810509715152034,1.751155820413472,0.35288486750511533,0.32813397336974826,10.0,0.012392403087374227,-0.000827541853558403,-0.02387460233629719,-0.047735272370381554,0.1672918291741139,-0.2972169429979379,-0.5131340061829697,-1.0,-0.7480371171494015,-1.0,0.02103433643092005,0.0064665461284812665,0.013252049803383532,-0.020527990101751416,0.003983894164082985,-0.12,0.12,-0.03267110779960418,0.02286915674112902,-0.12,0.9988029858705433,0.9987063219439933,0.9990827285596351,0.9983303868815472,0.9969462284432725,1.0240642027274778,1.0518045497350073,1.0780531431193656,1.1087887550532853,1.1401742168699793
80,3.8028116338583833,1.7091541019147882,0.3531787172835206,0.14964718168531704,10.0,0.01845392349561449,-0.010542789699063974,-0.025113693089930608,-0.07169396355883517,0.15639935086997012,-0.26721694299793786,-0.5431340061829697,-1.0,-0.7102569639640611,-1.0,0.006061520408240262,-0.009715247845505572,-0.0012390907536334178,-0.02395869118845361,-0.010892478304143777,0.03,-0.03,-0.02217142146782096,0.03778015318534031,-0.12,0.9987969575144402,0.9986517772382336,0.999003675777691,0.998317401047052,0.996867544124134,1.023987748771696,1.0518956196114158,1.0781687210719584,1.1088300830058784,1.1402965448225721
81,3.8060809258951838,1.7921951040770951,0.3524889067113777,0.3294354061565787,10.0,-0.005123334680816761,-0.01926119673083169,-0.03936656187619763,-0.05221419801928492,0.15124998284524607,-0.14721694299793786,-0.6631340061829697,-1.0,-0.7285147025618995,-1.0,-0.023577258176431252,-0.008718407031767718,-0.014252868786267022,0.019479765539550255,-0.005149368024724044,0.12,-0.12,-0.017212327869319186,-0.01825773859783844,-0.12,0.9987115340740285,0.9986058003230394,0.9989461127844411,0.9985886673523404,0.9968285419204974,1.0239744017318746,1.0517853141697937,1.078070001708392,1.1084343636423117,1.1402248254590057
82,3.8228612808726403,1.8331533652444387,0.3521434228409431,0.15792882258390095,10.0,-0.007951422607417557,-0.0064300713777583965,-0.036663416488088484,-0.027174234957245046,0.16325427235017542,-0.17721694299793786,-0.6331340061829697,-1.0,-0.771036913911048,-1.0,-0.002828087926600796,0.012831125353073295,0.002703145388109146,0.02503996306203987,0.01200428950492935,-0.03,0.03,-0.02648641084422647,-0.04252221134914852,-0.12,0.9987296549923755,0.9986746271665872,0.9990419492793751,0.9986140717659752,0.9969147373117011,1.0240557314613796,1.0516819930083483,1.0779396708955604,1.1083782828294804,1.1400877446461744
83,3.813584762975914,1.7670778258312723,0.35292585028046847,0.341084679712966,10.0,0.018212622394426885,0.004424213297119874,-0.018883758765708122,-0.04386956943819477,0.16982618308579864,-0.2972169429979379,-0.5131340061829697,-1.0,-0.748017466813758,-1.0,0.02616404500184444,0.01085428467487827,0.01777965772238036,-0.016695334480949724,0.006571910735623215,-0.12,0.12,-0.032672916401717864,0.02301944709728998,-0.12,0.9988323987074139,0.9987435628293015,0.9991256717412446,0.9983654727670922,0.9969730428144552,1.0240820335802334,1.0518146144378826,1.0780575055259396,1.1087931174598595,1.1401785792765533
84,3.7982736816751212,1.720639650483419,0.3532121038675922,0.1518879697539517,10.0,0.0223838384641776,-0.006714262720797309,-0.021445903259144576,-0.06871039038078977,0.15853346375972863,-0.26721694299793786,-0.5431340061829697,-1.0,-0.7101348739095757,-1.0,0.004171216069750714,-0.011138476017917183,-0.0025621444934364537,-0.024840820942595,-0.011292719326070011,0.03,-0.03,-0.022165203992527346,0.03788259290418228,-0.12,0.9988181354524731,0.998678996911952,0.9990356972054114,0.9983441170895649,0.9968882302366562,1.0240018328625227,1.0519040465502285,1.0781723462567692,1.108833708190689,1.140300170007383
85,3.8116837025733266,1.787403740602731,0.3524792157466959,0.34498932085658474,10.0,-0.0070299490924009,-0.02113715027845907,-0.040918349840662456,-0.053195157583673366,0.15064288504183287,-0.14721694299793786,-0.6631340061829697,-1.0,-0.7284092615553902,-1.0,-0.0294137875565785,-0.01442288755766176,-0.01947244658151788,0.015515232797116404,-0.007890578717895752,0.12,-0.12,-0.017205451026351584,-0.01827438764581446,-0.12,0.9987019520717731,0.9985942318776663,0.9989331783690104,0.9985783068663652,0.9968211360613598,1.0239697890910728,1.0517830201112803,1.0780690736199363,1.1084334355538563,1.14022389737055
86,3.8387247838363066,1.8186880162471448,0.3521050093881016,0.15185826479119208,10.0,-0.013257687194666128,-0.011198103414237614,-0.04127175532607198,-0.03072561268378888,0.16084216441906155,-0.17721694299793786,-0.6331340061829697,-1.0,-0.7710785116175729,-1.0,-0.0062277381022652276,0.009939046864221455,-0.00035340548540952615,0.022469544899884487,0.01019927937722867,-0.03,0.03,-0.02648061398965508,-0.04266925006218264,-0.12,0.9987027182155864,0.9986404988499017,0.9990023937198446,0.9985816796636375,0.996889854859821,1.0240391440194079,1.051672466073497,1.0779355712035543,1.108374183137474,1.1400836449541683
87,3.8117834705684785,1.759566091154904,0.35290379910681074,0.34813094487117213,10.0,0.01564712891456734,0.0021711369752300622,-0.02116931915917499,-0.045937688502693134,0.16840663851203194,-0.2972169429979379,-0.5131340061829697,-1.0,-0.7481006093238736,-1.0,0.02890481610923347,0.013369240389467676,0.02010243616689699,-0.015212075818904255,0.007564474092970397,-0.12,0.12,-0.03267745039219373,0.022977902293699337,-0.12,0.9988191871500324,0.9987261633308144,0.9991050782674665,0.9983483427095119,0.9969594613520819,1.0240725661265684,1.0518090730264162,1.0780551580897642,1.1087907700236839,1.140176231840378
88,3.795796698882669,1.7277514479915186,0.35322895944574967,0.1458873626759341,10.0,0.025163376054083565,-0.004238281477969105,-0.019172321241843253,-0.06713345538026988,0.159564194936934,-0.26721694299793786,-0.5431340061829697,-1.0,-0.7101741206106613,-1.0,0.009516247139516223,-0.0064094184531991675,0.0019969979173317387,-0.021195766877576745,-0.008842443575097947,0.03,-0.03,-0.02216620212232405,0.0379264887132123,-0.12,0.9988317836468916,0.9986958383997465,0.9990548578383547,0.9983595253467618,0.9968997388233956,1.0240092490016308,1.0519081457688524,1.0781741263302442,1.1088354882641642,1.140301950080858
89,3.79793589661149,1.7997202287708227,0.35251336427253205,0.34028118089150006,10.0,-0.0025925807145080262,-0.016922265917994003,-0.03693501512892944,-0.05002057748516891,0.15276945730477914,-0.14721694299793786,-0.6631340061829697,-1.0,-0.7283450508792029,-1.0,-0.02775595676859159,-0.012683984440024897,-0.017762693887086185,0.01711287789510097,-0.006794737632154851,0.12,-0.12,-0.017207040487670924,-0.01817093026854158,-0.12,0.9987252192387189,0.9986239275693114,0.9989676588482471,0.9986067968982919,0.9968429876504187,1.0239844706776506,1.0517914754367887,1.078072744157853,1.1084371060917728,1.1402275679084668
90,3.834949363139124,1.8223809767205024,0.3521176792129102,0.1512042540358261,10.0,-0.012013920655370061,-0.010249067011088998,-0.04010170590563773,-0.0295983826379779,0.1616601328044893,-0.17721694299793786,-0.6331340061829697,-1.0,-0.7709752049436525,-1.0,-0.009421339940862035,0.006673198906905004,-0.0031666907767082947,0.02042219484719101,0.008890675499710149,-0.03,0.03,-0.02648010721938117,-0.04263015406444959,-0.12,0.9987090790541342,0.9986491423292924,0.9990128776281024,0.9985904844870673,0.9968971649509157,1.0240443480215458,1.0516757128508152,1.0779369775520051,1.108375589485925,1.140085051302619
91,3.810537074814234,1.7510525016615583,0.35288274154214766,0.33694208308920026,10.0,0.01247302243040916,-0.0007125567766299787,-0.023862967282524405,-0.04792786314511114,0.1671225272491018,-0.2972169429979379,-0.5131340061829697,-1.0,-0.7480871887495495,-1.0,0.02448694308577922,0.00953651023445902,0.016238738623113327,-0.01832948050713324,0.005462394444612495,-0.12,0.12,-0.032674717728788175,0.022888016194102967,-0.12,0.9988032281100844,0.9987061741872155,0.9990821998735261,0.9983297493593251,0.9969454098195543,1.0240633631606628,1.0518039424389707,1.0780529167526602,1.10878852868658,1.140173990503274
92,3.799719405163596,1.717520955481406,0.35320053441916804,0.14644903484779856,10.0,0.021559189600477806,-0.007673164134691685,-0.022431484475643394,-0.06969677121556142,0.15776245432367514,-0.26721694299793786,-0.5431340061829697,-1.0,-0.7102453922326393,-1.0,0.009086167170068648,-0.006960607358061706,0.0014314828068810112,-0.021768908070450288,-0.009360072925426649,0.03,-0.03,-0.022170149994507296,0.037841796516910275,-0.12,0.9988127958698104,0.9986716599080989,0.9990266254303272,0.9983361585904466,0.9968817820072647,1.0239971586793208,1.0519010216554996,1.0781710561332714,1.1088324180671911,1.1402988798838851
93,3.79853769345972,1.7990307201110471,0.35250897471472614,0.33111021436257837,10.0,-0.0027184966698200544,-0.016999074567308425,-0.03715837002700421,-0.05037334181412517,0.15249911029236204,-0.14721694299793786,-0.6631340061829697,-1.0,-0.7284383509081929,-1.0,-0.02427768627029786,-0.009325910432616739,-0.014726885551360813,0.01932342940143625,-0.005263344031313094,0.12,-0.12,-0.017211234117939914,-0.01819295867555354,-0.12,0.9987242696261162,0.9986222636089426,0.9989653866071004,0.9986046946436847,0.9968410063694343,1.023982891435483,1.0517903166472957,1.078072193649138,1.1084365555830578,1.1402270173997517
94,3.825263090413428,1.8311327274316898,0.3521399948797777,0.15187270780647585,10.0,-0.008768232475108589,-0.007277319527929356,-0.037310728416495645,-0.027521441427120014,0.16305439155484583,-0.17721694299793786,-0.6331340061829697,-1.0,-0.7709800278310207,-1.0,-0.006049735805288534,0.00972175503937907,-0.00015235838949144084,0.02285190038700516,0.010555281262483784,-0.03,0.03,-0.02648423719128641,-0.04254167692282787,-0.12,0.9987255442879279,0.9986698133690379,0.9990366857500363,0.9986099109299579,0.9969119108915203,1.02405407020267,1.0516812140338923,1.077939341652894,1.108377953586814,1.1400874154035077
95,3.8112164471948233,1.7589571176398842,0.3529047240551218,0.33572121771023683,10.0,0.015267092101932264,0.0017702411541267674,-0.02141803698140587,-0.045861550347207486,0.1685142366245156,-0.2972169429979379,-0.5131340061829697,-1.0,-0.7480343408047279,-1.0,0.024035324577040853,0.009047560682056123,0.015892691435089774,-0.018340108920087472,0.005459845069669761,-0.12,0.12,-0.03267247872408875,0.022945687026292877,-0.12,0.9988174853160768,0.9987246156766237,0.999103772709029,0.9983475502007714,0.9969593002542596,1.024072852720826,1.0518094141867445,1.0780552571543391,1.108790869088259,1.140176330904953
96,3.8001560313560754,1.715950857940075,0.3531981443758339,0.14991283119316917,10.0,0.020816543913241482,-0.008264151128780315,-0.022940392397598038,-0.06995179966813615,0.15763686741984204,-0.26721694299793786,-0.5431340061829697,-1.0,-0.7101953276475694,-1.0,0.005549451811309218,-0.010034392282907083,-0.001522355416192167,-0.024090249320928667,-0.010877369204673554,0.03,-0.03,-0.02216817258298527,0.0378390131571584,-0.12,0.998809558602673,0.998667906208345,0.9990225891600396,0.9983331248918369,0.9968796791131707,1.0239959718194862,1.0519005089317244,1.0781708259800298,1.1088321879139498,1.1402986497306438
97,3.807797834504748,1.790776479878222,0.352486908210844,0.3373197553491727,10.0,-0.005730746006527981,-0.019872164809517645,-0.03982541550636084,-0.0524424489149328,0.151123785986037,-0.14721694299793786,-0.6631340061829697,-1.0,-0.7284523241004641,-1.0,-0.026547289919769464,-0.011608013680737331,-0.0168850231087628,0.017509350753203354,-0.006513081433805024,0.12,-0.12,-0.017208791481055405,-0.01825699645289469,-0.12,0.998708574982437,0.9986023790233842,0.9989424075418528,0.9985857821150418,0.9968266189579227,1.0239733047058341,1.0517848758439705,1.078069847325502,1.1084342092594217,1.1402246710761157
98,3.83099369138658,1.8257505519970412,0.35212406255137535,0.15371854906689908,10.0,-0.010673710574737073,-0.008891129659506173,-0.03901932870121502,-0.028968224777556603,0.1620408300900975,-0.17721694299793786,-0.6331340061829697,-1.0,-0.7710495184025601,-1.0,-0.004942964568209092,0.010981035150011472,0.0008060868051458156,0.023474224137376196,0.010917044104060497,-0.03,0.03,-0.02648325205279055,-0.042597194302095936,-0.12,0.9987158414641587,0.9986571808089841,0.9990217726766869,0.9985975702520429,0.9969021119645626,1.0240473467562248,1.0516772014284312,1.0779376095607285,1.1083762214946484,1.1400856833113424
99,3.812373291282672,1.7622611917460522,0.35291209254227823,0.3438108977235078,10.0,0.016546516086269135,0.002949224360665142,-0.020357396884174213,-0.04516148059101642,0.1689470826395034,-0.2972169429979379,-0.5131340061829697,-1.0,-0.7480606415401363,-1.0,0.027220226661006208,0.011840354020171315,0.01866193181704081,-0.016193255813459817,0.0069062525494058835,-0.12,0.12,-0.03267507104081248,0.022988876862423818,-0.12,0.9988238454748007,0.9987323934766039,0.9991125244125428,0.9983545746819065,0.9969644678368444,1.024076111151236,1.0518111721285812,1.0780560411926425,1.1087916531265622,1.1401771149432562
100,3.797314957737174,1.723484610530345,0.35321846442138943,0.14669754791068573,10.0,0.02353389670515333,-0.005710211893516774,-0.02053422497335551,-0.06810666717202804,0.1589165073318548,-0.26721694299793786,-0.5431340061829697,-1.0,-0.7101625004803582,-1.0,0.006987380618884195,-0.008659436254181916,-0.00017682808918129816,-0.022945186581011627,-0.010030575307648587,0.03,-0.03,-0.022166092340344237,0.03789814105977804,-0.12,0.9988236629146692,0.9986857469136459,0.9990433090551425,0.9983501763606706,0.9968927081277089,1.024004669732661,1.0519055738571712,1.0781730117156745,1.1088343736495943,1.1403008354662885
101,3.8043898389262125,1.7939161007718536,0.35249706806864217,0.3416192230333164,10.0,-0.00466976951618403,-0.018891038682269948,-0.03880953980561368,-0.05152988235007253,0.1517550179368247,-0.14721694299793786,-0.6631340061829697,-1.0,-0.7283836414543403,-1.0,-0.02820366622133736,-0.013180826788753175,-0.018275314832258166,0.016576784821955508,-0.007161489395030113,0.12,-0.12,-0.017206692293993478,-0.01822114097398203,-0.12,0.9987143023436876,0.9986099543319287,0.9989514031222866,0.9985933453772136,0.9968326369464441,1.0239774941180941,1.0517874336592719,1.078070984868914,1.108435346802834,1.140225808619528
102,3.835801555321411,1.8214774110146763,0.35211386881802326,0.15157152676085006,10.0,-0.012289596780653791,-0.010412039695746252,-0.040386375259719616,-0.02992897615377029,0.16140990033907063,-0.17721694299793786,-0.6331340061829697,-1.0,-0.7710237179115428,-1.0,-0.007619827264469761,0.008478998986523696,-0.001576835454105939,0.02160090619630224,0.009654882402245935,-0.03,0.03,-0.026480718458208582,-0.04264007645720244,-0.12,0.9987076570778438,0.9986470509011325,0.9990102231768954,0.9985882021986293,0.9968951393444562,1.0240428348199235,1.0516747162852136,1.0779365440094508,1.1083751559433708,1.1400846177600645
103,3.810551228344262,1.755747545605313,0.352894589725993,0.3420339325471087,10.0,0.014211618805160628,0.0008602301352238825,-0.022381115651577573,-0.046809182593053125,0.16784964774438318,-0.2972169429979379,-0.5131340061829697,-1.0,-0.7480884842339561,-1.0,0.02650121558581442,0.011272269830970134,0.018005259608142043,-0.016880206439282834,0.006439747405312557,-0.12,0.12,-0.03267577276019666,0.022935233677586625,-0.12,0.9988119851148327,0.9987171965200817,0.9990948582275067,0.9983400606081998,0.9969532439290427,1.0240685299372156,1.0518068398066296,1.0780541780992048,1.1087897900331245,1.1401752518498185
104,3.7979359309412084,1.7221271511006833,0.3532135337582836,0.1462244941211176,10.0,0.02316653926124852,-0.006130303162259191,-0.020963031469900032,-0.06852855733373792,0.1585889915800491,-0.26721694299793786,-0.5431340061829697,-1.0,-0.7102075589531059,-1.0,0.008954920456087891,-0.006990533297483073,0.001418084181677541,-0.02171937474068479,-0.00926065616433408,0.03,-0.03,-0.02216812292639396,0.037880925280850214,-0.12,0.9988213265311001,0.9986825562024993,0.9990393814335544,0.9983467446716319,0.9968899380824183,1.0240026715390642,1.0519042880569627,1.0781724628259077,1.1088338247598275,1.1403002865765215
105,3.7991250487471775,1.7985774319596222,0.3525089537475726,0.33595953600210365,10.0,-0.002942146888504228,-0.0172326613531456,-0.03730416229037344,-0.050402460074150834,0.1524964190028175,-0.14721694299793786,-0.6631340061829697,-1.0,-0.7283962499572784,-1.0,-0.026108686149752747,-0.011102358190886409,-0.01634113082047341,0.01812609725958708,-0.006092572577231614,0.12,-0.12,-0.017209050385891697,-0.018188691004172447,-0.12,0.9987232413002881,0.998621176318638,0.9989642932613944,0.9986039032257739,0.9968405828507111,1.0239827303428337,1.0517903471371184,1.0780722301943622,1.1084365921282822,1.1402270539449761
106,3.8303051664856853,1.8265541634132987,0.35212812455648096,0.15158385584075396,10.0,-0.010456555449739405,-0.008810310376469331,-0.03876901199894581,-0.02862294199970402,0.16231112448830318,-0.17721694299793786,-0.6331340061829697,-1.0,-0.770984272991616,-1.0,-0.007514408561235177,0.008422350976676268,-0.0014648497085723647,0.021779518074446814,0.009814705485485686,-0.03,0.03,-0.026482215338141255,-0.04258802303433759,-0.12,0.9987169773621144,0.9986590159045651,0.9990242159346637,0.998599720350601,0.9969041347727499,1.024048918994348,1.0516782799919737,1.0779380799618752,1.1083766918957951,1.140086153712489
107,3.8103460275971726,1.7555850069422185,0.35289518643902557,0.3370461770833672,10.0,0.014087959336505411,0.000724996066984205,-0.022456123120306294,-0.04675745760481775,0.16790717257712706,-0.2972169429979379,-0.5131340061829697,-1.0,-0.7480613697105243,-1.0,0.024544514786244816,0.009535306443453536,0.016312888878639513,-0.018134515605113727,0.005596048088823885,-0.12,0.12,-0.032673756243108795,0.022922903281091728,-0.12,0.9988114484604865,0.9987167646088368,0.9990945557471353,0.9983399250681112,0.9969533213826116,1.024068742404228,1.0518070329412899,1.0780542418029913,1.1087898537369112,1.1401753155536052
108,3.7996876549500667,1.7173843850566144,0.35320115488296594,0.14666782235056297,10.0,0.021416117869298323,-0.007750363783953601,-0.02247884887114395,-0.06966093438896204,0.1578148933226108,-0.26721694299793786,-0.5431340061829697,-1.0,-0.7102155475331903,-1.0,0.007328158532792912,-0.008475359850937806,-2.2725750837657155e-05,-0.022903476784144297,-0.010092279254516251,0.03,-0.03,-0.022168892592816333,0.03784582217733398,-0.12,0.9988123830527169,0.9986713196605793,0.9990264031705551,0.9983361294775117,0.9968818744837774,1.0239973364117454,1.0519012208291536,1.0781711373191778,1.1088324992530976,1.1402989610697916
109,3.8031725590211107,1.7949053658904883,0.3524981224342641,0.33483471928162045,10.0,-0.004230888362731514,-0.018444239655565912,-0.038490033029068435,-0.051394461284913075,0.15182257669066992,-0.14721694299793786,-0.6631340061829697,-1.0,-0.7284394108172543,-1.0,-0.025647006232029836,-0.01069387587161231,-0.016011184157924484,0.018266473104048962,-0.005992316631940886,0.12,-0.12,-0.017209732406442454,-0.01822386328406403,-0.12,0.9987164094174187,0.9986123356333168,0.9989539364308708,0.9985952861962406,0.9968338740570041,1.0239781561164563,1.051787645756484,1.07807104495893,1.10843540689285,1.140225868709544
110,3.8287770033450177,1.8278528663892133,0.35213052233322256,0.15222284786135185,10.0,-0.009938280159972498,-0.008282001761217158,-0.03835259886130432,-0.028384931578303588,0.1624534613197255,-0.17721694299793786,-0.6331340061829697,-1.0,-0.7710147804835872,-1.0,-0.005707391797240984,0.010162237894348754,0.00013743416776411735,0.023009529706609487,0.010630884629055565,-0.03,0.03,-0.026483469407366997,-0.04257536966633288,-0.12,0.9987195906003316,0.9986621111138855,0.9990276314018548,0.998602436146151,0.9969060184822308,1.024050053160181,1.051678836088104,1.0779383158001345,1.1083769277340545,1.1400863895507485
111,3.811665012375724,1.760114774349853,0.35290702951062586,0.33988183904754143,10.0,0.01573376069908506,0.002205310473752685,-0.021039748117186355,-0.045641115038461445,0.16864313072585366,-0.2972169429979379,-0.5131340061829697,-1.0,-0.7480509981404772,-1.0,0.025672040859057558,0.010487312234969843,0.017312850744117966,-0.017256183460157858,0.006189669406128168,-0.12,0.12,-0.032673926185508725,0.022963782343110056,-0.12,0.9988197792594127,0.9987273560014598,0.999106803045593,0.9983499505347293,0.9969610153540391,1.02407388690065,1.0518099495144604,1.0780555024703273,1.108791114404247,1.140176576220941
112,3.798694674632588,1.7198498037786467,0.35320855026378034,0.14788330668610564,10.0,0.022235298485247842,-0.006937457716955931,-0.02169371369723909,-0.06900463842677476,0.1582906378280148,-0.26721694299793786,-0.5431340061829697,-1.0,-0.7101819792974479,-1.0,0.006501537786162782,-0.009142768190708616,-0.0006539655800527344,-0.023363523388313316,-0.01035249289783885,0.03,-0.03,-0.022167246953747874,0.03786901884302932,-0.12,0.9988168830312063,0.9986771486383921,0.9990333025735051,0.99834192298663,0.9968863876658403,1.0240004363504953,1.0519030975085226,1.0781719435734096,1.1088333055073294,1.1402997673240234
113,3.805484699174306,1.7928888825804805,0.3524934510296163,0.3390918022646001,10.0,-0.005002375826659369,-0.019193079610289307,-0.039141837091095484,-0.0518490509958442,0.15153063488275215,-0.14721694299793786,-0.6631340061829697,-1.0,-0.7284167715867578,-1.0,-0.027237674311907212,-0.012255621893333374,-0.017448123393856395,0.017155587430930562,-0.006760002945262661,0.12,-0.12,-0.017207887271946207,-0.018234792289309937,-0.12,0.9987124707637718,0.9986074764355052,0.9989484203639913,0.9985908116374375,0.9968305789211296,1.0239760342278936,1.0517865157256618,1.0780705717971757,1.1084349337310955,1.1402253955477897
114,3.8330518377247067,1.8239381531053975,0.35211994207620473,0.15182167245182066,10.0,-0.011366848937841838,-0.009554713734669963,-0.03959954135968209,-0.029360149920753587,0.16178759859934624,-0.17721694299793786,-0.6331340061829697,-1.0,-0.7710320359915053,-1.0,-0.0063644731111824684,0.009638365875619344,-0.00045770426858661103,0.022488901075090613,0.010256963716594097,-0.03,0.03,-0.026482032484153192,-0.042615264404747555,-0.12,0.9987123346869795,0.99865288038339,0.9990169024802386,0.9985936357923847,0.9968992226498228,1.0240455018242702,1.0516762052144866,1.077937183117638,1.108375795051558,1.1400852568682518
115,3.811379871952045,1.7587605635482089,0.35290278813775783,0.34239537451003704,10.0,0.015286816581606966,0.0018192830222806666,-0.021446475450063403,-0.04603784367699081,0.168365509607909,-0.2972169429979379,-0.5131340061829697,-1.0,-0.7480729944322864,-1.0,0.026653665519448803,0.01137399675695063,0.01815306590961869,-0.016677693756237226,0.0065779110085627535,-0.12,0.12,-0.0326752554191783,0.02295904155921885,-0.12,0.9988174534726053,0.9987242268391594,0.9991030492357772,0.9983468000994721,0.996958472912018,1.0240720765678282,1.0518088732688122,1.0780550508721947,1.1087906628061144,1.1401761246228084
116,3.7978108735334075,1.7223152613538022,0.35321467169250825,0.1463163870903003,10.0,0.023174152973582014,-0.006086074083374544,-0.020905122942182983,-0.06843812753747253,0.15866910465307632,-0.26721694299793786,-0.5431340061829697,-1.0,-0.7101873421628112,-1.0,0.007887336391975048,-0.00790535710565521,0.0005413525078804202,-0.022400283860481714,-0.009696404954832677,0.03,-0.03,-0.022167247750798355,0.037885652269475156,-0.12,0.9988215786204612,0.9986829914121977,0.9990399968976672,0.998347349857233,0.9968904736072203,1.0240031028285161,1.0519045999089667,1.0781725944234972,1.108833956357417,1.1403004181741112
117,3.8019528418135655,1.796064370586832,0.3525024123559471,0.3384884899880103,10.0,-0.003866519166202745,-0.018117473689871037,-0.0381153596921609,-0.05101955949423114,0.15208856481597385,-0.14721694299793786,-0.6631340061829697,-1.0,-0.7283944157742185,-1.0,-0.02704067213978476,-0.012031399606496494,-0.017210236749977917,0.017418568043241385,-0.006580539837102467,0.12,-0.12,-0.017208017065846834,-0.01820707361140725,-0.12,0.9987184437565266,0.9986151291485508,0.9989573284193867,0.9985981862863412,0.9968362594907088,1.0239798671381546,1.0517887393364416,1.0780715400656058,1.1084359019995256,1.1402263638162196
118,3.8327195728240295,1.8243120241347661,0.3521217165077764,0.15161222965953994,10.0,-0.011260982731875119,-0.009505981553455958,-0.03948271210152797,-0.02920830230610797,0.16190517276206542,-0.17721694299793786,-0.6331340061829697,-1.0,-0.7710054721880891,-1.0,-0.007394463565672374,0.008611492136415079,-0.0013673524093670737,0.02181125718812317,0.009816607946091571,-0.03,0.03,-0.026481634214080327,-0.04261105641387067,-0.12,0.9987128852827071,0.9986537384705372,0.9990180251092519,0.99859461550202,0.9969001256062726,1.0240461944880555,1.0516766740628327,1.0779373874241183,1.108375999358038,1.140085461174732
119,3.810564798167758,1.7560833772139617,0.35289601489894,0.3396316274151209,10.0,0.014299495838843636,0.0009260049237862621,-0.022288937497938872,-0.046677278108162426,0.16794912257680583,-0.2972169429979379,-0.5131340061829697,-1.0,-0.7480730100413132,-1.0,0.025560478570718755,0.01043198647724222,0.017193774603589097,-0.017468975802054455,0.006043949814740407,-0.12,0.12,-0.03267470783304831,0.022932462146775884,-0.12,0.9988124763557551,0.9987179548675861,0.9990958403933838,0.9983409241400816,0.9969540038656326,1.0240691239531288,1.0518072154596678,1.0780543299338698,1.1087899418677898,1.1401754036844838
120,3.798779897600401,1.7198198301564322,0.3532076042849375,0.14643226336462445,10.0,0.022306868517004655,-0.006920678638512281,-0.021700342103155905,-0.06907290819012299,0.1582194562747468,-0.26721694299793786,-0.5431340061829697,-1.0,-0.7102086946959509,-1.0,0.008007372678161019,-0.007846683562298543,0.0005885953947829675,-0.022395630081960556,-0.009729666302059042,0.03,-0.03,-0.02216837926592445,0.03786431534536225,-0.12,0.9988169639863548,0.9986770913472698,0.999033085123888,0.9983416089174701,0.9968860471696318,1.0240001077854175,1.0519028230362102,1.078171829259592,1.1088331911935119,1.1402996530102059
121,3.8015060035034067,1.7964240616655984,0.3525027249241213,0.3357562199362361,10.0,-0.003703568064024103,-0.017950741355283406,-0.0379993507679775,-0.05097536033773506,0.15210881562752412,-0.14721694299793786,-0.6631340061829697,-1.0,-0.728417218169955,-1.0,-0.026010436581028758,-0.011030062716771124,-0.016299008664821597,0.01809754785238793,-0.006110640647222665,0.12,-0.12,-0.01720924230303121,-0.018208523474004062,-0.12,0.9987192190092884,0.9986159939046044,0.9989582387397664,0.998598876622733,0.9968366872236735,1.0239800860550559,1.0517887969225044,1.0780715520873425,1.1084359140212623,1.1402263758379563
122,3.8298872820445373,1.8268827237306229,0.3521284185479517,0.15176688355519138,10.0,-0.010312870310427252,-0.008646510722189289,-0.038662899938390276,-0.02858678846379869,0.16232506397022556,-0.17721694299793786,-0.6331340061829697,-1.0,-0.7710021994585985,-1.0,-0.006609302246403149,0.009304230633094117,-0.0006635491704127736,0.02238857187393637,0.010216248342701434,-0.03,0.03,-0.02648274973746663,-0.04258498128864352,-0.12,0.9987176971084921,0.9986598088618529,0.999025040255786,0.9986003506967851,0.9969045071344785,1.0240491003543677,1.0516783316727123,1.0779381002787793,1.1083767122126993,1.140086174029393
123,3.8110247905662864,1.7578800393513438,0.3529011237820912,0.33879760943134385,10.0,0.014926576675971595,0.0014805221900996268,-0.021736554194489843,-0.04619752341446081,0.16827478913003868,-0.2972169429979379,-0.5131340061829697,-1.0,-0.7480578757803181,-1.0,0.025239446986398847,0.010127032912288916,0.016926345743900433,-0.01761073495066212,0.005949725159813124,-0.12,0.12,-0.03267397019744599,0.022944323678280365,-0.12,0.9988156868072695,0.9987221368223552,0.9991007550978978,0.9983449922854654,0.9969571986463219,1.024071324443872,1.0518084921200783,1.0780548738445357,1.1087904857784556,1.1401759475951496
124,3.7990742298379896,1.7189325952801031,0.3532056815424323,0.14707025549775338,10.0,0.02194196477069015,-0.00723609145011409,-0.021985342518502145,-0.06925710293034429,0.1581046825136418,-0.26721694299793786,-0.5431340061829697,-1.0,-0.7101980964737897,-1.0,0.007015388094718553,-0.008716613640213717,-0.0002487883240123029,-0.02305957951588348,-0.01017010661639689,0.03,-0.03,-0.022168011629337306,0.03785977930652834,-0.12,0.9988152282296052,0.9986749825961713,0.999030718131827,0.9983397345454667,0.9968846695728066,1.0239992431893399,1.0519023648188814,1.0781716292832257,1.1088329912171457,1.1402994530338395
125,3.8040795210867824,1.7941230021990087,0.3524964608404187,0.3370554972439409,10.0,-0.004537534750541035,-0.018744359492361647,-0.03874281480772014,-0.05156009908014179,0.15171854813696029,-0.14721694299793786,-0.6631340061829697,-1.0,-0.7284252156381499,-1.0,-0.026479499521231183,-0.011508268042247558,-0.016757472289217996,0.0176970038502025,-0.006386134376681507,0.12,-0.12,-0.01720875745833929,-0.018227119164360206,-0.12,0.9987148603672357,0.9986104511665984,0.9989518178999065,0.9985935816378999,0.9968326421874063,1.02397737925406,1.0517872490254374,1.0780708822921292,1.108435244226049,1.140225706042743
126,3.831032189730827,1.8257933534334965,0.35212502980897914,0.15186091372888916,10.0,-0.010692428085436322,-0.00895804428666852,-0.03900859666625818,-0.02889229174341261,0.1621083524157899,-0.17721694299793786,-0.6331340061829697,-1.0,-0.7710215273523537,-1.0,-0.006154893334895287,0.009786315205693126,-0.00026578185853803546,0.022667807336729177,0.010389804278829629,-0.03,0.03,-0.02648266276489171,-0.04259631171420389,-0.12,0.9987157615137466,0.9986572546229663,0.9990219984159018,0.9985978212598973,0.9969024683629547,1.0240476838369539,1.0516774729165745,1.077937729123639,1.108376341057559,1.1400858028742529
127,3.811436491168811,1.7591402993167964,0.3529041287676105,0.3409681064585207,10.0,0.01540270105240444,0.0019153740812105635,-0.021335933479931984,-0.045913003981997984,0.168455768991842,-0.2972169429979379,-0.5131340061829697,-1.0,-0.7480627604005166,-1.0,0.02609512913784076,0.010873418367879084,0.017672663186326196,-0.017020712238585374,0.0063474165760520895,-0.12,0.12,-0.03267458474231856,0.02295876695183721,-0.12,0.9988180707782933,0.9987250969452298,0.9991041224254614,0.9983477168451208,0.9969592383142489,1.0240726429945128,1.0518092191323147,1.078055193652083,1.108790805586003,1.140176267402697
128,3.798312476714492,1.720934918690049,0.3532111639221523,0.1464680108795292,10.0,0.022656376079987668,-0.0065600399366486095,-0.02134624148967911,-0.06876097922062419,0.15845105017808161,-0.26721694299793786,-0.5431340061829697,-1.0,-0.7101868406285635,-1.0,0.0072536750275832285,-0.008475414017859173,-1.0308009747127256e-05,-0.02284797523862621,-0.010004718813760388,0.03,-0.03,-0.022167352213219374,0.037875919771953065,-0.12,0.9988189632980721,0.9986797223151502,0.999036237178051,0.998344289136423,0.9968881593826293,1.0240015826173108,1.0519037350522524,1.0781722201893518,1.1088335821232715,1.1403000439399658
129,3.8035543431701644,1.7946199799200446,0.3524982726451363,0.3385142885608123,10.0,-0.0043797916629412376,-0.01860235947029022,-0.03858210237369044,-0.051401282226691276,0.15183091219943226,-0.14721694299793786,-0.6631340061829697,-1.0,-0.7284069460562117,-1.0,-0.027036167742928906,-0.01204231953364161,-0.017235860884011328,0.01735969699393291,-0.006620137978649354,0.12,-0.12,-0.01720807109871593,-0.018220105427648237,-0.12,0.9987157371259351,0.998611649529426,0.9989532690818748,0.9985948198666998,0.9968336567661715,1.0239781045504441,1.051787710266876,1.0780710907144275,1.1084354526483473,1.1402259144650413
130,3.8326096643393432,1.8243780191079906,0.3521215169060457,0.15172415571305736,10.0,-0.01122170277141115,-0.009448308525918072,-0.039460567343237815,-0.02922091589912411,0.16188969630950906,-0.17721694299793786,-0.6331340061829697,-1.0,-0.7710175243092356,-1.0,-0.006841911108469913,0.009154050944372147,-0.0008784649695473719,0.022180366327567168,0.010058784110076796,-0.03,0.03,-0.02648192281833263,-0.04261057825302389,-0.12,0.9987130784945486,0.9986539061398528,0.9990181579565492,0.9985946953213708,0.996900114590605,1.024046143611823,1.0516766107649445,1.0779373589482482,1.108375970882168,1.140085432698862
131,3.8109869340987346,1.757496285111153,0.3528996429559666,0.34083952196640954,10.0,0.014817455104153096,0.0013933152081957879,-0.02184538835316615,-0.04633501074407031,0.16817322701511442,-0.2972169429979379,-0.5131340061829697,-1.0,-0.7480715884931275,-1.0,0.026039157875564246,0.01084162373411386,0.017615178990071666,-0.0171140948449462,0.006283530705605361,-0.12,0.12,-0.03267489315173745,0.022945935816108154,-0.12,0.9988150917197487,0.9987212633229919,0.9990996530837759,0.9983440375854654,0.9969563812973186,1.0240707029963543,1.0518081058893576,1.0780547161285736,1.1087903280624936,1.1401757898791876
132,3.7983566458044704,1.7208974561805153,0.35321071249011143,0.14639129444196586,10.0,0.02267627185995605,-0.006561861060601866,-0.021357030371411567,-0.06879483600151631,0.15841792584773864,-0.26721694299793786,-0.5431340061829697,-1.0,-0.7101977714823386,-1.0,0.007858816755802953,-0.007955176268797654,0.0004883579817545822,-0.022459825257446005,-0.009755301167375774,0.03,-0.03,-0.022167818128982233,0.0378738170107889,-0.12,0.9988189486523545,0.9986796391094515,0.9990360794426089,0.998344104541678,0.9968879776561544,1.024001420310823,1.0519036068735568,1.0781721665403994,1.1088335284743192,1.1402999902910131
133,3.8019544050384932,1.7960416045029288,0.352501994314729,0.33714887101056906,10.0,-0.0038573306860167425,-0.01810249329682461,-0.038122796978167506,-0.05105053456697536,0.15206294325396244,-0.14721694299793786,-0.6631340061829697,-1.0,-0.7284073570756391,-1.0,-0.02653360254597279,-0.011540632236222743,-0.01676576660675594,0.017744301434540956,-0.006354982593776204,0.12,-0.12,-0.017208626751126513,-0.01820958559330038,-0.12,0.9987184509761253,0.9986150736436272,0.9989572152659486,0.9985980607284548,0.9968361103387033,1.023979731373264,1.0517886255309739,1.0780714839086525,1.1084358458425725,1.1402263076592662
134,3.8313118757200857,1.8255846854701723,0.3521249841394514,0.15170373915006113,10.0,-0.010789423246992131,-0.009075428319008953,-0.03907659506447172,-0.02890446531055666,0.16210948763055805,-0.17721694299793786,-0.6331340061829697,-1.0,-0.7710055269675906,-1.0,-0.0069320925609753885,0.009027064977815658,-0.0009537980863042125,0.022146069256418696,0.010046544376595606,-0.03,0.03,-0.026482222092821653,-0.042598169891951504,-0.12,0.9987152777470371,0.9986567462047832,0.9990214925519519,0.9985974463394155,0.9969022783223239,1.02404761619344,1.051677480325746,1.0779377339785772,1.1083763459124971,1.140085807729191
135,3.8108492934099245,1.757161715103121,0.3528990277730573,0.3393884214739837,10.0,0.014679407190587246,0.0012631407681728216,-0.02195610017383059,-0.04639413939995897,0.16814018516430698,-0.2972169429979379,-0.5131340061829697,-1.0,-0.7480653715321605,-1.0,0.025468830437579377,0.010338569087181775,0.017120494890641127,-0.01748967408940231,0.0060306975337489355,-0.12,0.12,-0.032674370245578774,0.022940155435430182,-0.12,0.998814416030493,0.9987204678982081,0.9990987833148278,0.9983433541812006,0.9969559029177967,1.0240704238981095,1.0518079661100683,1.0780546506934485,1.1087902626273685,1.1401757244440625
136,3.798866151551742,1.71953229646362,0.353207088106321,0.14649551765995256,10.0,0.02217845795972254,-0.007026191658245721,-0.02179306153526057,-0.06912508487346299,0.1581904310900346,-0.26721694299793786,-0.5431340061829697,-1.0,-0.7102019752541082,-1.0,0.007499050769135294,-0.008289332426418543,0.00016303863857002054,-0.022730945473504016,-0.009949754074272371,0.03,-0.03,-0.02216812065334979,0.037863396278052214,-0.12,0.9988163846396249,0.9986764063427561,0.9990323348127087,0.9983410319605431,0.9968856363957108,1.0239998639064742,1.0519027059812927,1.0781717775113402,1.10883313944526,1.140299601261954
137,3.802833309719888,1.7952395631605287,0.3524995441787016,0.33658745563511744,10.0,-0.004134870235013431,-0.018361921264508627,-0.038381954815976865,-0.05127322252515443,0.15191060266458006,-0.14721694299793786,-0.6631340061829697,-1.0,-0.7284197890337474,-1.0,-0.02631332819473597,-0.011335729606262904,-0.016588893280716294,0.01785186234830856,-0.006279828425454548,0.12,-0.12,-0.017208918962439215,-0.018217813779639158,-0.12,0.9987169698110595,0.998613141535446,0.9989549403914414,0.9985961605323387,0.9968346187416363,1.023978706260305,1.0517880122004621,1.078071213344467,1.1084355752783868,1.1402260370950807
138,3.830646908147079,1.8261678207103578,0.35212627819521997,0.15180441783130924,10.0,-0.010565291592635143,-0.008858869844368036,-0.03889002078220357,-0.028780864243235546,0.16218875059888144,-0.17721694299793786,-0.6331340061829697,-1.0,-0.7710121619048473,-1.0,-0.006430421357621712,0.009503051420140591,-0.0005080659662267048,0.02249235828191888,0.010278147934301374,-0.03,0.03,-0.026482633780994316,-0.04259237287109996,-0.12,0.998716411374168,0.9986581301240754,0.9990230548129229,0.9985987060226531,0.996903196925964,1.0240481989633718,1.051677791903464,1.0779378672146167,1.1083764791485367,1.1400859409652306
139,3.81120297683002,1.7584003698949315,0.35290231182147785,0.33994637666046384,10.0,0.01512657917088317,0.001664294783941589,-0.02156987814684058,-0.04608478445923282,0.1683451790997622,-0.2972169429979379,-0.5131340061829697,-1.0,-0.7480613119884525,-1.0,0.025691870763518313,0.010523164628309625,0.01732014263536299,-0.017303920215997276,0.006156428500880773,-0.12,0.12,-0.03267432735629912,0.022950849916394844,-0.12,0.9988166835262309,0.9987233618377009,0.9991021384906754,0.9983461056748748,0.9969580225938961,1.0240718483745603,1.0518087769303268,1.0780550002773523,1.1087906122112723,1.140176074027966
140,3.798670990232957,1.7199996768837642,0.35320857124937116,0.14664974113450802,10.0,0.02232587506378279,-0.0068747116623163705,-0.021644573076757077,-0.06899495924282242,0.15828682416383616,-0.26721694299793786,-0.5431340061829697,-1.0,-0.7101930978425343,-1.0,0.00719929589289962,-0.00853900644625796,-7.469492991649812e-05,-0.022910174783589594,-0.01005835493592605,0.03,-0.03,-0.022167702301648287,0.03786821414591823,-0.12,0.9988172243158202,0.9986775095233535,0.9990336548777221,0.9983421530124661,0.9968865188666403,1.0240004790981785,1.0519030856324412,1.0781719402780725,1.1088333022119925,1.1402997640286865
141,3.8036493216579306,1.7945214296097,0.3524977772951812,0.33770821730249856,10.0,-0.004404409863441858,-0.018621770709078285,-0.03861399268996223,-0.051442404987218575,0.15180031054446055,-0.14721694299793786,-0.6631340061829697,-1.0,-0.7284154836828617,-1.0,-0.026730284927224648,-0.011747059046761916,-0.016969419613205156,0.01755255425560385,-0.006486513619375606,0.12,-0.12,-0.01720844215062102,-0.0182223858403274,-0.12,0.9987155825571297,0.9986114116870306,0.9989529623857556,0.9985945464051513,0.9968334138773242,1.023977919064166,1.051787581160664,1.0780710304619392,1.108435392395859,1.140225854212553
142,3.8317546205484243,1.825149021004887,0.3521234749429905,0.15178588201810939,10.0,-0.010935119446286348,-0.009185396217452972,-0.039214455834850934,-0.02903848791503602,0.16201194592057097,-0.17721694299793786,-0.6331340061829697,-1.0,-0.7710182660333196,-1.0,-0.0065307095828444905,0.009436374491625312,-0.0006004631448886973,0.022403917072182554,0.010211635376110417,-0.03,0.03,-0.026482294690458832,-0.04260278235045789,-0.12,0.9987145320381886,0.9986557291001606,0.999020255978482,0.9985964064558145,0.996901411638163,1.0240469976586657,1.0516770930586887,1.0779375661803674,1.1083761781142873,1.1400856399309813
143,3.8111832349449934,1.7582297184382125,0.3529016723752106,0.3407638645051856,10.0,0.015076866343531968,0.001624015141491254,-0.021618711950745148,-0.04614421142818439,0.16830158037327672,-0.2972169429979379,-0.5131340061829697,-1.0,-0.7480669005268564,-1.0,0.026011985789818316,0.010809411358944226,0.017595743884105786,-0.017105723513148367,0.00628963445270575,-0.12,0.12,-0.032674700636616275,0.02295136550646315,-0.12,0.9988164145732696,0.9987229725451277,0.9991016511009675,0.9983456853974838,0.9969576657569419,1.0240715794384532,1.0518086107299358,1.078054932174096,1.108790544108016,1.1401760059247097
144,3.7983836928816235,1.7207873658400137,0.3532105840291538,0.1464270657214476,10.0,0.022620535900185555,-0.006604370267474487,-0.021392733148740642,-0.06880993343309508,0.15841209215216068,-0.26721694299793786,-0.5431340061829697,-1.0,-0.7101930787990595,-1.0,0.007543669556653587,-0.008228385408965741,0.00022597880200450615,-0.022665722004910682,-0.009889488221116044,0.03,-0.03,-0.022167629446764828,0.037873821727796964,-0.12,0.9988187160388413,0.9986793759236393,0.9990358031309816,0.9983439034735965,0.9968878435400738,1.0240013504597414,1.0519035823767264,1.0781721551693841,1.108833517103304,1.140299978919998
145,3.8027808356059487,1.795305207251896,0.3525000340990439,0.33773172271650714,10.0,-0.004126327356367386,-0.018359276855512446,-0.03836068372708794,-0.0512344998529671,0.15194077163638334,-0.14721694299793786,-0.6631340061829697,-1.0,-0.7284083269967231,-1.0,-0.02674686325655294,-0.01175490658803796,-0.016967950578347296,0.017575433580127975,-0.00647132051577734,0.12,-0.12,-0.01720839556208499,-0.018215248197663653,-0.12,0.9987170500618281,0.9986133001996259,0.9989551669358078,0.998596375543819,0.9968348295881724,1.023978878818881,1.0517881424510436,1.0780712757148618,1.1084356376487818,1.1402260994654756
146,3.8318535272678886,1.8250776871313363,0.3521234919956709,0.1517226482328335,10.0,-0.010969596781310601,-0.009228659400625743,-0.03923781298275608,-0.029040139022407055,0.16201464197170426,-0.17721694299793786,-0.6331340061829697,-1.0,-0.7710117279281775,-1.0,-0.006843269424943215,0.009130617454886704,-0.0008771292556681402,0.022194360830560048,0.010073870335320922,-0.03,0.03,-0.02648212117737432,-0.042603400931454455,-0.12,0.9987143604881701,0.9986555542066498,0.999020087151086,0.998596284172821,0.9969013574946829,1.0240469855580518,1.0516771048965985,1.0779375719521622,1.1083761838860822,1.1400856457027762
147,3.810946363236448,1.757433019941903,0.3528996206669564,0.3401156150816147,10.0,0.01478541176918468,0.0013611534560204162,-0.02186852326937303,-0.0463377417586696,0.16817469953532355,-0.2972169429979379,-0.5131340061829697,-1.0,-0.7480678842669691,-1.0,0.02575500855049528,0.010589812856646159,0.01736928971338305,-0.017297602736262546,0.006160057563619287,-0.12,0.12,-0.03267460933740453,0.022943843661208357,-0.12,0.9988149421519784,0.9987211082249171,0.9990995012988716,0.9983439290590633,0.9969563234256761,1.0240706867675609,1.0518081068591814,1.0780547137852268,1.1087903257191467,1.1401757875358407
148,3.7986108925625475,1.720210933665299,0.3532089127179939,0.14644743901556137,10.0,0.022423809271719927,-0.006796026701421052,-0.02157634749766278,-0.06895930172554379,0.1583052677476919,-0.26721694299793786,-0.5431340061829697,-1.0,-0.7101991904376006,-1.0,0.007638397502535248,-0.008157180157441468,0.00029217577171024994,-0.022621559966874198,-0.009869431787631638,0.03,-0.03,-0.022167940738285943,0.0378686938293685,-0.12,0.998817655868401,0.9986780132824067,0.999034200134839,0.9983425660584023,0.9968868079837631,1.0240006454092587,1.0519031605453746,1.0781719736929423,1.108833335626862,1.1402997974435563
149,3.802500679918716,1.7955455327415106,0.3525005189811135,0.3369533517171618,10.0,-0.004030941445688628,-0.018265517012498893,-0.03828307224037849,-0.051185422373720924,0.15197117419073802,-0.14721694299793786,-0.6631340061829697,-1.0,-0.7284136034747836,-1.0,-0.026454750717408555,-0.01146949031107784,-0.016706724742715708,0.01777387935182287,-0.006334093556953885,0.12,-0.12,-0.017208738439247626,-0.018214413037182964,-0.12,0.9987175292396969,0.9986138787593901,0.9989558139013193,0.9985968937383511,0.9968352001109517,1.0239791096409845,1.0517882572703456,1.0780713221284166,1.1084356840623364,1.1402261458790304
150,3.8310597227478413,1.825801354903537,0.3521254143624553,0.1517558562651417,10.0,-0.010704105660112723,-0.008990103249239562,-0.03900712553777717,-0.028862429418972005,0.1621353643726513,-0.17721694299793786,-0.6331340061829697,-1.0,-0.771009645328181,-1.0,-0.006673164214424095,0.00927541376325933,-0.0007240532973986774,0.02232299295474892,0.01016419018191328,-0.03,0.03,-0.026482410436086443,-0.042596041853397354,-0.12,0.9987157084671778,0.9986572620476044,0.9990220666174429,0.9985979052261641,0.9969026028220876,1.0240478156480557,1.0516775816848454,1.077937777115007,1.1083763890489267,1.1400858508656206
151,3.8110365984831893,1.7578081228005797,0.3529007243217333,0.3397631761568369,10.0,0.014913922954921444,0.0014739060622530019,-0.021754107224876938,-0.04623425142682723,0.1682457392937141,-0.2972169429979379,-0.5131340061829697,-1.0,-0.7480637223396891,-1.0,0.025618028615034167,0.010464009311492564,0.01725301831290023,-0.017371822007855225,0.006110374921062811,-0.12,0.12,-0.032674382089778006,0.02294592298849188,-0.12,0.9988156035698458,0.9987219792107064,0.9991005321241173,0.9983447863942082,0.9969570031754662,1.024071160568471,1.0518083842022403,1.0780548312888294,1.1087904432227493,1.1401759050394433
152,3.7987349595513344,1.719855786215128,0.3532080692603506,0.1464912307663046,10.0,0.022284821032891634,-0.006919930950810855,-0.021690132302938717,-0.06903821831527104,0.15825368184401123,-0.26721694299793786,-0.5431340061829697,-1.0,-0.7101972259245035,-1.0,0.00737089807797019,-0.008393837013063857,6.397492193822157e-05,-0.02280396688844382,-0.009992057449702885,0.03,-0.03,-0.022167890042956703,0.03786649641518555,-0.12,0.9988169730188667,0.9986771706267783,0.9990332414109273,0.998341794968613,0.9968862320431665,1.0240002742813117,1.051902955411738,1.078171884627589,1.108833246561509,1.140299708378203
153,3.8031886115589297,1.7949286678590972,0.35249881002426814,0.33718905661116977,10.0,-0.004253055931536888,-0.018476376508318515,-0.03848239285602926,-0.05134428141777985,0.1518647374726067,-0.14721694299793786,-0.6631340061829697,-1.0,-0.7284168181917509,-1.0,-0.02653787696442852,-0.011556445557507662,-0.016792260553090542,0.017693936897491193,-0.006388944371404526,0.12,-0.12,-0.01720865960703792,-0.018219592267247342,-0.12,0.9987163649450038,0.9986123927751328,0.9989540884344461,0.9985954681260338,0.9968341066023404,1.0239783749094813,1.0517878341020483,1.0780711384427348,1.1084355003766548,1.1402259621933488
154,3.831248542286538,1.825616254111938,0.352124780640146,0.1517886026599734,10.0,-0.010766294346642533,-0.0090375292298397,-0.03906571124580932,-0.028918792730076054,0.16209444987310212,-0.17721694299793786,-0.6331340061829697,-1.0,-0.7710148156801605,-1.0,-0.006513238415105645,0.009438847278478815,-0.0005833183897800652,0.022425488687703797,0.010229712400495417,-0.03,0.03,-0.02648243616697936,-0.04259799748840962,-0.12,0.9987153902972729,0.9986568297419944,0.9990215422542089,0.998597464817657,0.9969022371095,1.0240475553897423,1.0516774192756284,1.077937706763414,1.1083763186973337,1.1400857805140276
155,3.811170302206789,1.7582346882383657,0.35290177823749863,0.3403230270298628,10.0,0.015072784489739845,0.0016181986938113482,-0.02161932458365352,-0.04613464038547794,0.16831001250920608,-0.2972169429979379,-0.5131340061829697,-1.0,-0.7480643923639928,-1.0,0.025839078836382378,0.010655727923651048,0.0174463866621558,-0.017215847655401885,0.006215562636103955,-0.12,0.12,-0.03267451837078768,0.02295042331616773,-0.12,0.9988164021858154,0.9987229795390348,0.9991016770671804,0.9983457168741994,0.9969577063945626,1.0240716211788132,1.0518086409896472,1.0780549434615014,1.1087905553954214,1.1401760172121154
156,3.7985385623023653,1.7203670550113745,0.3532094915683773,0.14646304012091063,10.0,0.02246508101365844,-0.006748032344652469,-0.0215270401601822,-0.0689099616251504,0.1583438395826811,-0.26721694299793786,-0.5431340061829697,-1.0,-0.7101936583951334,-1.0,0.007392296523918596,-0.008366231038463817,9.228442347131854e-05,-0.02277532123967245,-0.009966172926524963,0.03,-0.03,-0.022167692354568128,0.0378707339688594,-0.12,0.9988179230615094,0.9986783803892184,0.9990346540282795,0.9983429642349911,0.9968871305692399,1.0240008792415283,1.0519033118898746,1.0781720382508135,1.1088334001847335,1.1402998620014273
157,3.8031587148005457,1.7949629811313272,0.35249902949150097,0.3376481141254687,10.0,-0.0042467917542121925,-0.018472641735969637,-0.03847128152269716,-0.051326633629198884,0.15187826777864682,-0.14721694299793786,-0.6631340061829697,-1.0,-0.7284121491989135,-1.0,-0.026711872767870633,-0.011724609391317167,-0.016944241362514958,0.01758332799595151,-0.006465571804034287,0.12,-0.12,-0.01720844924971189,-0.018218490803780074,-0.12,0.9987164120872645,0.9986124756541653,0.9989542017566673,0.9985955729916156,0.9968342055856557,1.0239784538923966,1.051787892055519,1.078071165953017,1.108435527886937,1.140225989703631
158,3.831733380890839,1.8251784483062896,0.35212366359643094,0.15175517020639212,10.0,-0.010928763759141091,-0.00918624792275666,-0.03920540675158421,-0.02902277538436243,0.16202466286462752,-0.17721694299793786,-0.6331340061829697,-1.0,-0.7710145750274595,-1.0,-0.006681972004928899,0.009286393813212977,-0.0007341252288870469,0.022303858244836453,0.010146395085980697,-0.03,0.03,-0.026482228845553832,-0.04260242582854595,-0.12,0.998714566185809,0.9986557950656557,0.9990203505571011,0.9985964924542561,0.9969014989780404,1.0240470687101932,1.05167714391901,1.0779375884275646,1.1083762003614845,1.1400856621781785
159,3.811064986167764,1.7578386564432946,0.3529006782177054,0.340384278225765,10.0,0.014933008570340911,0.0014939675789290546,-0.021741619125256656,-0.046238044452904886,0.16824035939816,-0.2972169429979379,-0.5131340061829697,-1.0,-0.7480670378612647,-1.0,0.025861772329482002,0.010680215501685715,0.017463787626327554,-0.017215269068542455,0.006215696533532489,-0.12,0.12,-0.032674630550094605,0.022947537166194798,-0.12,0.998815688923285,0.9987220568832679,0.9991005976919137,0.9983448261964238,0.9969570113807931,1.0240711462952186,1.0518083671659726,1.0780548263573269,1.1087904382912468,1.1401759001079406
160,3.7985167888066345,1.7204459035679596,0.3532096114551729,0.1464420383413185,10.0,0.022502349970427667,-0.0067184371682506155,-0.02150155583577927,-0.06889718637466201,0.15835014651914892,-0.26721694299793786,-0.5431340061829697,-1.0,-0.7101961637574583,-1.0,0.007569341400086756,-0.00821240474717967,0.0002400632894773852,-0.022659141921757123,-0.009890212879011095,0.03,-0.03,-0.02216779115592364,0.03787087410380635,-0.12,0.9988180852994407,0.998678568497032,0.9990348563267001,0.9983431162203201,0.9968872359421661,1.0240009387426705,1.0519033376292433,1.078172049799575,1.108833411733495,1.140299873550189
161,3.8026952727179193,1.7953761019385948,0.3525001337886043,0.33733748938481856,10.0,-0.00409606546897176,-0.018328832613618597,-0.038337796301421465,-0.05122309047640214,0.15194708965106996,-0.14721694299793786,-0.6631340061829697,-1.0,-0.7284114490255285,-1.0,-0.026598415439399427,-0.011610395445367981,-0.016836240465642194,0.01767409589825987,-0.00640305686807896,0.12,-0.12,-0.01720857155014653,-0.01821528526807009,-0.12,0.9987171975608372,0.9986134708026224,0.9989553517543374,0.9985965195088006,0.996834925603473,1.0239789336368155,1.0517881643306,1.078071283378885,1.108435645312805,1.1402261071294988
162,3.8314466483694134,1.8254473786225072,0.35212446086512267,0.15174346726453924,10.0,-0.01083342554467798,-0.009105510749814891,-0.03911991749765884,-0.028950366533682867,0.16207538180982206,-0.17721694299793786,-0.6331340061829697,-1.0,-0.771011097052849,-1.0,-0.00673736007570622,0.009223321863803705,-0.0007821211962373772,0.022272723942719272,0.010128292158752106,-0.03,0.03,-0.02648227823500103,-0.04259964802732055,-0.12,0.9987150516507101,0.9986564271584794,0.9990210967675515,0.9985971099581169,0.9969019893208538,1.0240474051723496,1.0516773447088639,1.0779376750997918,1.1083762870337117,1.1400857488504057
163,3.8110071105604986,1.7576734485229109,0.35290030932176514,0.3399794290817265,10.0,0.014868981050843659,0.0014349262408629437,-0.02179474638921068,-0.04627309332798339,0.16821869336022105,-0.2972169429979379,-0.5131340061829697,-1.0,-0.7480657210104696,-1.0,0.02570240659552164,0.010540436990677835,0.01732517110844816,-0.017322726794300525,0.006143311550398989,-0.12,0.12,-0.03267450049729102,0.022945376042379367,-0.12,0.9988153704635276,0.9987216674495385,0.999100159509599,0.9983444744512604,0.996956752625737,1.0240709831692376,1.0518082791620438,1.0780547871019834,1.1087903990359032,1.1401758608525971
164,3.7986588982725036,1.7200687477583663,0.35320859448613234,0.14646821526605314,10.0,0.02236631565179219,-0.006846232807546291,-0.02162196579113297,-0.06898952740851752,0.1582861008118646,-0.26721694299793786,-0.5431340061829697,-1.0,-0.7101978066207426,-1.0,0.007497334600948532,-0.008281159048409235,0.00017278059807770973,-0.022716434080534136,-0.009932592548356461,0.03,-0.03,-0.022167895133837698,0.037867914389727,-0.12,0.9988173794225217,0.9986776756295195,0.9990338193563462,0.9983422628962964,0.9968865838962742,1.0240005034346982,1.051903084136845,1.0781719404100185,1.1088333023439383,1.1402997641606323
165,3.8028657905162633,1.795218820673212,0.3524996255493445,0.3371222882734816,10.0,-0.0041491432595670355,-0.018377935398596973,-0.03838863019643077,-0.05126872873499052,0.15191551712232293,-0.14721694299793786,-0.6631340061829697,-1.0,-0.7284148866234479,-1.0,-0.026515458911359226,-0.011531702591050684,-0.016766664405297796,0.017720798673527,-0.006370583689541659,0.12,-0.12,-0.01720867663666624,-0.01821708000270525,-0.12,0.9987169109815879,0.9986130918058995,0.9989549017194248,0.9985961411289053,0.9968346245604641,1.0239787240948177,1.0517880363776422,1.078071226464117,1.1084355883980368,1.1402260502147308
166,3.8312059836261136,1.8256614691923925,0.3521249711284749,0.15177024780384388,10.0,-0.010752537708289829,-0.009029353052794951,-0.03905150580614658,-0.028902283733795657,0.16210696625106197,-0.17721694299793786,-0.6331340061829697,-1.0,-0.7710123878931172,-1.0,-0.006603394448722794,0.009348582345802022,-0.0006628756097158163,0.022366445001194862,0.010191449128739039,-0.03,0.03,-0.026482404806931856,-0.042597501269669324,-0.12,0.9987154613447636,0.9986569342202027,0.9990216748942676,0.9985975788862539,0.996902338300618,1.024047631011069,1.0516774691137667,1.0779377284397018,1.1083763403736215,1.1400858021903157
167,3.8110982654417356,1.757999247954982,0.3529011852041551,0.3400682997521092,10.0,0.014985828461668418,0.00153946789753873,-0.021693447788897948,-0.046190638448751056,0.16827360596076507,-0.2972169429979379,-0.5131340061829697,-1.0,-0.7480643277032071,-1.0,0.025738366169958247,0.010568820950333681,0.017358058017248632,-0.0172883547149554,0.006166639709703103,-0.12,0.12,-0.03267446542841389,0.02294806018991019,-0.12,0.9988159640478992,0.9987224280050404,0.9991010436184522,0.998345200816109,0.9969573143374764,1.0240713625434963,1.05180849595409,1.0780548803406784,1.1087904922745981,1.1401759540912921
168,3.7986278967082003,1.7201365542509548,0.35320884108729894,0.14647418710022705,10.0,0.022384702544584877,-0.006825237343561578,-0.02160053306128216,-0.06896843620561872,0.15830248633080513,-0.26721694299793786,-0.5431340061829697,-1.0,-0.7101955520414402,-1.0,0.007398874082916458,-0.008364705241100308,9.291472761578656e-05,-0.022777797756867668,-0.009971119629959946,0.03,-0.03,-0.022167793535340805,0.037868775661766885,-0.12,0.9988174962413857,0.9986778351580693,0.9990340157523137,0.9983424344699585,0.9968867224020806,1.024000603361591,1.0519031484559769,1.0781719678617325,1.1088333297956523,1.1402997916123463
169,3.80312934635185,1.7949855935624044,0.35249903052277515,0.33740555169061687,10.0,-0.004235631148915661,-0.018460950702939724,-0.038463985384004286,-0.051325173165117054,0.15187840089240806,-0.14721694299793786,-0.6631340061829697,-1.0,-0.7284142558775576,-1.0,-0.026620333693500538,-0.011635713359378148,-0.016863452322722124,0.01764326304050167,-0.006424085438397065,0.12,-0.12,-0.017208558522158676,-0.018218703836117373,-0.12,0.998716463504303,0.9986125300286436,0.9989542564306515,0.9985956125987826,0.9968342267794458,1.023978461953137,1.051787890522782,1.078071164120774,1.108435526054694,1.140225987871388
170,3.8314810505307237,1.825407226340909,0.3521242577173989,0.1517696311669452,10.0,-0.010844278017009198,-0.009109521178369294,-0.03913243524154579,-0.028967639195651873,0.16206186556345667,-0.17721694299793786,-0.6331340061829697,-1.0,-0.7710143621537835,-1.0,-0.006608646868093537,0.00935142952457043,-0.0006684498575415081,0.02235753396946518,0.010183464671048609,-0.03,0.03,-0.026482329885478204,-0.04260010627622593,-0.12,0.998714994910068,0.9986563354406968,0.9990209746382145,0.9985970024796176,0.9969018881587796,1.0240473265422143,1.051677290770801,1.0779376515732833,1.1083762635072032,1.1400857253238972
171,3.81110857665004,1.7580074573025608,0.35290115550925366,0.34031797635999717,10.0,0.014992057260464056,0.0015462464434662215,-0.02168968734689575,-0.04619321304200503,0.1682707392528299,-0.2972169429979379,-0.5131340061829697,-1.0,-0.7480656841234715,-1.0,0.025836335277473255,0.010655767621835515,0.01744274789465004,-0.017225573846353155,0.006208873689373229,-0.12,0.12,-0.03267456620058819,0.022948678030311948,-0.12,0.9988159910037292,0.9987224497473192,0.9991010589106379,0.9983452076994165,0.996957310544574,1.0240713519817983,1.0518084863332195,1.0780548771699008,1.1087904891038205,1.1401759509205145
172,3.798540190571221,1.7203739966446165,0.3532094607050192,0.14645424880702965,10.0,0.022472307870293952,-0.0067441398026571,-0.02152465691718156,-0.06891175399362356,0.15834123115161558,-0.26721694299793786,-0.5431340061829697,-1.0,-0.7101951516549422,-1.0,0.007480250609829896,-0.008290386246123322,0.00016503042971419135,-0.022718540951618543,-0.009929508101214318,0.03,-0.03,-0.022167754889140426,0.03787053246852931,-0.12,0.9988179439021972,0.9986783976003601,0.9990346653704513,0.9983429658209064,0.9968871260244017,1.0240008704068526,1.0519033019809765,1.0781720342108854,1.1088333961448054,1.1402998579614994
173,3.802926799443423,1.7951692130794346,0.35249957258867043,0.33746190262642456,10.0,-0.004171143780077609,-0.018400321070715014,-0.03840464346002324,-0.05127552191467037,0.15191212422375122,-0.14721694299793786,-0.6631340061829697,-1.0,-0.728412095813278,-1.0,-0.02664345165037156,-0.011656181268057913,-0.016879986542841677,0.017636232078953193,-0.006429106927864359,0.12,-0.12,-0.017208524470824896,-0.01821694415833583,-0.12,0.9987168053794473,0.9986129724475701,0.9989547747270735,0.9985960438372566,0.996834562526249,1.023978690884477,1.0517880257145424,1.0780712234350391,1.108435585368959,1.140226047185653
174,3.831557563619453,1.82534225773149,0.3521241376216367,0.15175141342737722,10.0,-0.010870223825675731,-0.009135956923670916,-0.039153300001627214,-0.028979561436040822,0.1620547366458317,-0.17721694299793786,-0.6331340061829697,-1.0,-0.771012835605699,-1.0,-0.006699080045598122,0.009264364147044098,-0.0007486565416039773,0.02229596047862955,0.010142612422080477,-0.03,0.03,-0.026482267068888107,-0.04260073979242099,-0.12,0.9987148640688388,0.9986561804569308,0.999020803614384,0.9985968664826288,0.9969017937980895,1.0240472697380925,1.0516772629178424,1.0779376397603895,1.1083762516943092,1.1400857135110032
175,3.811042548547295,1.75778073071193,0.35290056273821985,0.3401760706784792,10.0,0.014909681646399553,0.0014721557743589114,-0.021760570004333776,-0.04624908748936211,0.16823390097491253,-0.2972169429979379,-0.5131340061829697,-1.0,-0.7480662034770205,-1.0,0.025779905472075284,0.010608112698029828,0.017392729997293438,-0.017269526053321285,0.006179164329080833,-0.12,0.12,-0.03267455771306042,0.022946632128678507,-0.12,0.9988155740532284,0.9987219196510625,0.999100445928256,0.9983447059241135,0.9969569254620748,1.0240710944880826,1.051808340349296,1.0780548140721025,1.1087904260060224,1.1401758878227164
176,3.7985898918881422,1.72025052989744,0.3532090906224202,0.14645659205995074,10.0,0.02243131735301178,-0.006784819573934347,-0.02156394806707189,-0.0689445999092146,0.1583174260315177,-0.26721694299793786,-0.5431340061829697,-1.0,-0.7101968317724845,-1.0,0.007521635706612226,-0.008256975348293259,0.00019662193726188715,-0.022695512419852494,-0.009916474943394843,0.03,-0.03,-0.022167837266213755,0.03786937170453594,-0.12,0.9988177187148696,0.9986781059000535,0.9990343201086244,0.9983426758962779,0.9968869001704128,1.0240007152769335,1.0519032080716664,1.0781719938630956,1.1088333557970154,1.1402998176137094
177,3.8028110810671567,1.7952702027358678,0.35249980641463946,0.337248861064378,10.0,-0.004132529277569644,-0.018362846600669523,-0.03837202015274947,-0.05125276868259602,0.15192673866846615,-0.14721694299793786,-0.6631340061829697,-1.0,-0.7284132285041982,-1.0,-0.026563846630581422,-0.011578027026735176,-0.016808072085677583,0.017691831226618583,-0.006390687363051539,0.12,-0.12,-0.017208616713304967,-0.01821639673171377,-0.12,0.9987170025047847,0.9986132156482025,0.9989550508102065,0.9985962677908113,0.9968347274575133,1.0239787970937884,1.0517880822805823,1.0780712471185783,1.1084356090524983,1.1402260708691923
178,3.8313436342953016,1.8255381234411052,0.35212466711799434,0.1517577320181206,10.0,-0.010798736210934766,-0.009072269342199775,-0.039090890598069576,-0.02893075654607783,0.16208806065487474,-0.17721694299793786,-0.6331340061829697,-1.0,-0.771011971762237,-1.0,-0.006666206933365122,0.009290577258469749,-0.0007188704453201036,0.022322012136518188,0.010161321986408595,-0.03,0.03,-0.02648233891579095,-0.04259874325803881,-0.12,0.9987152271867834,0.9986566424047776,0.999021340541251,0.9985973069012158,0.9969021339087358,1.0240474975118123,1.051677394582767,1.0779376964462937,1.1083763083802136,1.1400857701969076
179,3.81105682249653,1.7578484437155582,0.3529007749600502,0.3400502759980125,10.0,0.014932052673475922,0.0014914665661774056,-0.02174022145773117,-0.04622923797336502,0.16824779208755494,-0.2972169429979379,-0.5131340061829697,-1.0,-0.7480651025573182,-1.0,0.025730788884410688,0.01056373590837718,0.017350669140338407,-0.01729848142728719,0.006159731432680199,-0.12,0.12,-0.03267449114807412,0.02294686920491884,-0.12,0.9988156904249891,0.998722076218093,0.99910063375029,0.9983448635452609,0.9969570526687251,1.024071185067349,1.0518083942011895,1.0780548366689926,1.1087904486029125,1.1401759104196065
180,3.798634128297157,1.720127184560845,0.35320878423501384,0.14646954475869695,10.0,0.022384331087774705,-0.006827430358931253,-0.021603417427730504,-0.06897295447979679,0.1582984822596352,-0.26721694299793786,-0.5431340061829697,-1.0,-0.7101965635023809,-1.0,0.0074522784142987825,-0.008318896925108659,0.00013680403000066593,-0.02274371650643177,-0.00994930982791975,0.03,-0.03,-0.02216783718481523,0.037868539054937256,-0.12,0.9988174837060498,0.9986778134732283,0.9990339850583124,0.998342404277424,0.9968866956635454,1.0240005818149152,1.0519031328727044,1.0781719612876202,1.10883332322154,1.1402997850382341
181,3.802987821514435,1.7951112387125931,0.3524993579613032,0.3372790396033006,10.0,-0.004189373906839017,-0.018416668894038618,-0.03842338732749929,-0.05129427727279895,0.15189881736139654,-0.14721694299793786,-0.6631340061829697,-1.0,-0.7284143475709551,-1.0,-0.02657370499461372,-0.011589238535107366,-0.016819969899768784,0.01767867720699784,-0.0063996648982386495,0.12,-0.12,-0.01720861029022426,-0.018217784068574244,-0.12,0.998716703603045,0.9986128326915675,0.9989546050306307,0.998595898751485,0.9968344431882992,1.0239786052854887,1.0517879710021176,1.0780711986630545,1.1084355605969742,1.1402260224136682
182,3.8313602323207436,1.8255194313262875,0.3521245783885108,0.15176821685270075,10.0,-0.01080402270229338,-0.009074694615920531,-0.039096734973934524,-0.0289383485277208,0.16208218118839451,-0.17721694299793786,-0.6331340061829697,-1.0,-0.7710133011315721,-1.0,-0.006614648795454363,0.009341974278118087,-0.0006733476464352364,0.02235592874507815,0.010183363826997971,-0.03,0.03,-0.02648235886839488,-0.04259895356061691,-0.12,0.9987151996807239,0.9986565995249552,0.999021284432629,0.9985972579293573,0.9969020887566833,1.0240474628796363,1.0516773711368406,1.0779376862291667,1.1083762981630865,1.1400857599797807
183,3.811097613390369,1.7579824624242568,0.3529011139620191,0.3401885711656079,10.0,0.01498146686092483,0.0015361729209755412,-0.02169805678324547,-0.046197233726163064,0.1682686323256687,-0.2972169429979379,-0.5131340061829697,-1.0,-0.748065101592484,-1.0,0.02578548956321821,0.010610867536896072,0.017398678190689056,-0.017258885198442264,0.006186451137274174,-0.12,0.12,-0.03267451852147728,0.022948199539088138,-0.12,0.9988159395230929,0.9987223901247975,0.9991009945475302,0.9983451576333481,0.9969572763443035,1.0240713328465134,1.0518084771747924,1.0780548727520598,1.1087904846859797,1.1401759465026737
184,3.79858563412887,1.7202520014082574,0.35320913788737124,0.14646374163467962,10.0,0.022427724328136563,-0.006785666406044,-0.021563624996944968,-0.06894119103949756,0.1583209833472098,-0.26721694299793786,-0.5431340061829697,-1.0,-0.7101954948301296,-1.0,0.007446257467211732,-0.008321839327019541,0.00013443178630050123,-0.022743957313334492,-0.0099476489784589,0.03,-0.03,-0.022167780557465808,0.03786960676235443,-0.12,0.9988177146137708,0.9986781087019158,0.999034330914447,0.9983426915526842,0.9968869171605796,1.0240007316855742,1.0519032217887143,1.078171999576183,1.108833361510103,1.140299823326797
185,3.803010220397389,1.7950932197645981,0.3524993422508847,0.3374157921402272,10.0,-0.004197538115776785,-0.018425027314498896,-0.03842920351678206,-0.05129649508654774,0.1518978006924422,-0.14721694299793786,-0.6631340061829697,-1.0,-0.7284132064904341,-1.0,-0.026625262443913347,-0.011639360908454896,-0.01686557851983709,0.017644695952949818,-0.006423182654767601,0.12,-0.12,-0.017208548925637265,-0.01821771166030453,-0.12,0.9987166647433201,0.9986127893407698,0.9989545593923278,0.9985958641348642,0.9968344217361905,1.0239785943025206,1.051787968104626,1.0780711980530682,1.108435559986988,1.140226021803682
186,3.8315019892395186,1.8253907738219926,0.35212424294331296,0.15176047890258568,10.0,-0.010851477117829036,-0.009117710290407283,-0.03913776506825747,-0.02896945708041103,0.1620611654059242,-0.17721694299793786,-0.6331340061829697,-1.0,-0.7710134650957817,-1.0,-0.006653939002052252,0.009307317024091613,-0.0007085615514754104,0.02232703800613671,0.010163364713482004,-0.03,0.03,-0.026482302996880855,-0.042600258605347635,-0.12,0.998714958850724,0.9986562957001363,0.9990209333222996,0.9985969708824888,0.9969018694595021,1.024047317436625,1.051677288172161,1.0779376505499978,1.1083762624839175,1.1400857243006117
187,3.811074598775422,1.7578925283149316,0.35290085832272694,0.34023033889922527,10.0,0.014950093630238678,0.0015084269913723455,-0.021725693847336667,-0.04622124022872255,0.16825233585356641,-0.2972169429979379,-0.5131340061829697,-1.0,-0.7480658590432784,-1.0,0.025801570748067715,0.010626137281779628,0.0174120712209208,-0.017251783148311522,0.006191170447642225,-0.12,0.12,-0.03267455544205759,0.022947606052503372,-0.12,0.9988157788930531,0.9987221808815899,0.9991007486372604,0.9983449540769397,0.9969571164877342,1.0240712227366595,1.0518084132921364,1.0780548455364658,1.1087904574703855,1.1401759192870797
188,3.7985709020499456,1.7202964470277582,0.35320923417440425,0.14645671073573474,10.0,0.022445998567087164,-0.006769874402415495,-0.02154935563125467,-0.06893196789458753,0.15832673126741761,-0.26721694299793786,-0.5431340061829697,-1.0,-0.7101960251062758,-1.0,0.007495904936848485,-0.008278301393787841,0.00017633821608199762,-0.02271072766586498,-0.0099256045861488,0.03,-0.03,-0.02216779893335978,0.03786983393700258,-0.12,0.9988178015264579,0.9986782142914714,0.9990344494368231,0.9983427854048377,0.9968869861403274,1.0240007749804636,1.0519032447363654,1.078172009591014,1.1088333715249337,1.1402998333416277
189,3.80288142205079,1.7952083733709672,0.35249965575202974,0.3373507903263,10.0,-0.004155802563279569,-0.018385307153634553,-0.03839199450942524,-0.05126723043772212,0.15191733212864225,-0.14721694299793786,-0.6631340061829697,-1.0,-0.7284128060771786,-1.0,-0.026601801130366733,-0.011615432751219056,-0.016842638878170568,0.017664737456865406,-0.006409399138775362,0.12,-0.12,-0.01720857320031581,-0.0182167809709029,-0.12,0.9987168828824947,0.9986130667408584,0.9989548807381478,0.9985961291376882,0.9968346241797612,1.0239787297698781,1.0517880455723716,1.078071231575082,1.108435593509002,1.140226055325696
190,3.8314447072090494,1.8254452563586276,0.3521244125028547,0.1517557718654642,10.0,-0.010832486984493211,-0.009102123995386445,-0.039120470194081866,-0.028954170242367808,0.16207200882379919,-0.17721694299793786,-0.6331340061829697,-1.0,-0.7710124977880132,-1.0,-0.0066766844212136425,0.009283183158248108,-0.0007284756846566327,0.02231306019535431,0.010154676695156933,-0.03,0.03,-0.02648230735271105,-0.04259969171083458,-0.12,0.9987150556906395,0.9986564234958987,0.9990210855157522,0.9985970974392614,0.9969019714678601,1.0240473883142094,1.051677331140918,1.0779376691210645,1.1083762810549844,1.1400857428716784
191,3.811053991959656,1.7578294588593515,0.3529007078930069,0.3401217136800133,10.0,0.014926260844559384,0.0014866581157821183,-0.021745749875194825,-0.046235483195472424,0.168243276125663,-0.2972169429979379,-0.5131340061829697,-1.0,-0.7480656146220765,-1.0,0.025758747829052596,0.010588782111168564,0.01737472031888704,-0.017281312953104616,0.00617126730186382,-0.12,0.12,-0.03267452466853947,0.0229468831659366,-0.12,0.9988156595522345,0.9987220326987636,0.9991005800700463,0.9983448176839863,0.9969570143807599,1.0240711567305352,1.0518083768979465,1.0780548295266639,1.1087904414605836,1.1401759032772778
192,3.7986090197553875,1.7201962227234495,0.35320895979950523,0.14646297627697671,10.0,0.0224102423372839,-0.006803706636662731,-0.02158133937189274,-0.06895679710243925,0.15830939663170232,-0.26721694299793786,-0.5431340061829697,-1.0,-0.7101965884944988,-1.0,0.007483981492724515,-0.00829036475244485,0.0001644105033020843,-0.022721313906966828,-0.009933879493960684,0.03,-0.03,-0.022167831931875367,0.03786902612757767,-0.12,0.9988176146008054,0.998677977086673,0.9990341732290944,0.9983425574680191,0.9968868114892778,1.0240006579001473,1.051903176160522,1.0781719800181007,1.1088333419520207,1.1402998037687146
193,3.802907692068458,1.7951835060653423,0.35249956512002406,0.33727777290099326,10.0,-0.004163691778980391,-0.01839241092128613,-0.03840003401192156,-0.05127517400583798,0.15191171177162616,-0.14721694299793786,-0.6631340061829697,-1.0,-0.7284137203978982,-1.0,-0.02657393411626429,-0.011588704284623396,-0.01681869464002882,0.01768162309660127,-0.006397684860076164,0.12,-0.12,-0.01720860754715485,-0.018217131903399353,-0.12,0.9987168390256684,0.9986130067983067,0.9989548081497928,0.9985960671997745,0.9968345734302815,1.023978693491503,1.0517880224996115,1.0780712211481254,1.1084355830820452,1.1402260448987391
194,3.831365750140865,1.8255161107990565,0.3521245883376614,0.15176261661498155,10.0,-0.0108059953931531,-0.009077583594391182,-0.03909784826496515,-0.0289377220614455,0.1620829536399251,-0.17721694299793786,-0.6331340061829697,-1.0,-0.7710126980060771,-1.0,-0.006642303614172708,0.009314827326894946,-0.0006978142530435945,0.022337451944392482,0.01017124186829893,-0.03,0.03,-0.026482344365951413,-0.042598977608178906,-0.12,0.9987151899845549,0.9986565910973805,0.9990212777430703,0.9985972539029311,0.9969020892803983,1.024047465407275,1.0516773742957306,1.0779376876500406,1.1083762995839606,1.1400857614006545
195,3.811076487512204,1.7579117150541081,0.35290093237865655,0.3401281355963347,10.0,0.01495554888957272,0.0015127835547711424,-0.02172025336502596,-0.046214364598330955,0.1682574151425329,-0.2972169429979379,-0.5131340061829697,-1.0,-0.748065172781063,-1.0,0.02576154428272582,0.010590367149162325,0.017377594899939192,-0.017276642536885455,0.006174461502607809,-0.12,0.12,-0.03267450923388486,0.02294752522501406,-0.12,0.9988158086379235,0.9987222245496119,0.9991008037336826,0.9983450018087617,0.996957157357969,1.024071253814026,1.0518084326080772,1.0780548534240066,1.1087904653579264,1.1401759271746204
196,3.79860681846258,1.7201980850294074,0.35320898235651305,0.14646578422946935,10.0,0.022409244009401967,-0.006803620599606895,-0.021580804279989468,-0.0689551064688172,0.15831105240931587,-0.26721694299793786,-0.5431340061829697,-1.0,-0.7101960415145407,-1.0,0.007453695119829247,-0.008316404154378038,0.00013944908503649156,-0.022740741870486234,-0.009946362733217029,0.03,-0.03,-0.022167808616389437,0.03786913126652228,-0.12,0.9988176153098423,0.9986779812192429,0.9990341810871638,0.9983425666738313,0.9968868205595817,1.0240006660072856,1.0519031825671141,1.0781719826991931,1.1088333446331131,1.140299806449807
197,3.802987771534238,1.7951123565748388,0.35249937883845034,0.33734610293044626,10.0,-0.004189842322036022,-0.018417429394471486,-0.038423022740286236,-0.051292730175127976,0.1519000977830132,-0.14721694299793786,-0.6631340061829697,-1.0,-0.7284136999383958,-1.0,-0.02659908633143799,-0.01161380879486459,-0.01684221846029677,0.01766237629368922,-0.006410954626302673,0.12,-0.12,-0.017208579739624127,-0.018217658423855004,-0.12,0.9987167031935946,0.99861283541499,0.9989546106350018,0.9985959049882166,0.996834450622819,1.0239786120637513,1.0517879766875502,1.0780712014675384,1.1084355634014582,1.1402260252181522
198,3.8314306924879626,1.8254557142901124,0.35212441483232376,0.15176363913122187,10.0,-0.010827627248006674,-0.009096243163799277,-0.039117062177364936,-0.028953557317051362,0.16207195492481413,-0.17721694299793786,-0.6331340061829697,-1.0,-0.7710132984760185,-1.0,-0.006637784925970652,0.00932118623067221,-0.0006940394370787036,0.022339172858076614,0.010171857141800938,-0.03,0.03,-0.026482329394379236,-0.04259959853762274,-0.12,0.9987150799319255,0.9986564489783585,0.9990211108769393,0.9985971162398043,0.9969019810060933,1.0240473917180124,1.05167733078138,1.0779376688827993,1.108376280816719,1.140085742633413
199,3.811083381005882,1.7579284759203042,0.3529009632000584,0.34020076329565996,10.0,0.014962463208564057,0.0015193015755108653,-0.02171470983871002,-0.04621140232944326,0.16825907103513713,-0.2972169429979379,-0.5131340061829697,-1.0,-0.7480654838376093,-1.0,0.02579009045657073,0.010615544739310142,0.017402352338654916,-0.0172578450123919,0.006187116110322993,-0.12,0.12,-0.0326745353908119,0.02294781463840928,-0.12,0.9988158424746048,0.9987222643848876,0.9991008472947167,0.9983450360354652,0.9969571813187897,1.0240712677964994,1.051808439612128,1.0780548567022992,1.1087904686362189,1.1401759304529129
200,3.798581315559754,1.7202664098343072,0.3532091637555173,0.14646056641892674,10.0,0.022434157764255558,-0.006780380715809019,-0.02155898100476571,-0.06893857754434184,0.15832243831792844,-0.26721694299793786,-0.5431340061829697,-1.0,-0.7101958310317456,-1.0,0.007471694555691501,-0.008299682291319884,0.00015572883394431025,-0.022727175214898573,-0.009936632717208682,0.03,-0.03,-0.022167793465505556,0.037869652805863796,-0.12,0.9988177436359758,0.9986781430164484,0.9990343685026638,0.9983427204557621,0.9968869377386955,1.024000743904504,1.0519032276562814,1.078172002170066,1.1088333641039858,1.14029982592068
