step,J,D,stress,movement,active_directed_pairs,x_0,x_1,x_2,x_3,x_4,x_5,x_6,x_7,x_8,x_9,v_0,v_1,v_2,v_3,v_4,v_5,v_6,v_7,v_8,v_9,y_0,y_1,y_2,y_3,y_4,y_5,y_6,y_7,y_8,y_9
1,0.6,0.036,0.39235599999999976,0.6,18.0,0.0,0.0,0.0,0.0,0.0,-0.12,-0.12,-0.12,-0.12,-0.12,0.0,0.0,0.0,0.0,0.0,-0.12,-0.12,-0.12,-0.12,-0.12,0.999805,0.999805,0.999805,0.999508,0.999184,1.0288329999999999,1.058455,1.08805,1.118347,1.148671
2,1.387400715226802,0.17274131498408546,0.3852498960803688,0.7874007152268021,18.0,0.0,-0.010714285714285714,-0.016666666666666666,-0.04001976284584979,0.12,-0.24,-0.24,-0.24,-0.24,-0.24,0.0,-0.010714285714285714,-0.016666666666666666,-0.04001976284584979,0.12,-0.12,-0.12,-0.12,-0.12,-0.12,0.9995789122200264,0.9994978722002635,0.9997678722002635,0.9991738722002635,0.9985427472002635,1.0278707472002635,1.0571957872200264,1.0861157872200264,1.1167097872200262,1.1473577872200262
3,2.5413952793546786,0.49846441497559335,0.3779500314907707,1.1873278974612105,18.0,0.12,-0.1307142857142857,0.10333333333333333,-0.1600197628458498,0.22732789746121024,-0.36,-0.36,-0.36,-0.36,-0.36,0.12,-0.12,0.12,-0.12,0.10732789746121024,-0.12,-0.12,-0.12,-0.12,-0.12,0.9995937441943916,0.9992697041746288,0.9997811919439166,0.9987281919439165,0.9979620669439165,1.0267230669439165,1.0559131069636793,1.0841866191943916,1.1150776191943916,1.1460496191943916
4,3.591120395977426,0.9256792232011386,0.3698774628278528,1.1061149021409964,18.0,0.24,-0.25071428571428567,0.22333333333333333,-0.2779397722277216,0.1991330047020856,-0.48,-0.48,-0.48,-0.48,-0.48,0.12,-0.12,0.12,-0.11792000938187183,-0.02819489275912465,-0.12,-0.12,-0.12,-0.12,-0.12,0.9995751634690909,0.9990123354303299,0.9994603846909095,0.9979483846909095,0.9970472596909095,1.0252412596909095,1.0542920877296706,1.0822240384690909,1.1134120384690909,1.1447080384690909
5,3.911574193148142,1.1057953323196252,0.36291512365813944,0.6395462028292843,18.0,0.23343341400215795,-0.22665943752130868,0.21452423539472448,-0.26203127288280115,0.10643279815189241,-0.4684930351952571,-0.6,-0.6,-0.6,-0.6,-0.006566585997842045,0.024054848192976985,-0.008809097938608845,0.015908499344920418,-0.09270020655019318,0.011506964804742892,-0.12,-0.12,-0.12,-0.12,0.9994113601545911,0.9988807468270033,0.9991202206228451,0.9976455652518339,0.99638255386593,1.0242414102422195,1.052882023569807,1.0806175497739654,1.1117770700360738,1.1433970700360736
6,4.036429779441778,1.3194739667860078,0.35749072510923147,0.8363451799336031,18.0,0.17346941397087945,-0.17144529392040722,0.14730132335125748,-0.20868753173846458,0.10703318126551203,-0.3484930351952571,-0.72,-0.72,-0.72,-0.72,-0.0599640000312785,0.05521414360090146,-0.067222912043467,0.05334374114433657,0.0006003831136196236,0.12,-0.12,-0.12,-0.12,-0.12,0.9991667455192946,0.9987441532675243,0.9989849779253717,0.9978882739544027,0.9962143002923274,1.0238431579102951,1.0519977501620654,1.0793269255042182,1.1101894457663264,1.1421334457663264
7,4.373193836614616,1.7348857671953928,0.35295298878997233,0.6335478856457508,18.0,0.1539050003591328,-0.17859112309585093,0.14528651455491817,-0.2018748399100945,0.16084310760853257,-0.2284930351952571,-0.7842002158908306,-0.84,-0.84,-0.84,-0.019564413611746656,-0.0071458291754437075,-0.002014808796339307,0.006812691828370077,0.05380992634302054,0.12,-0.06420021589083058,-0.12,-0.12,-0.12,0.9990235893527072,0.9986147928018893,0.9989766897940084,0.9982033977814154,0.9963673382173861,1.0236488224911873,1.051411619042005,1.078214722049886,1.1087802423119943,1.1408975828948995
8,4.7846200947016175,2.1324998280245073,0.3487967625380111,0.5830258263053398,18.0,0.17768034581246553,-0.1907777370600692,0.17654558692542358,-0.21356244671820546,0.1891605112085356,-0.2584930351952571,-0.6984004317816611,-0.96,-0.96,-0.96,0.023775345453332736,-0.012186613964218274,0.0312590723705054,-0.011687606808110956,0.028317403600003038,-0.03,0.08579978410916941,-0.12,-0.12,-0.12,0.9989963835157918,0.9985639195611874,0.9989895307114066,0.9981098919824515,0.9965246857525106,1.023398903696045,1.0508073676506493,1.07714175650043,1.1077815267625382,1.1396672079283487
9,4.785238365851011,2.2347504076233657,0.34865001505817533,0.33613456725740243,18.0,0.19711049689107948,-0.17562800694755046,0.18322000976906966,-0.23583429199934358,0.1774733431613524,-0.23757178530095488,-0.5784004317816611,-1.0,-1.0,-1.0,0.019430151078613955,0.015149730112518744,0.006674422843646083,-0.022271845281138125,-0.0116871680471832,0.020921249894302246,0.12,-0.09866338306485285,-0.05382119454486034,-0.10537445611005103,0.9990572100023147,0.9985796455610161,0.9989789605831292,0.9981248712437063,0.9968398041888382,1.0235850081712539,1.0509125726125526,1.0771382575904396,1.1077262477590595,1.1392879289248699
10,4.601156700527323,2.220138015539861,0.35012049649894844,0.19921008522228648,18.0,0.19360658620980406,-0.1773143823326939,0.17093764605892717,-0.21903497463615929,0.17198736121669714,-0.11757178530095488,-0.5842782663458164,-1.0,-0.9664256984262697,-1.0,-0.003503910681275424,-0.0016863753851434349,-0.012282363710142491,0.016799317363184296,-0.0054859819446552716,0.12,-0.0058778345641552765,-0.016930857685536732,0.033574301573730314,-0.026625273386587656,0.9990698342580507,0.9986262884344125,0.9990132599971501,0.9984609009371469,0.9971626197701872,1.0239299320072812,1.0513292368808766,1.0775672653181392,1.1078582554867589,1.1394358068058925
11,4.335937050086233,1.9911286579742018,0.3534844266232294,0.3431714161610424,18.0,0.17464730731422384,-0.1801447637805084,0.16965400907361336,-0.19600773326266488,0.17813286262885963,-0.14757178530095488,-0.46427826634581637,-0.979074623953323,-0.8464256984262697,-1.0,-0.018959278895580217,-0.0028303814478145006,-0.0012836369853138074,0.023027241373494406,0.006145501412162496,-0.03,0.12,0.02092537604667702,0.12,-0.12,0.9991171431500803,0.9987202274902234,0.9991210264311383,0.9985200123976442,0.9975501890814649,1.0243810185900688,1.052111693299883,1.078335894358968,1.108701134527588,1.1399546858467215
12,4.358435334342992,1.8782224904030445,0.354114930750241,0.2624982842567575,18.0,0.1773349261784791,-0.18046332908098892,0.1751882539757548,-0.2200619623174019,0.18246119082387546,-0.2212918441636625,-0.4942782663458164,-0.9809298630307428,-0.7264256984262697,-1.0,0.0026876188642552534,-0.00031856530048052223,0.005534244902141439,-0.02405422905473703,0.004328328195015829,-0.07372005886270762,-0.03,-0.001855239077419829,0.12,-0.12,0.9991394794905291,0.9986938540168364,0.9991043916961901,0.9983172922315441,0.9972669706557129,1.0240824119491916,1.0522397964728416,1.078454258793488,1.109001956107793,1.1403365074269267
13,4.33962695565135,1.8897404414047727,0.3536546328758002,0.35876795721605764,18.0,0.18626112446324633,-0.18618609390859173,0.1698036796917411,-0.2363226514979828,0.14126827894193145,-0.14501190302637013,-0.6142782663458164,-1.0,-0.6604949577756702,-1.0,0.008926198284767234,-0.005722764827602811,-0.0053845742840137045,-0.01626068918058088,-0.04119291188194402,0.07627994113729238,-0.12,-0.03829348960121712,0.06593074065059942,-0.12,0.9991199828664292,0.9986414294971458,0.9989592831247652,0.9983489261467495,0.9969836179255219,1.0237529713020768,1.0521509655543668,1.0784581119267476,1.1088170163867377,1.1404755677058713
14,4.411426898085798,1.8812592052349217,0.35244812298532474,0.20860921576491132,18.0,0.1786062442345663,-0.18531698906757021,0.15899273211774384,-0.21916288385184085,0.13935834256654042,-0.21873196188907773,-0.5842782663458164,-1.0,-0.7269794780126422,-1.0,-0.007654880228680022,0.0008691048410215119,-0.010810947573997254,0.017159767646141938,-0.0019099363753910248,-0.07372005886270762,0.03,-0.02870353244458848,-0.06648452023697199,-0.12,0.9990572404497664,0.9986134356099664,0.9989269918807411,0.998144511845349,0.9968588347839967,1.0236476478661847,1.051801467350245,1.0781129110794703,1.1086542726851456,1.1402318240042792
15,4.613013949656429,1.9326179912725037,0.35072478779079225,0.21188706943795418,18.0,0.17554793232482954,-0.18322529204364515,0.16970619565077238,-0.23716468642292352,0.1549110580820547,-0.30671913965454456,-0.6217391689077009,-1.0,-0.7640004765699577,-1.0,-0.003058311909736766,0.00209169702392506,0.010713463533028544,-0.018001802571082665,0.015552715515514265,-0.08798717776546684,-0.03746090256188453,-0.04512779289510846,-0.0370209985573155,-0.12,0.999029186057911,0.9985489275679046,0.9988974774485891,0.9979013578693057,0.9965112419482236,1.0232807707960523,1.0513544277848632,1.0776308779041788,1.1083900077748237,1.1400687035308743
16,4.612068651863442,1.971505752785143,0.3505652364113086,0.14462490725056815,18.0,0.18583589958310612,-0.18753100248439256,0.17086346402035646,-0.24279921375108132,0.14413877779481046,-0.24470631742001142,-0.6672704201393381,-1.0,-0.7689235566703454,-1.0,0.010287967258276576,-0.004305710440747401,0.0011572683695840746,-0.005634527328157807,-0.010772280287244224,0.06201282223453315,-0.0455312512316373,-0.05610881052914424,-0.004923080100387611,-0.12,0.9990371077862554,0.9985454393784096,0.9988697516284478,0.9980132250283962,0.9965069562229328,1.0232744019876963,1.0513439611920306,1.0776446489419922,1.1082502970776067,1.140051927211983
17,4.527208809198037,1.9099996400237473,0.35170563458901666,0.23083010280939928,18.0,0.1815958612950019,-0.18279913736542944,0.16648649797582343,-0.21715881548256424,0.15883968834838766,-0.3029905369384316,-0.5628016713709755,-1.0,-0.7545366004214236,-1.0,-0.004240038288104209,0.004731865118963119,-0.004376966044533026,0.02564039826851708,0.014700910553577196,-0.05828421951842015,0.1044687487683627,-0.03210739156223322,0.014386956248921778,-0.12,0.9990600667768913,0.9986203201755391,0.998977709474323,0.9979826534826521,0.996750997611301,1.0235263219149444,1.0515892782249692,1.0778568889261855,1.108606790505108,1.1401263550178096
18,4.4781916742683485,1.942653903567616,0.3525510499963163,0.21750339444571257,18.0,0.1808016774771526,-0.17931182690283892,0.17600244615637256,-0.23021738657057192,0.1749770476062057,-0.21127475645685173,-0.6083329226026127,-1.0,-0.7172736104957428,-1.0,-0.0007941838178493199,0.003487310462590515,0.009515948180549127,-0.013058571088007676,0.016137359257818035,0.09171578048157984,-0.0455312512316373,-0.015418455739115683,0.03726298992568078,-0.12,0.9991097108628918,0.9986435206550863,0.9990372190122003,0.9982702317253754,0.9969101489617204,1.0236683445586388,1.0518751228933827,1.0781064245362688,1.1086293295584995,1.1402718284495266
19,4.395931709824936,1.9031504184886245,0.3534550950152138,0.1853722013693916,18.0,0.1870638687647626,-0.18255221846235564,0.17327690834269574,-0.20721558317324382,0.17135705467917087,-0.24222451514617266,-0.5038641738342501,-1.0,-0.7283773874222843,-1.0,0.006262191287610019,-0.00324039155951672,-0.0027255378136768205,0.023001803397328102,-0.0036199929270348263,-0.030949758689320914,0.1044687487683627,-0.008293679517929031,-0.01110377692654152,-0.12,0.999131195915566,0.9987115843596401,0.9990971377326683,0.9982450958348491,0.9971721823095748,1.023935283874558,1.0520605066601036,1.0782999532870754,1.1088994589620622,1.1402598922314147
20,4.327108971263553,1.9468022279887438,0.3539982457717828,0.2055519971007386,18.0,0.18146639248345034,-0.17671935306078201,0.17473803738527838,-0.22586238654580998,0.17408250030206276,-0.12317427383549358,-0.5493954250658873,-1.0,-0.7216706025847887,-1.0,-0.005597476281312269,0.005832865401573628,0.0014611290425826373,-0.018646803372566162,0.0027254456228918977,0.11905024131067908,-0.0455312512316373,-0.011013716455170519,0.00670678483749565,-0.12,0.9991538421200129,0.9986964707872577,0.9990881564129372,0.9985383204553417,0.9973332857887346,1.024093757321441,1.0522778662560544,1.0785111806303747,1.1088160369581175,1.1402994046057953
21,4.38703767138553,1.9635704487680339,0.3531397478156622,0.1190001490500867,18.0,0.18375312401410152,-0.18424703920419686,0.16938045608222502,-0.20284758112633372,0.17291916256053735,-0.1541240325248145,-0.5772638618042031,-1.0,-0.7425024140691177,-1.0,0.002286731530651176,-0.007527686143414841,-0.00535758130305336,0.02301480541947626,-0.001163337741525411,-0.030949758689320914,-0.027868436738315787,-0.0111193364683434,-0.020831811484329055,-0.12,0.9991141082520552,0.9987033419002743,0.9990924100160355,0.9984628863181176,0.9971944629779929,1.0239645781570448,1.052036461904508,1.0782723937887468,1.1086538507692456,1.140212463196117
22,4.46857207676134,1.89673025539051,0.35233323926726784,0.23684677309498375,18.0,0.178341134373711,-0.17741792709044196,0.173643138442448,-0.22825306164283504,0.15382668944988817,-0.2741240325248145,-0.530941252809411,-1.0,-0.7520248404277904,-1.0,-0.005411989640390524,0.006829112113754893,0.00426268236022298,-0.025405480516501322,-0.019092473110649183,-0.12,0.046322608994792104,-0.03469014936855341,-0.009522426358672731,-0.12,0.9990935411605931,0.9986313287107664,0.9989774387620286,0.9980582212501252,0.9969041131027072,1.023666555453511,1.05175988965599,1.078038779604728,1.1087172365852267,1.1401507779678122
23,4.544780795553383,1.9098249828534246,0.3513316695730449,0.21719055910825205,18.0,0.1848195853306958,-0.18924062811867373,0.16363774900776618,-0.25297415760255826,0.13718776985536904,-0.2441240325248145,-0.6346186438146189,-1.0,-0.738178229298887,-1.0,0.006478450956984821,-0.011822701028231769,-0.010005389434681822,-0.02472109595972319,-0.01663891959451913,0.03,-0.1036773910052079,-0.042612429294542065,0.013846611128903397,-0.12,0.9990348294514638,0.9985225567823187,0.9988312292644932,0.9979775158437979,0.9965620994947854,1.0233425515465713,1.0515295627934251,1.0778458903112504,1.1084500972917493,1.1401635676300488
24,4.513022058812848,1.8753685472975057,0.3514094126861365,0.14712166391234785,18.0,0.17352528177530457,-0.19360364864004131,0.15758479289081587,-0.2279178941958338,0.13647370160278574,-0.2831537027756963,-0.5882960348198267,-1.0,-0.752467002112544,-1.0,-0.011294303555391239,-0.004363020521367583,-0.006052956116950309,0.025056263406724455,-0.0007140682525832998,-0.039029670250881804,0.0463226089947921,-0.0403139184074543,-0.014288772813657036,-0.12,0.9990017684930825,0.9985402347573359,0.9988473005859422,0.9979122360411757,0.9966287624937702,1.0234201098665667,1.0515113725456589,1.0778293067170526,1.1085301121314224,1.140118511425436
25,4.4950838785721325,1.9778250109095874,0.3518518176035557,0.24320897635722133,18.0,0.17419389371659605,-0.1833438819426859,0.16992850393827644,-0.2302464079411291,0.1649514028640578,-0.1721833730265781,-0.65711289488276,-1.0,-0.743123520260049,-1.0,0.0006686119412914748,0.010259766697355427,0.01234371104746057,-0.002328513745295302,0.028477701261272054,0.11097032974911819,-0.06881686006293328,-0.02951800455967063,0.009343481852495006,-0.12,0.9990651509358428,0.9985989019597621,0.9989700426162061,0.998308727011448,0.9968232888093242,1.0235924175022353,1.051717827389497,1.0779716867330529,1.1083978405812935,1.140172045397477
26,4.4589287414318095,1.9766545370340907,0.35265441688988025,0.20256123695580525,18.0,0.19112328709169824,-0.1762134883898193,0.17988108776762055,-0.1992017543829984,0.17833249771830523,-0.2112130432774599,-0.5759297549456933,-1.0,-0.7470338278582147,-1.0,0.016929393375102186,0.0071303935528665985,0.009952583829344108,0.031044653558130714,0.013381094854247433,-0.039029670250881804,0.08118313993706672,-0.018183540375249302,-0.00391030759816563,-0.12,0.9991455118780487,0.9987421283254231,0.9991433764452893,0.9983626077256037,0.9970851336314643,1.0238363476734826,1.0518865746683548,1.0781103265484886,1.1086330788306005,1.1401880891689538
27,4.448615192915768,1.9777769947209287,0.35295495841979,0.09968381610581015,18.0,0.19318526463535357,-0.16570631536575536,0.18591677311952834,-0.22296231336535197,0.17856064278393605,-0.18847631997591385,-0.58852852179703,-1.0,-0.7252790418728987,-1.0,0.0020619775436553356,0.010507173024063926,0.0060356853519077935,-0.023760558982353575,0.00022814506563081927,0.02273672330154606,-0.012598766851336624,-0.017450350951717264,0.02175478598531594,-0.12,0.9991838618223028,0.9987323631377379,0.9991341245840019,0.9984068455848037,0.9970788060226528,1.0238191558310377,1.0519860255337028,1.078209264087439,1.1086757429793792,1.1402647699882313
28,4.503400128471915,1.8924204053779379,0.35223670395064494,0.23340059736106153,18.0,0.18872552483833033,-0.1832642300296324,0.16959159994438033,-0.22122345233991147,0.15859568407497346,-0.30847631997591385,-0.5417094236011476,-1.0,-0.7318138936676265,-1.0,-0.004459739797023243,-0.017557914663877044,-0.016325173175148006,0.0017388610254404913,-0.019964958708962588,-0.12,0.0468190981958824,-0.019169119876393748,-0.006534851794727792,-0.12,0.9990879540509793,0.9986399765599909,0.9989968168491596,0.9979785584986876,0.996804584217261,1.0235743193373612,1.0517170830632965,1.0779852427741279,1.108748721666068,1.1402113371097913
29,4.572873719548631,1.8821715719198342,0.35087845802164624,0.23768987614341644,18.0,0.16730223043387166,-0.1940491174323834,0.15819781732623237,-0.2546778828723506,0.13730461856422926,-0.2784763199759138,-0.6448903254052651,-1.0,-0.7379754075383844,-1.0,-0.02142329440445867,-0.010784887402750992,-0.011393782618147968,-0.0334544305324391,-0.021291065510744195,0.03,-0.1031809018041176,-0.0348759929509089,-0.0061615138707579176,-0.12,0.998976447177538,0.9984607244647214,0.998769659856491,0.9978545729534649,0.9964189964348267,1.0232092403636395,1.0514003405427101,1.0777164051509405,1.108405634042881,1.1401468379214752
30,4.410730096369553,1.9002366843172491,0.3521267372456494,0.23655453468972631,18.0,0.16720792599775694,-0.2035804355332107,0.14972026726823748,-0.2357817481347485,0.13224262705742143,-0.15847631997591383,-0.5980712272093828,-1.0,-0.7656495451928815,-1.0,-9.430443611471717e-05,-0.009531318100827302,-0.008477550057994887,0.0188961347376021,-0.005061991506807834,0.12,0.0468190981958824,-0.040117033111960604,-0.027674137654497166,-0.12,0.9989830167278103,0.9985055586878374,0.9988031045987167,0.9981851450066793,0.9968909918791787,1.0236964953980958,1.0517621573707112,1.0780896114598322,1.1084818403517724,1.1400966326652378
31,4.322492194921027,1.9226722596104417,0.35413998548695186,0.31491309242348203,18.0,0.17427925049622525,-0.18056983810041718,0.17006904372208298,-0.1994897657483968,0.18816012159258547,-0.18847631997591383,-0.4780712272093828,-1.0,-0.7433766280760226,-1.0,0.007071324498468312,0.023010597432793517,0.020348776453845502,0.0362919823863517,0.055917494535164036,-0.03,0.12,-0.011132992578883144,0.022272917116859026,-0.12,0.9991322804036348,0.9987283136279942,0.9991516739015776,0.9984499180214672,0.9974435232030101,1.0242123989243104,1.0522747293215113,1.078476369047928,1.1089428479398684,1.1402336402533337
32,4.274700268467474,2.012800143375288,0.3553062286049227,0.260358101409329,18.0,0.20216107775020137,-0.1594454672499788,0.20096824156013374,-0.20245657428054686,0.20269537544629657,-0.0953005964089316,-0.5080712272093828,-1.0,-0.7036017085620022,-1.0,0.027881827253976116,0.02112437085043839,0.030899197838050757,-0.0029668085321500615,0.0145352538537111,0.09317572356698223,-0.03,-0.004674598325559137,0.039774919514020346,-0.12,0.9993063800165346,0.9988964054536165,0.9993524700483707,0.9988436836172958,0.9977230179147492,1.024436275079941,1.0526299042608886,1.0787988396661345,1.1090347086422465,1.140406500955712
33,4.434695026954751,2.0438505994304856,0.35300900632024296,0.2425638873968642,18.0,0.2094918264712654,-0.16020761277588602,0.191573989999127,-0.19104527097872398,0.18221636585433218,-0.15212487284194937,-0.6280712272093828,-1.0,-0.7199638608240834,-1.0,0.00733074872106404,-0.0007621455259072263,-0.009394251561006733,0.011411303301822884,-0.020479009591964387,-0.05682427643301777,-0.12,-0.0070612549387391865,-0.016362152262081153,-0.12,0.999237348243358,0.9988504815696261,0.9992604683927983,0.9986011453667782,0.997157680043435,1.0238878468614365,1.0520068273735725,1.0782218405504003,1.1085983496106842,1.1402941419241495
34,4.532589576975232,1.9019300597815654,0.35107427605363856,0.37955335495979303,18.0,0.17971111023746655,-0.17888491239399484,0.16749224610928615,-0.24267554230283284,0.12524942350831605,-0.27212487284194936,-0.5980712272093828,-1.0,-0.7683802423720029,-1.0,-0.029780716233798854,-0.018677299618108822,-0.024081743889840856,-0.051630271324108856,-0.056966942346016125,-0.12,0.03,-0.045228282479360865,-0.048416381547919524,-0.12,0.9990450241267197,0.9985536061535565,0.9988354173564501,0.9979192982973457,0.9965862497209009,1.0233597636779042,1.0514307838875956,1.077773972684702,1.1084474817449856,1.1400622740584512
35,4.557794454609851,1.8426899847640246,0.3505022812408674,0.2410352245046275,18.0,0.15688217261091,-0.21640248615084362,0.13429668117572882,-0.27693178625996917,0.11507455008064887,-0.24212487284194936,-0.6594174605650212,-1.0,-0.7566644449247799,-1.0,-0.02282893762655655,-0.03751757375684878,-0.033195564933557326,-0.03425624395713636,-0.01017487342766718,0.03,-0.061346233355638324,-0.053951646937901804,0.011715797447222981,-0.12,0.9988624291221908,0.9983016422550144,0.9985605599926958,0.9977495099993873,0.9963099167715493,1.023143182745433,1.0513204766110964,1.077686558873415,1.1082858179336987,1.1400662450772243
36,4.5622764505820435,1.8099364022305116,0.3509334820258552,0.30144773942172753,18.0,0.14766893233712083,-0.21486896335473787,0.14148114536425763,-0.2360901934750092,0.14085495358907987,-0.3621248728419494,-0.5707636939206595,-1.0,-0.7484236956992287,-1.0,-0.00921324027378917,0.0015335227961057463,0.007184464188528805,0.04084159278495997,0.025780403508431,-0.12,0.08865376664436167,-0.03626516270058827,0.008240749225551125,-0.12,0.9988777767065263,0.9983996940647395,0.9987166177103148,0.9976210055913759,0.9964183622350739,1.0232386961734181,1.0513592441737525,1.077667320528177,1.108563579588461,1.1401046415620466
37,4.631506548089748,1.9490897471436412,0.35103550227322217,0.2636176901224876,18.0,0.1835299053030102,-0.1748665036214906,0.1825465437458811,-0.23051430463891787,0.1690062427010247,-0.33212487284194936,-0.6321099272762978,-1.0,-0.7268082479611757,-1.0,0.03586097296588936,0.040002459733247286,0.041065398381623486,0.005575888836091336,0.02815128911194484,0.03,-0.061346233355638324,-0.029306344951286284,0.021615447738053073,-0.12,0.9990894072012393,0.9986226157343455,0.9990028797804228,0.99793310534798,0.9965018232875378,1.0232482395087952,1.0514255849946113,1.077670320948534,1.1084923300088179,1.1401990268124638
38,4.562279371962709,2.0684526300276187,0.3516767517558664,0.26255658009965527,18.0,0.22173548550811198,-0.15506049406524314,0.1987648822552856,-0.20478588520050128,0.1686487935823419,-0.21212487284194936,-0.6566039525305476,-1.0,-0.744555005978728,-1.0,0.038205580205101786,0.01980600955624745,0.01621833850940449,0.025728419438416583,-0.00035744911868282325,0.12,-0.024494025254249777,-0.02522616557607235,-0.017746758017552322,-0.12,0.9992389527245008,0.9988242613069698,0.9992037210925301,0.9983793691268102,0.9968507587331306,1.023567981945071,1.051637325093769,1.0778828653082089,1.1084078743684926,1.140180705040325
39,4.462245218030283,1.9919795141570658,0.35281059033884726,0.21562255255650123,18.0,0.2034248070075769,-0.1583370475151406,0.1880679143163884,-0.19596517839547034,0.18223976551017063,-0.24212487284194936,-0.5366039525305476,-1.0,-0.7554816799130398,-1.0,-0.018310678500535083,-0.003276553449897468,-0.010696967938897212,0.008820706805030942,0.013590971927828738,-0.03,0.12,-0.011395292161734794,-0.010926673934311792,-0.12,0.9992136668684709,0.9988168373822202,0.999226876854618,0.9983529943048739,0.9971535444828779,1.0238900222371083,1.0519070844316332,1.0781220449592352,1.108721304019519,1.1401701346913515
40,4.3454381770411175,1.9328966839510784,0.35386881899064565,0.314364038221156,18.0,0.17173591189707757,-0.18995393684917306,0.16790132093415303,-0.23312678767743272,0.17887456802042004,-0.12212487284194937,-0.5666039525305476,-1.0,-0.715116826290364,-1.0,-0.03168889511049933,-0.03161688933403245,-0.020166593382235365,-0.03716160928196238,-0.0033651974897505876,0.12,-0.03,-0.007985097624152115,0.040364853622675834,-0.12,0.9990993958200132,0.9986273140749664,0.9990297818530124,0.9984956793116675,0.9972650260903725,1.024037803712691,1.052257267454923,1.0784797996768771,1.108782058737161,1.1403118894089934
41,4.252212616666064,1.8415817621883734,0.3544952213344386,0.20351449334781624,18.0,0.15565141912513192,-0.20951389978304727,0.14730711517507794,-0.21946748308836989,0.16621483456902428,-0.15212487284194937,-0.48123166224059244,-1.0,-0.7207013298428715,-1.0,-0.016084492771945652,-0.019559962933874214,-0.020594205759075085,0.013659304589062837,-0.01265973345139576,-0.03,0.08537229028995522,-0.0010907197703739213,-0.00558450355250753,-0.12,0.9990151662552161,0.9985707446019623,0.9989447279797425,0.9983580895036398,0.9973887484077485,1.0241985956004334,1.0523728080646821,1.078623824686902,1.1090003337471859,1.1402996592352352
42,4.451761453857884,1.8613667935702154,0.3526345610644946,0.23981151196131925,18.0,0.16479434810071988,-0.1897303658117373,0.16227706003209186,-0.22929836046693508,0.16586703115558438,-0.27212487284194936,-0.5458593719506373,-1.0,-0.721810043498229,-1.0,0.009142928975587966,0.01978353397130997,0.014969944857013917,-0.009830877378565195,-0.00034780341343990107,-0.12,-0.06462770971004478,-0.013728615781314207,-0.0011087136553574461,-0.12,0.9990383664618875,0.9985740372819419,0.998947238102042,0.9980512566718222,0.9968762616937089,1.023659162985651,1.0518497905285773,1.0781015897084774,1.108775098768761,1.1402489190730278
43,4.5869219795862115,1.9728014666136602,0.35077548256340424,0.29550168709221186,18.0,0.1989090481500729,-0.1745125928568195,0.17816635859255095,-0.24265133058688515,0.1309142234285601,-0.24212487284194936,-0.6658593719506373,-1.0,-0.7537841811787366,-1.0,0.03411470004935302,0.015217772954917802,0.015889298560459092,-0.01335297011995007,-0.034952807727024277,0.03,-0.12,-0.046216059963745365,-0.03197413768050761,-0.12,0.9990972646433566,0.9986058956989181,0.9989004527016324,0.998032666426346,0.9965097034558288,1.0232640040103622,1.0513809527840876,1.0777113957813733,1.1083106548416573,1.1401084751459238
44,4.676597189938204,1.9703169100536073,0.34982230224252403,0.20698936298084988,18.0,0.19980499799324483,-0.17164287809823817,0.17281404673959136,-0.22221628088399717,0.13564835025975341,-0.3567508378364412,-0.6358593719506372,-1.0,-0.7818604261763005,-1.0,0.0008959498431719282,0.002869714758581332,-0.00535231185295959,0.02043504970288798,0.004734126831193314,-0.11462596499449182,0.03,-0.05161532106836525,-0.028076244997563837,-0.12,0.9990663585370112,0.9986163705682212,0.9989215793563057,0.9977688842853696,0.9963224015141076,1.0230863362299762,1.051073463856311,1.0773932550682266,1.1082762133918718,1.1399930336961384
45,4.664541664256299,1.940576476784008,0.35020885233318727,0.1626888049185123,18.0,0.1783499025086035,-0.18335737821801765,0.17169890177137936,-0.2469318922255652,0.14875546879865426,-0.321376802830933,-0.6616387815686925,-1.0,-0.7524325363344533,-1.0,-0.021455095484641334,-0.01171450011977948,-0.0011151449682119952,-0.024715611341568022,0.013107118538900842,0.035374035005508175,-0.02577940961805525,-0.048658123041046525,0.029427889841847188,-0.12,0.9990214547939069,0.9985214177121501,0.998856117516947,0.9978199375615538,0.9963223007220118,1.0230882426988233,1.0512181172911266,1.0775084174863296,1.1083038250733361,1.1400902497835717
46,4.395259713252529,1.8762680506718352,0.35308485361316905,0.3248560504259367,18.0,0.1702592142173651,-0.20089529196766948,0.15889389881564137,-0.22909264678313804,0.15900460476008618,-0.201376802830933,-0.5416387815686925,-1.0,-0.7340984723090039,-1.0,-0.008090688291238407,-0.01753791374965183,-0.012805002955737999,0.017839245442427154,0.010249135961431927,0.12,0.12,-0.023181444152737624,0.018334064025449376,-0.12,0.9990350104431205,0.9985710978333846,0.9989288581940948,0.9982006006678948,0.9970545860425084,1.0238435770246401,1.0519950794466026,1.0782623190858927,1.1087607266728992,1.1402231513831345
47,4.313181074510059,1.9470678247639657,0.35432163728216076,0.24564717820321288,18.0,0.16855911652232836,-0.1863783765994202,0.1681367375023564,-0.1983285102802778,0.2015460358037425,-0.11920028746556896,-0.5716387815686925,-0.9882001241521677,-0.711193104615505,-1.0,-0.0017000976950367341,0.014516915368249284,0.009242838686715021,0.03076413650286025,0.04254143104365632,0.08217651536536405,-0.03,0.011799875847832306,0.022905367693498963,-0.12,0.9991193582443886,0.998717743011071,0.9991712215916294,0.998648646072847,0.9973987673057556,1.0242056358151062,1.052366992768885,1.0785385141883266,1.1088335348998037,1.1403769596100393
48,4.298802564771206,1.9518448264329338,0.35477205391319316,0.3048147908014886,18.0,0.19376294100550395,-0.16545413834301775,0.19109220276527292,-0.1915408820591284,0.18966125201112344,-0.1870237721002049,-0.4516387815686925,-1.0,-0.7286285949182624,-1.0,0.025203824483175596,0.02092423825640244,0.02295546526291653,0.006787628221149394,-0.011884783792619064,-0.06782348463463594,0.12,-0.017353056021364457,-0.017435490302757345,-0.12,0.9992456595094584,0.9988577892232887,0.9992845270403138,0.9985600632340083,0.9976012287916631,1.0243322628266855,1.0524249530388627,1.0786232152218378,1.1090860990577858,1.1403055237680213
49,4.264945340140935,1.959809523831642,0.35497995335829363,0.1919278877236687,18.0,0.20640273739276144,-0.16252404372188023,0.18619753021982852,-0.22793641721856947,0.16958299140292152,-0.11139253592723411,-0.48163878156869255,-1.0,-0.7192703026890469,-1.0,0.012639796387257485,0.0029300946211375245,-0.004894672545444401,-0.03639553515944108,-0.02007826060820192,0.0756312361729708,-0.03,-0.021213953245430975,0.009358292229215498,-0.12,0.9992618229562003,0.9988002517113327,0.9991818134419893,0.9986274732200892,0.9975830238787157,1.02432286832432,1.052518738115717,1.0787621763850606,1.1090378729114803,1.1403382976217158
50,4.4319478869177376,1.9364247251259785,0.35248030028720817,0.31016679185056995,18.0,0.18291072584385745,-0.18707093409749906,0.16348372465251393,-0.21436703329582796,0.157776069904998,-0.1857612997542633,-0.6016387815686925,-1.0,-0.7389393178000853,-1.0,-0.023492011548903985,-0.02454689037561883,-0.022713805567314588,0.013569383922741513,-0.011806921497923506,-0.0743687638270292,-0.12,-0.020287976144668277,-0.019669015111038385,-0.12,0.9990749660852518,0.9986408728428278,0.9989958690001141,0.998289180303333,0.9969593923143011,1.0237401216099264,1.0518465560012804,1.0781165598439941,1.108576319060886,1.1402007437711212
51,4.527021745476255,1.8453310649166688,0.3510340129036576,0.28440800981786973,18.0,0.15764733195289518,-0.19598967424531996,0.15667523386715812,-0.24423251389788922,0.12518087895163998,-0.3057612997542633,-0.5716387815686925,-1.0,-0.7698960312383967,-1.0,-0.02526339389096227,-0.008918740147820903,-0.0068084907853558085,-0.029865480602061262,-0.03259519095335803,-0.12,0.03,-0.054275258352529235,-0.03095671343831144,-0.12,0.9989581428370088,0.9984635719963655,0.9987452289740067,0.9977756458589785,0.9965409048856795,1.0233338894647186,1.0514032878069608,1.0777466308293198,1.1085033900462116,1.1400468147564469
52,4.636334353959414,1.9021108615385314,0.3500091936366155,0.21476566019878748,18.0,0.1693488808410128,-0.2029969873960092,0.15040107090816715,-0.26439322626615613,0.12835043888553943,-0.27576129975426333,-0.6916387815686925,-1.0,-0.7534436683395733,-1.0,0.011701548888117613,-0.007007313150689226,-0.00627416295899097,-0.020160712368266914,0.0031695599338994462,0.03,-0.12,-0.05353834444434842,0.016452362898823375,-0.12,0.9989251485931244,0.9983897523099355,0.9986785407974279,0.9977674105914008,0.996219706136314,1.0230239842086792,1.0511860329365987,1.0775222444491062,1.108204753665998,1.1400721783762333
53,4.595134440342439,1.9354747255346618,0.35056908673961057,0.12429823391901296,18.0,0.1786343834659425,-0.1893555039930782,0.16425681322007823,-0.22528563590109313,0.14192082388431204,-0.28050668190467276,-0.6616387815686925,-1.0,-0.7535358164045695,-1.0,0.009285502624929692,0.013641483402930976,0.013855742311911085,0.039107590365063005,0.013570384998772611,-0.004745382150409455,0.03,-0.04377612755592221,-9.214806499610595e-05,-0.12,0.9990105154998086,0.9985543120871088,0.9988736339408485,0.9979382234854555,0.9964500336940091,1.023229371430213,1.0513119370212383,1.0776176151674985,1.1083118692052127,1.140098293915448
54,4.383149480004148,1.9793337030952476,0.3535574323924194,0.3575498424440249,18.0,0.1935401207125371,-0.1651161039370898,0.1863667451730612,-0.21650092032575285,0.17768759573760162,-0.16050668190467277,-0.5416387815686925,-1.0,-0.7417925306447404,-1.0,0.014905737246594608,0.024239400055988403,0.02210993195298297,0.008784715575340274,0.03576677185328958,0.12,0.12,-0.024311458550400303,0.011743285759829108,-0.12,0.9992035413236661,0.9987651269600064,0.999164924050416,0.99850639084974,0.9973040240032055,1.0240435638618939,1.0521453317540226,1.0783705346636132,1.1087677887013272,1.1402302134115625
55,4.417316464711513,2.010155859599468,0.3539463485296988,0.1818452693151579,18.0,0.20318119819255515,-0.16425097443375622,0.192198850180417,-0.18297005521852958,0.21752490364777927,-0.19050668190467276,-0.5643344181824025,-0.9907596572503344,-0.7115897257010664,-1.0,0.009641077480018051,0.0008651295033335893,0.005832105007355787,0.03353086510722328,0.039837307910177644,-0.03,-0.02269563661370999,0.00924034274966555,0.030202804943674028,-0.12,0.9992472003002981,0.9988766859384806,0.9993661169716881,0.9986203183164141,0.9973553106720547,1.0241113807442728,1.052240387470132,1.0783759564369244,1.1088474604746386,1.140371163403731
56,4.4560659984738455,1.9849313602889347,0.352652428759791,0.19074551815088966,18.0,0.18838232391929519,-0.16882530130055876,0.18771342880715577,-0.21774497474413754,0.17128350163303319,-0.18003438737166128,-0.6172427949383442,-1.0,-0.7248392857596595,-1.0,-0.01479887427325996,-0.004574326866802536,-0.004485421373261217,-0.03477491952560796,-0.04624140201474608,0.010472294533011503,-0.0529083767559417,-0.02724751560008655,-0.01324956005859318,-0.12,0.9991680082772835,0.9987270747034266,0.999112462582101,0.998412561336065,0.9970119056392799,1.023749021467427,1.0519067112911409,1.0781463234124666,1.1085919085212115,1.140258464067545
57,4.476249150962712,1.8376716574449359,0.35191502900352206,0.3937883380235861,18.0,0.17524188865336857,-0.19631134239531767,0.15081068342721995,-0.2424853476350572,0.131615712755594,-0.30003438737166127,-0.5201511716942859,-1.0,-0.7595986170302071,-1.0,-0.01314043526592662,-0.027486041094758912,-0.03690274537993582,-0.024740372890919654,-0.039667788877439186,-0.12,0.09709162324405829,-0.03691179301037166,-0.0347593312705477,-0.12,0.9989948697516177,0.9985038369226567,0.9987999722763568,0.9978208106179298,0.9967255928186278,1.0235291335884589,1.0516274307737747,1.0779562954200748,1.1086988805288196,1.140103288692394
58,4.484265100125013,1.8031769327068567,0.35177361359805187,0.17857546920923645,18.0,0.15362950888259785,-0.21036029344008597,0.14157684369527934,-0.26708910202660896,0.13335033974910082,-0.2700343873716613,-0.5730595484502277,-1.0,-0.7351650765094506,-1.0,-0.021612379770770712,-0.014048951044768304,-0.009233839731940613,-0.02460375439155174,0.0017346269935068215,0.03,-0.052908376755941705,-0.038508149100625874,0.024433540520756525,-0.12,0.998915224876335,0.9983743694447311,0.9986744077091666,0.9977986727634303,0.9965827294447828,1.0234028911261313,1.0516279765667305,1.077952938302295,1.1086212734110399,1.1401685341918553
59,4.479536354674156,1.9671037035611905,0.3515724112335959,0.3438966973655741,18.0,0.16683185166235345,-0.2008538048477432,0.15701234012513746,-0.22228286921073614,0.15049360509594414,-0.1500343873716613,-0.6930595484502277,-1.0,-0.7389679479103521,-1.0,0.0132023427797556,0.009506488592342766,0.015435496429858114,0.044806232815872815,0.017143265346843323,0.12,-0.12,-0.028329496065797752,-0.0038028714009015474,-0.12,0.998992571952131,0.9985424491419792,0.9988810597534451,0.998284501644956,0.9967295856067756,1.0235219633945503,1.0516443371687845,1.0779307265573186,1.1083020616660635,1.140173322446879
60,4.5188467497025195,2.0701133209067244,0.3516818763487293,0.2453960788963844,18.0,0.19489516845340057,-0.1594198809358462,0.19011045668924031,-0.190673951188623,0.17781196915300207,-0.1800343873716613,-0.6630595484502276,-1.0,-0.7628413874605184,-1.0,0.02806331679104712,0.041433923911897014,0.03309811656410286,0.03160891802211316,0.027318364057057926,-0.03,0.03,-0.02777980296946002,-0.023873439550166353,-0.12,0.9991797084210182,0.9987935936698612,0.9991936706004555,0.9984849770142985,0.9969458025459569,1.0236786037239163,1.0516617681045726,1.0778866911739784,1.1083322762827232,1.1401225370635388
61,4.5526253467792825,2.004898956898458,0.35233707376053297,0.3322898902157469,18.0,0.21811867786675943,-0.14865450175266512,0.20214105043297106,-0.21637526192925632,0.17989079890153417,-0.3000343873716613,-0.5430595484502276,-1.0,-0.7443511200742077,-1.0,0.02322350941335885,0.010765379183181073,0.01203059374373075,-0.025701310740633337,0.0020788297485321017,-0.12,0.12,-0.03049390545296897,0.018490267386310766,-0.12,0.999261652792302,0.9988234928868952,0.9992282471844237,0.9981912018605587,0.9969590719200035,1.023670218029224,1.0517636719063972,1.0779839176088688,1.1087265027176136,1.1401927634984292
62,4.508085392144135,1.8987114254414212,0.35237735031399536,0.23014999996098978,18.0,0.19491140782087282,-0.18150729625367404,0.17362380016296639,-0.24632749009116842,0.15581823235781325,-0.2700343873716613,-0.5730595484502277,-1.0,-0.7128032296357512,-1.0,-0.023207270045886602,-0.03285279450100892,-0.02851725027000468,-0.029952228161912092,-0.02407256654372092,0.03,-0.03,-0.022696807951169892,0.03154789043845657,-0.12,0.9991098493649975,0.9986110361975629,0.998961627220368,0.9980301617110648,0.9967687749218488,1.0235312520815554,1.0517847350756375,1.0780591440528324,1.108727479161577,1.140274739942393
63,4.448992093590098,1.9087696632489122,0.3516313223405599,0.38542916171647634,18.0,0.15041486028199272,-0.21273944854085303,0.1411748612329017,-0.23496798782900488,0.14186199095366486,-0.1500343873716613,-0.6847014500198373,-1.0,-0.7330971073601822,-1.0,-0.044496547538880105,-0.031232152287178988,-0.032448938930064675,0.011359502262163534,-0.01395624140414839,0.12,-0.11164190156960965,-0.01879945709918447,-0.02029387772443103,-0.12,0.99891502179931,0.9984392116239562,0.998758401103602,0.9981840059334764,0.9966703766498747,1.0234912618996554,1.0516578161868246,1.0779636267071788,1.1083349618159237,1.1401836557309772
64,4.471603484595883,1.9290027288490164,0.3514370502360609,0.1561043044685956,18.0,0.14738657887410325,-0.20393091058888496,0.14794543867865187,-0.21841644888784734,0.15620061924853298,-0.1800343873716613,-0.646343351589447,-1.0,-0.7713457493567542,-1.0,-0.003028281407889466,0.008808537951968065,0.006770577445750159,0.016551538941157545,0.014338628294868122,-0.03,0.03835809843039034,-0.026418697203747024,-0.03824864199657199,-0.12,0.9989366146316714,0.9984943213226735,0.9988457727159826,0.9982012157257578,0.9967772798606438,1.0235859780710221,1.0515985322695462,1.0778720808762372,1.1083176659849818,1.1400627930342735
65,4.515711516460656,1.9237900988000782,0.35236905742868646,0.3975807756709744,18.0,0.19007948089461707,-0.17329464986135443,0.18016039961263466,-0.2299564351807423,0.170597173769015,-0.3000343873716613,-0.526343351589447,-1.0,-0.745245638181184,-1.0,0.04269290202051382,0.030636260727530534,0.032214960933982795,-0.01153998629289496,0.014396554520482024,-0.12,0.12,-0.031106170774722566,0.026100111175570234,-0.12,0.9991318350434689,0.998666173262228,0.9990500169032083,0.9980508244952556,0.9969026365194957,1.023653347800193,1.0517714858211633,1.078012642180183,1.1087552272889278,1.1401763543382193
66,4.502510578637867,1.9509169389501846,0.3527898424408738,0.15240919029477634,18.0,0.21616842448502407,-0.16151410460364715,0.1922515983647839,-0.2313804190741804,0.16560228984418232,-0.2700343873716613,-0.556343351589447,-1.0,-0.7092160033049419,-1.0,0.026088943590407004,0.011780545257707276,0.01209119875214923,-0.001423983893438091,-0.004994883924832688,0.03,-0.03,-0.021760649196743906,0.03602963487624197,-0.12,0.9992260580654093,0.998757512716784,0.9991301178689335,0.9981699553871338,0.9969222130525931,1.0236511601755365,1.051885675113751,1.0781380699616017,1.1088064050703466,1.140308532119638
67,4.470079548616537,2.0209131095201225,0.3520674632378629,0.3366350987356961,18.0,0.19454569088572402,-0.1728442877668148,0.1775562472208601,-0.20904791276663398,0.15971981651643904,-0.1500343873716613,-0.676343351589447,-1.0,-0.7299878544989569,-1.0,-0.02162273359930006,-0.01133018316316764,-0.014695351143923785,0.022332506307546407,-0.005882473327743276,0.12,-0.12,-0.01811129203782301,-0.02077185119401495,-0.12,0.9991376894898564,0.9987143674665039,0.9990737370536659,0.9984397652622253,0.9968858679661665,1.023641266721169,1.0517651270028496,1.0780307574156878,1.1084020925244324,1.1402282195737241
68,4.486695375101008,1.9775386102365626,0.35152418881058184,0.16366282828169904,18.0,0.165578573127041,-0.18763971571489818,0.1629998640809291,-0.20949858986013903,0.16203776015214177,-0.1800343873716613,-0.646343351589447,-1.0,-0.7725631332047507,-1.0,-0.02896711775868302,-0.01479542794808339,-0.014556383139931017,-0.0004506770935050475,0.0023179436357027294,-0.03,0.03,-0.027896776122157865,-0.04257527870579378,-0.12,0.9990255607840451,0.9986013261395784,0.9989659110999207,0.9982967949174543,0.9968472004204137,1.023628800665068,1.05161946143994,1.0778798764795976,1.1083254615883424,1.1400705886376339
69,4.500218279211442,1.8560049983181737,0.3521460536131176,0.3154593393864975,18.0,0.1654495861473325,-0.19605664955388877,0.159437073138664,-0.24557277776961436,0.15880919959548992,-0.3000343873716613,-0.526343351589447,-1.0,-0.7485152540453446,-1.0,-0.00012898697970850637,-0.008416933838990587,-0.0035627909422650816,-0.036074187909475336,-0.003228560556651855,-0.12,0.12,-0.033762502997205415,0.024047879159406066,-0.12,0.9990060050127598,0.9985087201377764,0.9988660408368663,0.9979000987868224,0.9967877609605783,1.0235757742289286,1.0517152360536695,1.0779829153545795,1.1087255004633243,1.1401466275126158
70,4.474418016567867,1.8460621371075596,0.35252285020827184,0.12822266783142863,18.0,0.17801464583079177,-0.19615452126932933,0.16034869645322397,-0.2532094256500811,0.14990311648570873,-0.2700343873716613,-0.556343351589447,-1.0,-0.7104098719176237,-1.0,0.012565059683459279,-9.787171544056728e-05,0.0009116233145599617,-0.007636647880466696,-0.008906083109781193,0.03,-0.03,-0.02284692663804337,0.03810538212772088,-0.12,0.9990351466906062,0.9985223976036648,0.9988596796157577,0.9979510247351413,0.996757841056849,1.023544213403233,1.051819171393634,1.0781068893815413,1.108775224490286,1.1402773515395774
71,4.459750786142611,1.9918016477184393,0.3520188313241291,0.3326100366875161,18.0,0.18386257662225186,-0.18177394349966092,0.16914195501965273,-0.21395136986336358,0.1556590665138735,-0.1500343873716613,-0.676343351589447,-1.0,-0.7289841356627003,-1.0,0.005847930791460093,0.014380577769668418,0.008793258566428763,0.03925805578671751,0.005755950028164786,0.12,-0.12,-0.017881706420494622,-0.01857426374507648,-0.12,0.9990874421727715,0.9986541906487982,0.9990044235484544,0.9983848739612695,0.99684504087299,1.0236155853539546,1.0517525368505904,1.0780273039509343,1.1083986390596792,1.1402247661089706
72,4.504417244156779,2.050095971847557,0.351711971921946,0.18113752978726094,18.0,0.1916162285405392,-0.1637533561685163,0.1847188464211079,-0.19373642130796187,0.17268163773028497,-0.1800343873716613,-0.646343351589447,-1.0,-0.7715330150272609,-1.0,0.007753651918287335,0.018020587331144616,0.015576891401455156,0.020214948555401707,0.01702257121641146,-0.03,0.03,-0.02744424802831634,-0.04254887936456064,-0.12,0.9991564243597328,0.9987641081065842,0.9991526417914773,0.9984483747742028,0.9969611592608767,1.0237036653373186,1.0516656525931314,1.0779021189082383,1.1083477040169831,1.1400928310662746
73,4.524734828502944,1.9444860922459075,0.3523574872662552,0.3080942234706042,18.0,0.1975019894674198,-0.16704183123365443,0.18596144626072617,-0.22752548938470918,0.172003728187017,-0.3000343873716613,-0.526343351589447,-1.0,-0.7483226050083089,-1.0,0.00588576092688059,-0.00328847506513813,0.0012425998396182747,-0.03378906807674731,-0.0006779095432679627,-0.12,0.12,-0.03369574787559647,0.023210410018951966,-0.12,0.999165334995242,0.9987045958792379,0.9990916042676586,0.9980823914731328,0.9969243553080342,1.023664624704765,1.051768147614993,1.078006139226572,1.108748724335317,1.1401698513846084
74,4.4790473504338575,1.8567561843648248,0.35254599146091464,0.2061645567969619,18.0,0.18188527154528772,-0.19310465104358132,0.16368513215159772,-0.25170120893871994,0.1517887127951396,-0.2700343873716613,-0.556343351589447,-1.0,-0.7105046349984226,-1.0,-0.015616717922132067,-0.02606281980992689,-0.022276314109128448,-0.024175719554010766,-0.020215015391877394,0.03,-0.03,-0.02306703252914498,0.03781797000988629,-0.12,0.9990537403542289,0.9985440454061281,0.9988855700099171,0.9979716897845861,0.9967737025606882,1.0235540693228153,1.0518256746706713,1.0781091500668822,1.1087774851756271,1.1402796122249186
75,4.441335180453458,1.9215610875077294,0.35184662649709925,0.33961590455761326,18.0,0.15792589404735438,-0.20543375343735384,0.14779642193239262,-0.22943046396271496,0.1452435082192768,-0.1500343873716613,-0.676343351589447,-1.0,-0.7291273998932571,-1.0,-0.023959377497933337,-0.012329102393772523,-0.0158887102192051,0.02227074497600498,-0.006545204575862801,0.12,-0.12,-0.018004599120741913,-0.018622764894834526,-0.12,0.998958304587117,0.9984937078975925,0.9988205057910858,0.9982359707253771,0.9967334018377494,1.023542368278271,1.0517102136581318,1.0780084157646386,1.1083797508733833,1.1402058779226747
76,4.4842207413029795,1.977414159522661,0.35153858342158634,0.18179837870434531,18.0,0.16579592239362825,-0.18735444486032934,0.16298293513109688,-0.20805336361232735,0.16183338503759706,-0.1800343873716613,-0.646343351589447,-1.0,-0.7718229513068919,-1.0,0.007870028346273872,0.0180793085770245,0.01518651319870426,0.021377100350387618,0.01658987681832025,-0.03,0.03,-0.027416422612466587,-0.04269555141363479,-0.12,0.9990268853198322,0.9986055772585173,0.9989697023748518,0.9983002927708756,0.9968502489722391,1.0236318796890032,1.0516219454537015,1.077882820337367,1.1083284054461116,1.1400735324954032
77,4.524365085157058,1.9477223565277764,0.35236255353306795,0.37001192530733706,18.0,0.19860387887384834,-0.1657035462658425,0.18682884204956232,-0.2261404827650916,0.17217053706685498,-0.3000343873716613,-0.526343351589447,-1.0,-0.7485400591747494,-1.0,0.032807956480220085,0.02165089859448685,0.023845906918465443,-0.01808711915276426,0.010337152029257918,-0.12,0.12,-0.03362639025739063,0.02328289213214252,-0.12,0.9991713418393741,0.9987134073617747,0.9991007910701751,0.9980900907249506,0.9969299467610278,1.0236686548453386,1.0517686881365373,1.078006304428137,1.1087488895368818,1.1401700165861732
78,4.497242875795793,1.9249397901696268,0.35270972247208704,0.13482668633630593,18.0,0.2066223725655408,-0.17050506367950446,0.1842939029575284,-0.23717271014725802,0.16184894011032705,-0.2700343873716613,-0.556343351589447,-1.0,-0.7104221473745262,-1.0,0.008018493691692469,-0.004801517413661971,-0.002534939092033922,-0.011032227382166415,-0.010321596956527929,0.03,-0.03,-0.023033369484880203,0.03811791180022317,-0.12,0.9991774256649836,0.9986971509269353,0.9990613110421835,0.9981140357304753,0.996880454156479,1.0236237251311553,1.0518661701049739,1.0781270099897255,1.1087953450984704,1.140297472147762
79,4.457050566867241,1.9769373237758923,0.35198821084866966,0.3498222244106549,18.0,0.1784554223969335,-0.1870845856583122,0.1647980472006242,-0.21778780237606493,0.15388938713742809,-0.1500343873716613,-0.676343351589447,-1.0,-0.7286575831367699,-1.0,-0.02816695016860732,-0.016579521978807743,-0.019495855756904212,0.01938490777119309,-0.007959552972898964,0.12,-0.12,-0.018016936822377802,-0.01823543576224365,-0.12,0.9990601586782424,0.9986191383784309,0.9989653894994901,0.9983531395705094,0.9968216707436297,1.0236000342586686,1.0517457831715993,1.0780245320505402,1.108395867159285,1.1402219942085765
80,4.481389196471246,1.9637323402425824,0.3515110329996661,0.14333338495652057,18.0,0.1608499533632364,-0.19189358260484501,0.15903843876457502,-0.21165550216955317,0.16011896853916635,-0.1800343873716613,-0.646343351589447,-1.0,-0.7714550120687613,-1.0,-0.017605469033697085,-0.004808996946532806,-0.005759608436049168,0.006132300206511759,0.006229581401738266,-0.03,0.03,-0.02742783596204977,-0.04279742893199148,-0.12,0.9990025235759341,0.9985739211840408,0.9989341888632538,0.9982714563174686,0.9968285616607797,1.0236172924710034,1.0516158115748802,1.0778805438956671,1.108326129004412,1.1400712560537034
81,4.5075747995872435,1.8837937060322176,0.35220958633912597,0.32222374069619797,18.0,0.17575714225311745,-0.18667127253065116,0.16779382603380857,-0.2395996031707065,0.16271696328499624,-0.3000343873716613,-0.526343351589447,-1.0,-0.7486582533528551,-1.0,0.014907188889881046,0.005222310074193853,0.008755387269233555,-0.027944101001153326,0.00259799474582989,-0.12,0.12,-0.03363873850661751,0.022796758715906223,-0.12,0.9990568751179489,0.9985716859215282,0.9989377990889196,0.9979579418381329,0.9968308220430772,1.0236037931562163,1.0517307088545755,1.0779895956871843,1.1087321807959292,1.1401533078452206
82,4.48490915598211,1.8820353991074568,0.35260175616817585,0.13268746853306002,18.0,0.19114257050228453,-0.184305850650835,0.17125434838820294,-0.24576456503110844,0.15521971679781643,-0.2700343873716613,-0.556343351589447,-1.0,-0.7108443656507545,-1.0,0.015385428249167082,0.002365421879816171,0.0034605223543943686,-0.006164961860401941,-0.0074972464871798095,0.03,-0.03,-0.02305113720839462,0.03781388770210062,-0.12,0.9991002372259765,0.9986025639817885,0.9989518083445836,0.9980254307656606,0.9968135854311442,1.0235803276040454,1.0518388410964337,1.0781145967336385,1.1087829318423834,1.1402850588916749
83,4.461926305305176,1.9977218038829063,0.35203323660977565,0.30225449037192176,18.0,0.18592925394845594,-0.18004015455700983,0.1709380770004587,-0.21294117854207859,0.15672989409593302,-0.1500343873716613,-0.676343351589447,-1.0,-0.7289700082001318,-1.0,-0.00521331655382859,0.004265696093825155,-0.00031627138774423247,0.032823386489029854,0.0015101772981165884,0.12,-0.12,-0.018025177972662995,-0.018125642549377347,-0.12,0.9990976685079268,0.998666462621379,0.9990191048830949,0.9983967652815197,0.9968542014756554,1.0236215129370545,1.0517564632977718,1.078028821036056,1.108400156144801,1.1402262831940924
84,4.496897552663469,2.0212398024708373,0.3516495210367912,0.1442457119653317,18.0,0.18147935793718115,-0.1730285947647071,0.1763258519215615,-0.19976540204213705,0.16865339540632324,-0.1800343873716613,-0.646343351589447,-1.0,-0.7712672116304514,-1.0,-0.004449896011274795,0.007011559792302724,0.005387774921102789,0.013175776499941533,0.011923501310390217,-0.03,0.03,-0.02743072816660473,-0.04229720343031959,-0.12,0.9991059308472281,0.9987014059080928,0.999080876047757,0.9983902938057969,0.9969176867932598,1.023675300259801,1.0516503334823004,1.077895863342636,1.1083414484513812,1.1400865755006726
85,4.516487719008181,1.9144445222492321,0.35228634098482897,0.30770379633947337,18.0,0.1868471735307433,-0.17673329517751002,0.17706080576076588,-0.23360491353865986,0.16749319199170537,-0.3000343873716613,-0.526343351589447,-1.0,-0.7483706000476882,-1.0,0.005367815593562142,-0.003704700412802908,0.0007349538392043831,-0.03383951149652281,-0.0011602034146178664,-0.12,0.12,-0.03362225698950479,0.02289661158276321,-0.12,0.999112079125688,0.9986390291757722,0.9990158888577535,0.9980210600647422,0.9968782879553553,1.0236345785049858,1.0517502610647516,1.0779984013827701,1.108740986491515,1.1401621135408064
86,4.478577944931297,1.8566650467292451,0.3525422955829883,0.16612798180589503,18.0,0.18185455614098905,-0.19296024858284822,0.16357656038505353,-0.2514870639978276,0.15159183612001748,-0.2700343873716613,-0.556343351589447,-1.0,-0.7107299407434536,-1.0,-0.004992617389754234,-0.016226953405338196,-0.013484245375712356,-0.017882150459167717,-0.015901355871687894,0.03,-0.03,-0.023064899889332482,0.03764065930423452,-0.12,0.9990536499483279,0.9985443886437323,0.9988854702750023,0.9979716315154671,0.9967734168576936,1.0235539790490005,1.0518244410402542,1.0781083594089842,1.1087766945177289,1.1402788215670205
87,4.448435539690287,1.9478685822355326,0.3519097199979238,0.314248636685138,18.0,0.16766407426685384,-0.19653488746161552,0.155842922535067,-0.22360443219606577,0.14920306668282657,-0.1500343873716613,-0.676343351589447,-1.0,-0.7292084175867499,-1.0,-0.014190481874135213,-0.0035746388787673,-0.007733637849986513,0.027882631801761842,-0.0023887694371909074,0.12,-0.12,-0.018033885598035912,-0.018478476843296288,-0.12,0.9990068502646797,0.9985540512894827,0.9988897581895191,0.998292076580514,0.9967754919789745,1.0235699747184113,1.05172576717821,1.0780150602781737,1.1083863953869186,1.14021252243621
88,4.490830694154844,2.000943191701986,0.3515970132742013,0.17662121777732262,18.0,0.1742387243083649,-0.17963105825872797,0.17012406348388323,-0.20339522974257065,0.1654365582072273,-0.1800343873716613,-0.646343351589447,-1.0,-0.7716273211929618,-1.0,0.00657465004151106,0.01690382920288755,0.014281140948816218,0.020209202453495112,0.016233491524400734,-0.03,0.03,-0.027431587839157903,-0.04241890360621198,-0.12,0.9990693650499157,0.9986574897096869,0.9990297219656532,0.9983489145790921,0.9968867064465581,1.023655483132287,1.051636732410758,1.0778895001547917,1.1083350852635365,1.140080212312828
89,4.523609205765235,1.9433607931921357,0.35235392998115694,0.34406245117997003,18.0,0.19709570071509822,-0.1671960872701911,0.18558624051325362,-0.22729094552737822,0.17164217038149635,-0.3000343873716613,-0.526343351589447,-1.0,-0.748420322396709,-1.0,0.022856976406733315,0.012434970988536853,0.015462177029370389,-0.023895715784807564,0.006205612174269043,-0.12,0.12,-0.03361454485146244,0.02320699879625293,-0.12,0.9991636333843852,0.9987033692196922,0.9990895641030506,0.9980808997983404,0.9969231065864994,1.0236640513535755,1.051766791502719,1.0780055966193605,1.1087481817281053,1.1401693087773968
90,4.490484353151383,1.8995627689030123,0.35264880250970926,0.14762281794420393,18.0,0.19750793273215478,-0.17882028511369497,0.176680977229555,-0.24250349833199394,0.15810910193065006,-0.2700343873716613,-0.556343351589447,-1.0,-0.7104848188522261,-1.0,0.000412232017056563,-0.011624197843503853,-0.008905263283698617,-0.015212552804615725,-0.013533068450846286,0.03,-0.03,-0.023039381669826622,0.037935503544482885,-0.12,0.999131820194364,0.9986407506102417,0.9989964960895857,0.9980615252716524,0.996841040171415,1.0235980144124017,1.0518510568171395,1.0781203113377957,1.1087886464465404,1.1402907734958319
91,4.451990080983872,1.9591310235235513,0.3519420911280507,0.34345709163180815,18.0,0.17188413578665676,-0.19291450619240547,0.15935736621394983,-0.22147189689002683,0.15111242943406084,-0.1500343873716613,-0.676343351589447,-1.0,-0.7288720075056643,-1.0,-0.025623796945498017,-0.0140942210787105,-0.017323611015605173,0.021031601441967113,-0.0069966724965892235,0.12,-0.12,-0.01802328674518562,-0.01838718865343819,-0.12,0.9990276198161984,0.9985791392249961,0.9989191421912228,0.9983157634991658,0.9967934767971274,1.0235816335379422,1.0517341673055018,1.0780191643392751,1.10839049944802,1.1402166264973115
92,4.483124526241733,1.9711929031838464,0.35152713161064436,0.13806031757948278,18.0,0.16354550932847953,-0.1894208380059887,0.16123245659637836,-0.20984125537380993,0.16112689500547805,-0.1800343873716613,-0.646343351589447,-1.0,-0.7715798329704904,-1.0,-0.008338626458177234,0.0034936681864167762,0.0018750903824285292,0.0116306415162169,0.01001446557141722,-0.03,0.03,-0.027431223242029693,-0.0427078254648261,-0.12,0.9990158987484236,0.9985909702062916,0.9989535057200539,0.9982871341737156,0.9968403449442835,1.0236251265224101,1.051619578590685,1.0778820430769227,1.1083276281856675,1.140072755234959
93,4.513705447721957,1.9067266777908316,0.35226516938193503,0.3371915061273623,18.0,0.18403329487518555,-0.17909957996444686,0.17468874464738912,-0.2347630143444455,0.16614727624091863,-0.3000343873716613,-0.526343351589447,-1.0,-0.7485957986884628,-1.0,0.020487785546706022,0.010321258041541825,0.013456288051010762,-0.02492175897063556,0.005020381235440574,-0.12,0.12,-0.033630985673522254,0.02298403428202761,-0.12,0.9990982973159575,0.99862290221191,0.9989967335834521,0.9980057035266257,0.9968666583157783,1.023627218575413,1.0517445369135918,1.0779957055420497,1.1087382906507945,1.140159417700086
94,4.488727776392674,1.895137767441112,0.35263533591544377,0.12858643117354773,18.0,0.19590184815284012,-0.18007458853519626,0.17526849026599933,-0.24314408679956362,0.1572724726691444,-0.2700343873716613,-0.556343351589447,-1.0,-0.7106885510088217,-1.0,0.01186855327765457,-0.0009750085707493916,0.0005797456186102112,-0.008381072455118127,-0.008874803571774226,0.03,-0.03,-0.0230418024004216,0.037907247679641154,-0.12,0.999123966466605,0.9986315996908358,0.9989854627543414,0.9980526601505901,0.9968341505782417,1.0235936672957628,1.0518473651358542,1.0781185020723485,1.1087868371810934,1.1402889642303848
95,4.459591874332751,1.9881663141520878,0.3520118440600238,0.3118445650648821,18.0,0.1824866112819739,-0.18323967067834607,0.16810781563134555,-0.21510782007185644,0.1553944173399689,-0.1500343873716613,-0.676343351589447,-1.0,-0.7288778003681513,-1.0,-0.01341523687086621,-0.003165082143149811,-0.00716067463465378,0.028036266727707176,-0.0018780553291755098,0.12,-0.12,-0.01802185051126344,-0.018189249359329585,-0.12,0.9990804557771845,0.9986448624415389,0.9989944998805539,0.9983768078465783,0.9968392832786053,1.0236116892104687,1.0517513174749547,1.0780266800359397,1.1083980151446846,1.140224142193976
96,4.491374239674436,2.000675435911691,0.35160009020451494,0.13775804070544076,18.0,0.17415844622260118,-0.17972525599491607,0.17018358485376292,-0.2039625621327816,0.16561327051178426,-0.1800343873716613,-0.646343351589447,-1.0,-0.7713533809974817,-1.0,-0.008328165059372727,0.0035144146834300005,0.0020757692224173674,0.011145257939074837,0.010218853171815367,-0.03,0.03,-0.02743079745225753,-0.04247558062933038,-0.12,0.9990692112368452,0.9986561870485263,0.9990288169071778,0.9983481178960325,0.996886058124933,1.0236547276721961,1.051637988710373,1.0778903588517215,1.1083359439604665,1.1400810710097578
97,4.513839069204233,1.9054936442788657,0.3522638078479577,0.3084680960388036,18.0,0.1836201728432299,-0.17960664851970232,0.17436229969267114,-0.2353144936443464,0.16608736032498278,-0.3000343873716613,-0.526343351589447,-1.0,-0.7484703552181922,-1.0,0.009461726620628719,0.00011860747521375004,0.004178714838908221,-0.03135193151156479,0.0004740898131985194,-0.12,0.12,-0.03362819723608264,0.022883025779289523,-0.12,0.9990960422164216,0.9986195303667917,0.998993226927523,0.9980027545854397,0.9968645080075668,1.02362565586812,1.0517444860988125,1.0779957895380812,1.1087383746468262,1.1401595016961177
98,4.481300062034022,1.867324873691018,0.35256772030712963,0.14386701952884345,18.0,0.1857705518729621,-0.18933140394946052,0.1668214221489558,-0.24910336536417235,0.15314124144681535,-0.2700343873716613,-0.556343351589447,-1.0,-0.7107543382905479,-1.0,0.0021503790297321967,-0.009724755429758203,-0.007540877543715352,-0.013788871719825957,-0.012946118878167434,0.03,-0.03,-0.023058416100407833,0.0377160169276442,-0.12,0.9990732792879449,0.9985688449730824,0.9989134127663377,0.9979942874125644,0.9967903573244933,1.023565078764625,1.0518306369138724,1.078111069120617,1.1087794042293617,1.1402815312786534
99,4.453148203631514,1.9651261514434917,0.35195304215666573,0.3077679071385758,18.0,0.17403040564184544,-0.19078378801297372,0.16110776093560758,-0.21989832851328486,0.1518402029716257,-0.1500343873716613,-0.676343351589447,-1.0,-0.7291099785950685,-1.0,-0.01174014623111666,-0.0014523840635131957,-0.005713661213348209,0.02920503685088749,-0.001301038475189642,0.12,-0.12,-0.018029848420701447,-0.018355640304520693,-0.12,0.9990385214736264,0.998593227358387,0.9989348678150731,0.9983285916587118,0.9968029490755407,1.0235879551058567,1.0517365527885216,1.0780199123318355,1.1083912474405802,1.1402173744898718
100,4.492488209706629,2.0062700114716447,0.3516112316534628,0.15993671314355232,18.0,0.17614593667773637,-0.17789287279215663,0.17177068752938998,-0.20249089019988298,0.1663061996795502,-0.1800343873716613,-0.646343351589447,-1.0,-0.771503883866804,-1.0,0.002115531035890933,0.01289091522081709,0.010662926593782401,0.017407438313401885,0.014465996707924506,-0.03,0.03,-0.0274311039891897,-0.042393905271735505,-0.12,0.9990790250309566,0.9986689809783018,0.9990431699275808,0.998359787804321,0.9968948420296772,1.0236606547921243,1.0516404616105985,1.0778912726613197,1.1083368577700643,1.140081984819356
101,4.520717572968398,1.9317314871356335,0.3523266747974397,0.32818092890779393,18.0,0.1929877174852568,-0.1710083566912761,0.1821660651718581,-0.22979798314620156,0.16996709436802496,-0.3000343873716613,-0.526343351589447,-1.0,-0.7484126171446726,-1.0,0.01684178080752044,0.006884516100880533,0.010395377642468118,-0.027307092946318584,0.0036608946884747473,-0.12,0.12,-0.03361813679595167,0.023091266722131437,-0.12,0.9991429794317414,0.9986776385158702,0.9990600644781983,0.9980569459508484,0.9969051570633456,1.0236522581460363,1.0517600993179015,1.0780026733555736,1.1087452584643183,1.14016638551361
102,4.486371816078826,1.8847736000933242,0.3526121863088008,0.15117207006303804,18.0,0.19214419334358215,-0.18365519548966694,0.17218617419807153,-0.24556430093454334,0.15586657342001087,-0.2700343873716613,-0.556343351589447,-1.0,-0.7105776397318425,-1.0,-0.0008435241416746564,-0.012646838798390847,-0.00997989097378657,-0.015766317788341783,-0.01410052094801409,0.03,-0.03,-0.02304812090470719,0.03783497741283001,-0.12,0.9991050420860391,0.9986077743766467,0.9989584741668417,0.9980307443970831,0.9968178742806877,1.0235829391671312,1.0518418873113684,1.0781161875211733,1.1087845226299182,1.1402866496792097
103,4.451159391448063,1.9567567536120507,0.3519346563809392,0.33201981720734086,18.0,0.17098450940432455,-0.1936509806420869,0.15860589411840384,-0.2218724072090873,0.15068231024534043,-0.1500343873716613,-0.676343351589447,-1.0,-0.7289855508677117,-1.0,-0.0211596839392576,-0.009995785152419973,-0.01358028007966769,0.023691893725456048,-0.005184263174670439,0.12,-0.12,-0.018026640615586106,-0.01840791113586915,-0.12,0.9990232412173512,0.9985739495927528,0.9989129847908048,0.9983108205943642,0.9967896938395839,1.0235792032301707,1.0517321903695358,1.0780181551714838,1.1083894902802287,1.1402156173295201
104,4.486140370943136,1.9826632331202854,0.35155436153433334,0.1466138382010905,18.0,0.16768576709602495,-0.18563261828027652,0.16468107457440276,-0.20737308252618813,0.16280564692583546,-0.1800343873716613,-0.646343351589447,-1.0,-0.771584442579299,-1.0,-0.0032987423082996015,0.008018362361810388,0.006075180455998919,0.014499324682899162,0.012123336680495034,-0.03,0.03,-0.02743121325637858,-0.04259889171158737,-0.12,0.9990366091690587,0.9986166786769431,0.9989829913825262,0.9983110304882017,0.9968582748127016,1.0236368488784677,1.0516262883764584,1.0778849756708753,1.10833056077962,1.1400756878289118
105,4.517061344979016,1.9189725085014033,0.3522950549628317,0.3380805944227195,18.0,0.18842522467249292,-0.17510701889046537,0.17835286757486263,-0.23227034102993602,0.16799792207446002,-0.3000343873716613,-0.526343351589447,-1.0,-0.748530231775691,-1.0,0.020739457576467973,0.010525599389811152,0.01367179300045987,-0.024897258503747882,0.005192275148624553,-0.12,0.12,-0.03362526561835631,0.02305421080360809,-0.12,0.9991202468997615,0.9986498994591759,0.9990278947838435,0.9980309356217907,0.9968856021272516,1.0236395669656169,1.051752044176109,1.0779990488514415,1.1087416339601863,1.140162761009478
106,4.488943154932416,1.8952323247214027,0.35263650990778955,0.13505600530992146,18.0,0.19593744314508224,-0.18011095759389953,0.17532283393897355,-0.24322309148557342,0.15734799948897846,-0.2700343873716613,-0.556343351589447,-1.0,-0.7106230903188011,-1.0,0.007512218472589316,-0.005003938703434158,-0.003030033635889079,-0.0109527504556374,-0.010649922585481558,0.03,-0.03,-0.02304178194648286,0.03790714145688984,-0.12,0.9991240889174786,0.9986315621572204,0.9989855951560705,0.9980527444990798,0.9968342922079987,1.0235937111069084,1.0518477751326627,1.0781187421338125,1.1087870772425572,1.1402892042918487
107,4.456698876690549,1.977171176379941,0.3519853683222774,0.3223124313771753,18.0,0.17848288166891482,-0.1868806228477132,0.1648035757705536,-0.2174941667201391,0.15377238908947866,-0.1500343873716613,-0.676343351589447,-1.0,-0.7288875016326413,-1.0,-0.01745456147616742,-0.006769665253813673,-0.010519258168419948,0.025728924765434313,-0.003575610399499801,0.12,-0.12,-0.01802273210775633,-0.01826441131384013,-0.12,0.9990605242062458,0.9986200985186375,0.9989660863940889,0.9983537993950911,0.9968220093267847,1.0236003628903976,1.0517447929478632,1.0780238050724118,1.1083951401811567,1.1402212672304481
108,4.488645947229509,1.990962456496564,0.35157602485444867,0.13875202012412038,18.0,0.17067604853027765,-0.18290605771447557,0.16724182779551458,-0.20587309019943373,0.16413389796599467,-0.1800343873716613,-0.646343351589447,-1.0,-0.7714372860627045,-1.0,-0.00780683313863717,0.003974565133237629,0.0024382520249609796,0.011621076520705376,0.010361508876516018,-0.03,0.03,-0.027430920813094048,-0.04254978443006319,-0.12,0.9990517086444568,0.9986348156368029,0.9990041169072263,0.9983281191329656,0.9968710691245745,1.0236450338345424,1.051631899391099,1.0778875981206755,1.10833318322942,1.1400783102787118
109,4.514137421933212,1.9072140697564355,0.3522674050950952,0.31914949318328334,18.0,0.1842279490211644,-0.17900463287724167,0.17486244184787708,-0.23485395601231,0.16630100155336233,-0.3000343873716613,-0.526343351589447,-1.0,-0.7485097016601482,-1.0,0.013551900490886754,0.0039014248372339078,0.007620614052362501,-0.02898086581287626,0.002167103587367658,-0.12,0.12,-0.03362857696678316,0.022927584402556267,-0.12,0.9990991509523928,0.9986235716914679,0.998997748944963,0.9980064561050395,0.9968672613525297,1.0236275089572036,1.051745282657899,1.0779961054044038,1.1087386905131487,1.1401598175624401
110,4.484058024210625,1.8775434299000566,0.35259275807398455,0.13859994247088495,18.0,0.18950751260719975,-0.1859247747426274,0.16993917190768693,-0.24691452293503766,0.15467100870919614,-0.2700343873716613,-0.556343351589447,-1.0,-0.7107232943477684,-1.0,0.005279563586035346,-0.006920141865385726,-0.004923269940190156,-0.012060566922727667,-0.011629992844166187,0.03,-0.03,-0.023052268302198878,0.03778640731237981,-0.12,0.9990919676264177,0.9985919657174743,0.9989399754870699,0.9980158052363054,0.9968065097072335,1.0235756191977996,1.0518368427295477,1.078113832959952,1.108782168068697,1.1402842951179883
111,4.455216916696543,1.9724515972752337,0.35197196768854894,0.3103552219545571,18.0,0.17672875908986904,-0.18837968304837224,0.16334319377870582,-0.21837988475775916,0.15298221379846694,-0.1500343873716613,-0.676343351589447,-1.0,-0.7290254432622612,-1.0,-0.01277875351733071,-0.0024549083057448517,-0.006595978128981106,0.0285346381772785,-0.0016887949107292077,0.12,-0.12,-0.018026962295626767,-0.018302148914492777,-0.12,0.9990519037930908,0.9986096845264564,0.9989538945075029,0.9983439755739868,0.9968145465254964,1.0235955287766947,1.0517413178970532,1.0780221079160066,1.1083934430247515,1.140219570074043
112,4.4917942844512355,2.003196101060237,0.3516046311092543,0.14919123541896087,18.0,0.17505242374366756,-0.17889796134498684,0.1708806480617221,-0.20323100797521204,0.16589738834504858,-0.1800343873716613,-0.646343351589447,-1.0,-0.7714571160194901,-1.0,-0.0016763353462014852,0.009481721703385404,0.007537454283016276,0.015148876782547116,0.012915174546581643,-0.03,0.03,-0.027430972363561554,-0.04243167275722898,-0.12,0.9990735934170661,0.9986620506259164,0.9990353197496927,0.998353413868894,0.9968900511087208,1.0236574659422097,1.051638918817898,1.0778906496941218,1.1083362348028665,1.1400813618521581
113,4.518218043901122,1.92221196132741,0.352303879967552,0.322028806619548,18.0,0.18960095128769905,-0.17411460981332658,0.179343446418682,-0.2317840294121925,0.16855932404179397,-0.3000343873716613,-0.526343351589447,-1.0,-0.7484379439663196,-1.0,0.014548527544031492,0.004783351531660263,0.0084627983569599,-0.028553021436980464,0.0026619356967453878,-0.12,0.12,-0.033621864408949695,0.023019172053170445,-0.12,0.999126010434596,0.9986566477750364,0.9990359062541304,0.9980373598611472,0.9968904633223116,1.023642645118758,1.0517544282548237,1.0780001697757298,1.1087427548844746,1.140163881933766
114,4.484785374861715,1.8793904738631415,0.3525983985767465,0.14686451377230356,18.0,0.19018263216592834,-0.18539257438707638,0.1705320946546966,-0.24664030632666142,0.1550205082567977,-0.2700343873716613,-0.556343351589447,-1.0,-0.7106395201094458,-1.0,0.0005816808782292959,-0.011277964573749799,-0.008811351763985398,-0.014856276914468919,-0.013538815784996272,0.03,-0.03,-0.023051251224558575,0.037798423856873764,-0.12,0.9990952758964793,0.9985958292761677,0.9989446254197456,0.9980195437575767,0.9968094100129449,1.0235774522425662,1.0518383843745331,1.0781145882309553,1.1087829233397002,1.1402850503889916
115,4.452104619926322,1.960592458211622,0.35194339425969773,0.32335172003612866,18.0,0.17238551207758646,-0.1923449256885741,0.15975918546092693,-0.22098711866465728,0.1512274877151525,-0.1500343873716613,-0.676343351589447,-1.0,-0.7290226513583158,-1.0,-0.01779712008834189,-0.006952351301497711,-0.010772909193769664,0.02565318766200414,-0.003793020541645209,0.12,-0.12,-0.018027507336276213,-0.018383131248869977,-0.12,0.999030257399333,0.9985827584840371,0.9989230203313961,0.9983189647813466,0.9967957809900145,1.023583214456185,1.0517342920197021,1.0780190301723431,1.108390365281088,1.1402164923303795
116,4.488409165462949,1.9910193615833767,0.35157463451605425,0.1492868524682977,18.0,0.17069057899700787,-0.1828846622523901,0.1672017067038875,-0.20565116171558506,0.16405341014685515,-0.1800343873716613,-0.646343351589447,-1.0,-0.7715499066861154,-1.0,-0.0016949330805785812,0.009460263436183974,0.007442521242960576,0.015335956949072221,0.012825922431702663,-0.03,0.03,-0.02743114901021991,-0.04252725532779969,-0.12,0.9990516780347681,0.9986352344322941,0.9990043546051245,0.9983283372147337,0.9968712535084897,1.0236452904364226,1.0516313518328355,1.077887231660005,1.1083328167687498,1.1400779438180413
117,4.5181495513527254,1.9226817272313077,0.35230434326123633,0.3337947112636771,18.0,0.18975580181651855,-0.1739179507730562,0.17946572777735748,-0.23156552040226802,0.16857735614391794,-0.3000343873716613,-0.526343351589447,-1.0,-0.7484894554784987,-1.0,0.019065222819510674,0.008966711479333922,0.012264021073469966,-0.02591435868668296,0.004523945997062795,-0.12,0.12,-0.033623004242944385,0.023060451207616767,-0.12,0.9991268670699506,0.998657946891136,0.9990372459424598,0.9980384905012627,0.9968912842244387,1.0236432459144393,1.0517544243084969,1.078000125257173,1.108742710365918,1.1401638374152092
118,4.487830047580818,1.8908118047729539,0.3526261174580914,0.14010125618231328,18.0,0.19433605642617607,-0.18159714168243865,0.17399520625742843,-0.24419695108843134,0.15671421471429509,-0.2700343873716613,-0.556343351589447,-1.0,-0.7106127384509406,-1.0,0.004580254609657525,-0.007679190909382461,-0.00547052151992905,-0.01263143068616332,-0.011863141429622859,0.03,-0.03,-0.023044426021544093,0.03787671702755804,-0.12,0.9991160568184316,0.9986215579924775,0.9989741649755848,0.9980434761906646,0.9968273646395229,1.0235891732682594,1.051845241968093,1.078117634984986,1.1087859700937308,1.1402880971430223
119,4.454752750564519,1.9700248925954764,0.3519675865581691,0.32499166319678197,18.0,0.175863447720364,-0.1892395607135227,0.16263836511371962,-0.2190156811300673,0.15269045441563928,-0.1500343873716613,-0.676343351589447,-1.0,-0.7289275025100979,-1.0,-0.018472608705812077,-0.007642419031084036,-0.011356841143708801,0.025181269958364033,-0.00402376029865581,0.12,-0.12,-0.018024257831242382,-0.018314764059157218,-0.12,0.9990475096680264,0.998604002913738,0.9989475564361732,0.9983388056730058,0.9968107309318381,1.0235929818746334,1.051740366996015,1.07802181347358,1.1083931485823246,1.140219275631616
120,4.48795683340313,1.9887669369955876,0.35157014348123733,0.14192489230998498,18.0,0.16988528706763323,-0.18362602096647831,0.16655917078609558,-0.20624697679415538,0.1637737035320998,-0.1800343873716613,-0.646343351589447,-1.0,-0.7714879352955593,-1.0,-0.0059781606527307685,0.0056135397470443715,0.00392080567237596,0.012768704335911929,0.011083249116460525,-0.03,0.03,-0.027431007254598058,-0.042560432785461344,-0.12,0.9990477053522292,0.998630055224221,0.9989985460571682,0.998323615810882,0.9968676997446128,1.0236428932371977,1.051630356369025,1.0778868655360778,1.1083324506448227,1.140077577694114
121,4.515329030993514,1.911924497894999,0.3522785571504113,0.32568432443650686,18.0,0.18591333791677886,-0.17744486413814736,0.17626442263347594,-0.23382922993924832,0.16698640870392606,-0.3000343873716613,-0.526343351589447,-1.0,-0.7485130287008286,-1.0,0.01602805084914563,0.006181156828330953,0.009705251847380358,-0.02758225314509294,0.003212705171826258,-0.12,0.12,-0.03362710917524318,0.022974906594730726,-0.12,0.9991076133432907,0.9986341091526637,0.9990098285722475,0.9980162604573151,0.9968746090690411,1.0236323331083008,1.0517480212585202,1.0779973018389364,1.1087398869476812,1.1401610139969727
122,4.485741727420987,1.8835894314292736,0.3526078037664429,0.1378162664037903,18.0,0.19171088095203798,-0.18393637156195417,0.17178519925013908,-0.24565466089581467,0.15559158778940566,-0.2700343873716613,-0.556343351589447,-1.0,-0.7106852880105279,-1.0,0.005797543035259117,-0.006491507423806803,-0.004479223383336867,-0.011825430956566352,-0.011394820914520404,0.03,-0.03,-0.023048668740720743,0.03782774069030076,-0.12,0.9991029713551329,0.998605520666819,0.9989556017393452,0.998028456941315,0.9968160296772336,1.0235818163185832,1.051840608349664,1.078115527277138,1.108783862385883,1.1402859894351745
123,4.455559686166858,1.9734475911348062,0.351975062124023,0.31503947552369443,18.0,0.17710279444588323,-0.18807162137512343,0.16365647285665025,-0.2182110726858869,0.15316123051006444,-0.1500343873716613,-0.676343351589447,-1.0,-0.7289787553321405,-1.0,-0.01460808650615475,-0.004135249813169262,-0.008128726393488828,0.02744358820992776,-0.002430357279341211,0.12,-0.12,-0.018025547088970514,-0.01829346732161266,-0.12,0.9990537295898786,0.9986118521676897,0.9989564649363373,0.9983460410550905,0.9968161268094647,1.0235965451583229,1.0517421395012154,1.0780225267325678,1.1083938618413127,1.1402199888906042
124,4.490563260953386,1.9984523046412441,0.35159347915998623,0.1456720796200797,18.0,0.17335789521542216,-0.1804496874515044,0.16946902648766252,-0.2042436534231916,0.16521019914969856,-0.1800343873716613,-0.646343351589447,-1.0,-0.7714550602647984,-1.0,-0.003744899230461063,0.00762193392361904,0.005812553631012268,0.013967419262695319,0.012048968639634117,-0.03,0.03,-0.027430954355787893,-0.04247630493265789,-0.12,0.9990651139374288,0.9986515205392469,0.9990232434873336,0.9983436252200479,0.9968827064284926,1.0236526621808149,1.0516361721391627,1.0778894491910758,1.1083350342998206,1.1400801613491123
125,4.516838791186684,1.91716501151428,0.35229159470615407,0.32164603768347644,18.0,0.1877963101840051,-0.1757547833736475,0.17783792152535574,-0.23280929317899254,0.16779803334600896,-0.3000343873716613,-0.526343351589447,-1.0,-0.7484647106175664,-1.0,0.014438414968582947,0.004694904077856887,0.008368895037693225,-0.028565639755800953,0.0025878341963103957,-0.12,0.12,-0.03362417915503575,0.022990349647231983,-0.12,0.9991169917440739,0.9986455529253864,0.9990230985004149,0.9980269883729217,0.9968826751074437,1.0236375668486979,1.0517513418289401,1.0779987962539117,1.1087413813626563,1.140162508411948
126,4.484690984618047,1.879336305859215,0.3525978816355098,0.14373637891728866,18.0,0.19016230403737422,-0.18538204438672073,0.17050500087183684,-0.24661032448687573,0.1549871297212357,-0.2700343873716613,-0.556343351589447,-1.0,-0.7106664421528954,-1.0,0.0023659938533691083,-0.009627261013073235,-0.0073329206535188984,-0.013801031307883183,-0.012810903624773246,0.03,-0.03,-0.023051242959783794,0.03779826846467091,-0.12,0.9990951986227862,0.9985958127157003,0.9989445337575731,0.9980194795383778,0.9968093292089953,1.023577420207426,1.0518382068217302,1.0781144857798575,1.1087828208886024,1.1402849479378938
127,4.45328622531465,1.965057990493799,0.35195424544451087,0.3190485587420379,18.0,0.174024374693884,-0.19085153775487193,0.16111222057902763,-0.22000868593528333,0.15189281888641,-0.1500343873716613,-0.676343351589447,-1.0,-0.7290188485040646,-1.0,-0.01613792934349023,-0.005469493368151196,-0.00939278029280921,0.026601638551592394,-0.0030943108348256976,0.12,-0.12,-0.018027158980880267,-0.018352406351169193,-0.12,0.9990384230035335,0.9985929054145146,0.998934664257009,0.9983283962424274,0.9968028603650998,1.0235878583680575,1.0517369665842888,1.0780202077417944,1.1083915428505393,1.1402176698998308
128,4.489528892183048,1.9950085944527989,0.3515845322670273,0.14888594489746015,18.0,0.17212222036966487,-0.1815764546767793,0.16841100644713836,-0.20486428432306414,0.16466168962435734,-0.1800343873716613,-0.646343351589447,-1.0,-0.7715154977809358,-1.0,-0.001902154324219113,0.009275083078092633,0.007298785868110724,0.015144401612219194,0.01276887073794733,-0.03,0.03,-0.027431077348428243,-0.04249664927687119,-0.12,0.9990588746199704,0.9986440244442162,0.9990145132458711,0.9983365631396272,0.9968774190064515,1.0236492791948466,1.051633855552591,1.0778883667509362,1.1083339518596809,1.1400790789089725
129,4.518031695903167,1.921984600157145,0.35230289793349595,0.3294196002889086,18.0,0.18951161196369534,-0.1741603196063102,0.17926452147322317,-0.2317525636511203,0.16849170568069963,-0.3000343873716613,-0.526343351589447,-1.0,-0.74847323456701,-1.0,0.017389391594030468,0.007416135070469093,0.010853515026084809,-0.026888279328056153,0.0038300160563422836,-0.12,0.12,-0.033622816090655136,0.023042263213925718,-0.12,0.9991256164070771,0.9986563174656836,0.9990354238034652,0.9980369980185694,0.9968901734726577,1.023642497334006,1.0517541055865134,1.077999999248732,1.1087425843574765,1.1401637114067682
130,4.486697932172875,1.8865902105347325,0.3526158483536164,0.14226938841293957,18.0,0.1928032342546337,-0.18299493654765112,0.1727160024361568,-0.24509413676016528,0.15608648673098954,-0.2700343873716613,-0.556343351589447,-1.0,-0.7106253964821712,-1.0,0.003291622290938351,-0.008834616941340911,-0.006548519037066353,-0.01334157310904499,-0.012405218949710084,0.03,-0.03,-0.023046936249172742,0.03784783808483888,-0.12,0.9991083898074348,0.9986120741804955,0.9989632687756401,0.9980346493006516,0.9968207392764226,1.0235848504720375,1.051842696100058,1.0781165015049132,1.1087848366136581,1.1402869636629496
131,4.453898367677716,1.9670075717410684,0.3519597964753632,0.32394097994789567,18.0,0.1747512074601512,-0.19022886525460764,0.1617173415277672,-0.21964066706575563,0.1522203719067437,-0.1500343873716613,-0.676343351589447,-1.0,-0.7289621755015827,-1.0,-0.018052026794482506,-0.007233928706956522,-0.010998660908389607,0.025453469694409647,-0.003866114824245842,0.12,-0.12,-0.01802541366334047,-0.01833677901941158,-0.12,0.9990419976995075,0.9985972253486993,0.9989397211854895,0.9983324719466734,0.9968059553601579,1.023589864145408,1.051738405643386,1.078020909806596,1.1083922449153407,1.1402183719646324
132,4.488239556800517,1.9900098661846837,0.35157282508341386,0.14459584740125384,18.0,0.1703305222171147,-0.18321714328428867,0.1669213479114726,-0.20594574513988445,0.16393985450687967,-0.1800343873716613,-0.646343351589447,-1.0,-0.7715072047797685,-1.0,-0.004420685243036487,0.007011721970318963,0.005204006383705384,0.013694921925871184,0.011719482600135972,-0.03,0.03,-0.0274310466038062,-0.04254502927818585,-0.12,0.9990499156656943,0.9986328755317861,0.9990017402044266,0.9983262088906887,0.9968696488420699,1.023644190415829,1.0516309828546813,1.0778871181820409,1.1083327032907855,1.1400778303400771
133,4.51635699728351,1.915811723520193,0.3522879101966983,0.32822036440278346,18.0,0.18730447281942442,-0.17617023175520397,0.17742356355603342,-0.23301452544430112,0.16756381039848064,-0.3000343873716613,-0.526343351589447,-1.0,-0.748502654348958,-1.0,0.016973950602309718,0.0070469115290847095,0.01050221564456083,-0.027068780304416673,0.0036239558916009718,-0.12,0.12,-0.033625573834230274,0.023004550430810483,-0.12,0.999114580224118,0.9986427258100934,0.99901974438349,0.9980242982364389,0.9968806393021618,1.023636276887761,1.0517503479405865,1.07799832936719,1.1087409144759346,1.1401620415252263
134,4.486393368364896,1.8858111890809977,0.35261348844202073,0.13888251499081442,18.0,0.1925193422739115,-0.18321904984375362,0.17246694079367259,-0.24521028093736474,0.15594015446387877,-0.2700343873716613,-0.556343351589447,-1.0,-0.7106598610912067,-1.0,0.00521486945448707,-0.007048818088549652,-0.004956622762360835,-0.01219575549306362,-0.011623655934601879,0.03,-0.03,-0.023047361158439292,0.03784279325775128,-0.12,0.9991069988697907,0.9986104480508926,0.9989613133984363,0.9980330771776217,0.9968195201318341,1.0235840796384055,1.0518420518948663,1.0781161865473226,1.1087845216560674,1.140286648705359
135,4.4551733348182445,1.971871955654342,0.35197149930676713,0.3185983582314892,18.0,0.1765305036013871,-0.18860460871906193,0.16318567500029113,-0.21857234734227676,0.15293899663580204,-0.1500343873716613,-0.676343351589447,-1.0,-0.7289634645583171,-1.0,-0.015988838672524375,-0.005385558875308311,-0.009281265793381455,0.02663793359508798,-0.0030011578280767226,0.12,-0.12,-0.01802518906123622,-0.01830360346711038,-0.12,0.9990508653365517,0.9986082563331837,0.9989523690756142,0.9983427177870074,0.9968136429964485,1.023594908781448,1.0517412828714574,1.078022170129027,1.1083935052377716,1.1402196322870632
136,4.489632274733207,1.995007684519179,0.35158515728408873,0.1445677717021486,18.0,0.17212438264153354,-0.1815778729001392,0.16843425877239165,-0.20495078822746027,0.16469805921984856,-0.1800343873716613,-0.646343351589447,-1.0,-0.7714691740107258,-1.0,-0.004406120959853571,0.007026735818922741,0.0052485837721005235,0.013621559114816495,0.01175906258404652,-0.03,0.03,-0.02743097613938654,-0.042505709452408696,-0.12,0.9990589277284778,0.9986439023823173,0.9990144730155619,0.998336519990251,0.9968773780907771,1.0236491964249868,1.0516340938730138,1.077888523239769,1.1083341083485139,1.1400792353978053
137,4.5163890006238745,1.9156358773354767,0.352287759793764,0.3233973034922906,18.0,0.1872467071614419,-0.17624532659688594,0.1773782955851498,-0.23310074442925108,0.16755875637686973,-0.3000343873716613,-0.526343351589447,-1.0,-0.7484814315131669,-1.0,0.015122324519908359,0.005332546303253249,0.008944036812758155,-0.02814995620179081,0.0028606971570211692,-0.12,0.12,-0.0336250962371276,0.02298774249755889,-0.12,0.9991142583889319,0.9986422293814626,0.9990192365833106,0.9980238684198978,0.9968803277599964,1.023636046827943,1.051750359326146,1.077998352124298,1.1087409372330428,1.1401620642823342
138,4.48514562069388,1.8811327581967365,0.35260212790774986,0.1416651411218232,18.0,0.19081682295309904,-0.18477486809780486,0.17104745791674414,-0.24621196773258958,0.15524601752235062,-0.2700343873716613,-0.556343351589447,-1.0,-0.7106707475101831,-1.0,0.0035701157916571413,-0.008529541500918919,-0.00633083766840567,-0.013111223303338498,-0.012312738854519112,0.03,-0.03,-0.02305015591923036,0.037810684002983846,-0.12,0.9990984807191001,0.9985999014844417,0.998949205023867,0.9980232672041354,0.9968121605720979,1.0235792751478479,1.0518392415278492,1.0781149379884238,1.1087832730971687,1.1402854001464602
139,4.454083539411968,1.967982889761084,0.3519615476373344,0.3179402703973,18.0,0.17509927932461744,-0.18988221935046143,0.16200089163499803,-0.21938364959160447,0.15233726973395784,-0.1500343873716613,-0.676343351589447,-1.0,-0.729002490815221,-1.0,-0.0157175436284816,-0.005107351252656572,-0.009046566281746105,0.026828318140985102,-0.002908747788392785,0.12,-0.12,-0.018026527084463326,-0.018331743305037812,-0.12,0.9990437664808797,0.9985995145904566,0.998942273447358,0.998334554311525,0.9968074917577104,1.0235908901527673,1.0517387841971224,1.0780210253402212,1.108392360448966,1.1402184874982575
140,4.489813372667981,1.99591988765691,0.3515869664480365,0.14758676206342805,18.0,0.17244962606009798,-0.18127822087473436,0.16869355457883872,-0.20470883692814307,0.16481070691423827,-0.1800343873716613,-0.646343351589447,-1.0,-0.7714946883508199,-1.0,-0.0026496532645194637,0.00860399847572707,0.006692662943840688,0.014674812663461406,0.012473437180280433,-0.03,0.03,-0.02743103179876759,-0.042492197535598936,-0.12,0.9990605322472099,0.9986459968524305,0.9990168209429875,0.9983384288390615,0.9968788149876477,1.0236501665894058,1.0516344937158801,1.0778886696253231,1.108334254734068,1.1400793817833594
141,4.5175456396825995,1.920048623982842,0.35229833456913423,0.3267368820481431,18.0,0.18882258470778263,-0.1747987762877638,0.17869116218616682,-0.23217230323609317,0.16821124888265637,-0.3000343873716613,-0.526343351589447,-1.0,-0.7484718254210283,-1.0,0.01637295864768465,0.006479444586970556,0.009997607607328096,-0.027463466307950102,0.0034005419684181026,-0.12,0.12,-0.03362341131368467,0.023022862929791582,-0.12,0.9991221547860215,0.9986520058719685,0.9990304811819545,0.9980329855838541,0.9968871666072158,1.0236405225152807,1.0517529851792575,1.0779995098692716,1.1087420949780165,1.140163222027308
142,4.4860052671787205,1.8841008063005682,0.3526096674055919,0.1425950913372048,18.0,0.19189782445710588,-0.18381169249515986,0.17195738639241917,-0.2456115066960366,0.15570814960905488,-0.2700343873716613,-0.556343351589447,-1.0,-0.7106409685678354,-1.0,0.0030752397493232497,-0.009012916207396054,-0.006733775793747648,-0.013439203459943427,-0.012503099273601492,0.03,-0.03,-0.023048409112030613,0.037830856853192846,-0.12,0.9991038686949968,0.9986065053939374,0.9989568487305578,0.9980294515587957,0.9968168279251841,1.0235823046296777,1.0518411488797486,1.0781158055431281,1.108784140651873,1.1402862677011645
143,4.453755193504591,1.9665920275409645,0.3519585079798018,0.3220230408676165,18.0,0.17459468539959436,-0.19035778000510004,0.16158642779360916,-0.2197114459879362,0.15214575070260405,-0.1500343873716613,-0.676343351589447,-1.0,-0.728981364654639,-1.0,-0.01730313905751152,-0.006546087509940179,-0.010370958598810015,0.025900060708100386,-0.0035623989064508255,0.12,-0.12,-0.01802598889982722,-0.018340396086803573,-0.12,0.9990412341913729,0.9985963185132473,0.9989386464523282,0.9983316085182938,0.9968052949725104,1.0235894394024818,1.0517380637819453,1.0780207358428646,1.1083920709516093,1.1402181980009007
144,4.488744326733471,1.9919452401119113,0.3515773919373831,0.14604196373584227,18.0,0.1710248103176873,-0.18258157514846857,0.16749965599743585,-0.20553111067299382,0.16422133260282312,-0.1800343873716613,-0.646343351589447,-1.0,-0.7715081030329546,-1.0,-0.0035698750819070646,0.007776204856631469,0.005913228203826698,0.014180335314942394,0.012075581900219068,-0.03,0.03,-0.027431051864096292,-0.04252673837831558,-0.12,0.9990533893061453,0.9986371888070324,0.9990066868053888,0.9983302182027151,0.9968726571342824,1.023646157753487,1.051632107728046,1.0778876097296897,1.1083331948384345,1.140078321887726
145,4.516923934270342,1.9178844359295057,0.35229296040872976,0.3283842362926231,18.0,0.18804652679161557,-0.17549570143845958,0.17804262741928073,-0.23259301473142738,0.16787666256336325,-0.3000343873716613,-0.526343351589447,-1.0,-0.7484916623650874,-1.0,0.017021716473928278,0.007085873710008989,0.010542971421844877,-0.02706190405843356,0.0036553299605401324,-0.12,0.12,-0.033624618103129486,0.023016440667867205,-0.12,0.9991182887610032,0.998647287906172,0.9990250103969396,0.998028562477026,0.9968838411575001,1.0236383644281453,1.0517516165465264,1.077998894055759,1.1087414791645038,1.1401626062137953
146,4.4864336212488425,1.8858400567747866,0.35261371743220754,0.1401642491355568,18.0,0.1925300720140198,-0.18322107586225075,0.17248005650675927,-0.24522106314226055,0.15595484165321966,-0.2700343873716613,-0.556343351589447,-1.0,-0.7106487731092243,-1.0,0.004483545222404239,-0.007725374423791176,-0.005562570912521464,-0.012628048410833176,-0.011921820910143599,0.03,-0.03,-0.02304735564360043,0.03784288925586313,-0.12,0.9991070427768897,0.9986104701240266,0.9989613685177463,0.9980331178117825,0.996819563956974,1.0235840998552619,1.0518421288728308,1.0781162304791112,1.108784565587856,1.1402866926371475
147,4.454688476253229,1.9700348372083631,0.3519670529212738,0.3203684783536639,18.0,0.17585846574060746,-0.1892165346080321,0.16263093643730417,-0.21897337609245163,0.15266644337125723,-0.1500343873716613,-0.676343351589447,-1.0,-0.728964981042468,-1.0,-0.016671606273412354,-0.005995458745781335,-0.009849120069455097,0.026247687049808927,-0.0032883982819624236,0.12,-0.12,-0.018025331360746785,-0.018316207933243706,-0.12,0.9990475180317746,0.9986040969451874,0.9989475964427726,0.998338852405278,0.9968107413979942,1.023593005712407,1.0517401871087104,1.078021687611125,1.10839302271987,1.1402191497691614
148,4.489171344498918,1.993365485632788,0.35158108605468313,0.14472795440760405,18.0,0.17153527801340251,-0.18211609517448718,0.16793666281864106,-0.20527446017224407,0.16444782681082754,-0.1800343873716613,-0.646343351589447,-1.0,-0.7714832825482074,-1.0,-0.004323187727204941,0.007100439433544908,0.005305726381336889,0.013698915920207555,0.011781383439570303,-0.03,0.03,-0.02743100186956264,-0.04251830150573943,-0.12,0.99905596666837,0.9986402858865213,0.9990102934968457,0.9983331357627827,0.996874841563391,1.0236475555703175,1.0516330640121394,1.077888056401815,1.1083336415105598,1.1400787685598515
149,4.516435985022435,1.915915511063879,0.35228833881600213,0.3251918301409127,18.0,0.1873449477508333,-0.17614767230354847,0.17745917045396306,-0.2330252937908452,0.16759305115168832,-0.3000343873716613,-0.526343351589447,-1.0,-0.7484881106104482,-1.0,0.01580966973743078,0.005968422870938711,0.009522507635322003,-0.027750833618601117,0.003145224340860786,-0.12,0.12,-0.03362517176748468,0.022995171937759296,-0.12,0.9991147616069702,0.9986428853870438,0.9990199697521351,0.9980244689639266,0.9968807744985132,1.0236363479916961,1.0517504866631997,1.0779984022981084,1.1087409874068532,1.1401621144561447
150,4.485609575297089,1.8828587161658965,0.3526063382552774,0.14077259594520883,18.0,0.19144534825698895,-0.18420174592836022,0.17157191088685528,-0.24584391276980944,0.15550333332932165,-0.2700343873716613,-0.556343351589447,-1.0,-0.7106655851646455,-1.0,0.004100400506155649,-0.008054073624811753,-0.005887259567107783,-0.012818618978964247,-0.012089717822366675,0.03,-0.03,-0.023049124695565207,0.03782252544580261,-0.12,0.999101624324932,0.9986037904015732,0.9989536729015641,0.9980268865726724,0.996814877273218,1.0235810478336216,1.0518402851637119,1.078115402663721,1.1087837377724656,1.1402858648217573
151,4.454434709252837,1.9692248822707064,0.35196475403839506,0.3183663372864703,18.0,0.1755569541803352,-0.18947480044834353,0.16237994366880426,-0.21912623585626986,0.15253076987220454,-0.1500343873716613,-0.676343351589447,-1.0,-0.7289882662657711,-1.0,-0.01588839407665374,-0.005273054519983306,-0.009191967218051017,0.026717676913539573,-0.0029725634571171056,0.12,-0.12,-0.018026047804224024,-0.018322681101125587,-0.12,0.9990460353520269,0.9986023047244179,0.9989454989566303,0.9983371619597421,0.9968094577211567,1.0235921738225529,1.0517395914114247,1.078021397179212,1.108392732287957,1.1402188593372484
152,4.489698820736055,1.9954132850273134,0.35158587756784626,0.14649070132890907,18.0,0.1722686767186943,-0.18144446230597325,0.16854639423365844,-0.2048315565374355,0.16474324338338214,-0.1800343873716613,-0.646343351589447,-1.0,-0.7714867485958028,-1.0,-0.0032882774616408983,0.00803033814237028,0.006166450564854181,0.014294679318834352,0.012212473511177602,-0.03,0.03,-0.027431013035116206,-0.04249848233003167,-0.12,0.9990596338811223,0.9986448499791339,0.9990155222767465,0.9983373744544315,0.9968780224332718,1.0236496389236514,1.0516342395675629,1.0778885672699503,1.1083341523786951,1.1400792794279866
153,4.517124385982271,1.918450597254974,0.3522944975349565,0.32569238964661074,18.0,0.18825208755572118,-0.17532174138523995,0.178215762667666,-0.23250665761896389,0.16797434047723292,-0.3000343873716613,-0.526343351589447,-1.0,-0.7484760573163389,-1.0,0.015983410837026868,0.006122720920733293,0.009669368434007564,-0.027675101081528375,0.0032310970938507766,-0.12,0.12,-0.033624039573033906,0.02301069127946387,-0.12,0.999119297114335,0.9986484711326566,0.9990264133987304,0.9980296879717853,0.9968846926651755,1.0236389042923737,1.0517520306935058,1.077999088427432,1.1087416735361768,1.1401628005854683
154,4.485736481055898,1.88318562303838,0.3526073255869924,0.14215971274895817,18.0,0.19156461778049086,-0.18410718254508837,0.17167642932341756,-0.24579459014563837,0.15556451524614134,-0.2700343873716613,-0.556343351589447,-1.0,-0.7106514070540134,-1.0,0.003312530224769683,-0.008785441159848417,-0.006539333344248444,-0.013287932526674484,-0.012409825231091576,0.03,-0.03,-0.023048945192140638,0.03782465026232551,-0.12,0.9991022091074195,0.9986044750623746,0.9989544952216783,0.9980275478789299,0.9968153896421469,1.0235813720693647,1.0518405541821896,1.0781155340228856,1.1087838691316305,1.140285996180922
155,4.453912550178787,1.9672331581536568,0.3519599606650042,0.32056264503729304,18.0,0.1748280647516897,-0.1901402712512171,0.16177846092846976,-0.21956394154678555,0.1522363973115407,-0.1500343873716613,-0.676343351589447,-1.0,-0.7289876754279753,-1.0,-0.01673655302880117,-0.006033088706128731,-0.009897968394947804,0.026230648598852824,-0.0033281179346006384,0.12,-0.12,-0.018026137065423067,-0.01833626837396185,-0.12,0.9990424026083708,0.9985977856267386,0.9989403175206896,0.9983329645245299,0.9968063084024591,1.0235901071727878,1.051738412976822,1.078020881082871,1.108392216191616,1.1402183432409074
156,4.489126459556662,1.9933567637256098,0.35158080746269943,0.1464975453434812,18.0,0.1715311400675769,-0.18211849695609744,0.16792438510331867,-0.2052408225432149,0.16443153986777745,-0.1800343873716613,-0.646343351589447,-1.0,-0.7715023360575677,-1.0,-0.003296924684112801,0.00802177429511966,0.00614592417484891,0.014323119003570639,0.012195142556236743,-0.03,0.03,-0.02743104222103805,-0.042514660629592416,-0.12,0.9990559285309054,0.9986403158652554,0.9990102868299578,0.9983331346821218,0.9968748442655361,1.0236475803723502,1.0516329606794188,1.0778879897147164,1.1083335748234613,1.1400787018727527
157,4.5171093657459895,1.9185161201748242,0.3522945430151652,0.32766884086003467,18.0,0.18827337596870705,-0.17529307656765192,0.1782323399457537,-0.23247265364678216,0.16797539154532612,-0.3000343873716613,-0.526343351589447,-1.0,-0.7484847891106596,-1.0,0.016742235901130165,0.0068254203884455245,0.010307954842435019,-0.02723183110356725,0.0035438516775486706,-0.12,0.12,-0.03362423793080986,0.023017546946908107,-0.12,0.9991194172224742,0.9986486600988395,0.9990266047298164,0.9980298505635139,0.9968848101098164,1.023638991897914,1.0517520219358503,1.0779990773048733,1.108741662413618,1.1401627894629096
158,4.4862478605987075,1.8851039707038377,0.3526119820817893,0.14101491643016395,18.0,0.19226251728581303,-0.18346937186602963,0.17225829944095059,-0.24538392267273942,0.1558490315147214,-0.2700343873716613,-0.556343351589447,-1.0,-0.7106469788573445,-1.0,0.003989141317105982,-0.008176295298377712,-0.005974040504803102,-0.012911269025957267,-0.012126360030604716,0.03,-0.03,-0.02304779899695046,0.03783781025331512,-0.12,0.9991057009447183,0.998608798501306,0.9989594588222142,0.9980315693151334,0.9968184065265309,1.023583341587537,1.051841706047549,1.0781160457266408,1.1087843808353854,1.1402865078846771
159,4.4543607781171355,1.9688319640294485,0.3519640545489929,0.3208268070922115,18.0,0.1754168914980445,-0.18961453920480012,0.1622658983689319,-0.21923007324703986,0.1524839630133168,-0.1500343873716613,-0.676343351589447,-1.0,-0.7289716738238942,-1.0,-0.01684562578776852,-0.006145167338770491,-0.00999240107201868,0.026153849425699566,-0.003365068501404611,0.12,-0.12,-0.01802558892180338,-0.01832469496654965,-0.12,0.9990453233668068,0.9986013824684816,0.9989444713852615,0.9983363234729944,0.9968088393229504,1.0235917607058862,1.0517394408316663,1.0780213519148865,1.1083926870236311,1.1402188140729228
160,4.489053575021484,1.9929883576608107,0.35158007885544335,0.1452593991932079,18.0,0.17139965261079523,-0.182239619573814,0.1678196484167258,-0.20533893062084546,0.16438615333334677,-0.1800343873716613,-0.646343351589447,-1.0,-0.7714918315048483,-1.0,-0.00401723888724928,0.007374919630986132,0.005553750047793904,0.013891142626194397,0.011902190320029982,-0.03,0.03,-0.027431018876790267,-0.04252015768095416,-0.12,0.9990552801174084,0.9986394687829012,0.9990093376279012,0.9983323629881318,0.996874263339669,1.0236471879725189,1.051632800037786,1.0778879311927858,1.1083335163015307,1.140078643350822
161,4.516635070437348,1.9167064058944288,0.35229020608518186,0.32629420608547516,18.0,0.1876270390613183,-0.1758863892640694,0.17769387008214188,-0.232853520232646,0.1677078063562769,-0.3000343873716613,-0.526343351589447,-1.0,-0.7484887064797876,-1.0,0.016227386450523074,0.006353230309744579,0.009874221665416072,-0.027514589611800533,0.0033216530229301378,-0.12,0.12,-0.03362492793255366,0.023003125025060717,-0.12,0.9991161785178089,0.9986446501393378,0.9990219927036394,0.9980261110921618,0.9968820051059611,1.0236371561398132,1.051750945092873,1.0779986025285715,1.1087411876373163,1.1401623146866078
162,4.4858939620255684,1.8838806772446206,0.35260887771415367,0.1406365938948673,18.0,0.1918173478739486,-0.18386609193781966,0.17188358157510086,-0.245631251487809,0.15565874691291626,-0.2700343873716613,-0.556343351589447,-1.0,-0.7106592032768656,-1.0,0.0041903088126303,-0.007979702673750255,-0.005810288507041017,-0.012777731255163016,-0.012049059443360655,0.03,-0.03,-0.023048518466795384,0.03782950320292197,-0.12,0.9991034819960625,0.9986060787117996,0.9989563108923537,0.9980290223639791,0.9968164844094896,1.0235820939626543,1.051840920756595,1.078115688576041,1.108784023684786,1.1402861507340774
163,4.454494202791571,1.9693985716088105,0.35196529030775353,0.319151703648606,18.0,0.17562225652667143,-0.18942088836614965,0.1624345763672258,-0.21909651696909355,0.15256184654548222,-0.1500343873716613,-0.676343351589447,-1.0,-0.7289803790558399,-1.0,-0.016195091347277174,-0.005554796428329983,-0.00944900520787506,0.026534734518715464,-0.003096900367434041,0.12,-0.12,-0.018025810073803758,-0.01832117577897427,-0.12,0.9990463541335285,0.998602683686666,0.9989459478413933,0.9983375226863375,0.9968097335362227,1.0235923512987617,1.051739733551598,1.0780214693968708,1.1083928045056157,1.1402189315549072
164,4.489492238478475,1.9946192922051211,0.35158400732630973,0.1458961625696344,18.0,0.17198434367161275,-0.18170478549236077,0.1683095626512217,-0.20500146925657609,0.16462798067083906,-0.1800343873716613,-0.646343351589447,-1.0,-0.7714863577747565,-1.0,-0.0036379128550586837,0.007716102873788877,0.005874986283995909,0.014095047712517461,0.012066134125356842,-0.03,0.03,-0.027431010456581792,-0.04250597871891662,-0.12,0.999058211243558,0.9986430832683134,0.9990134962248228,0.9983357322521212,0.9968767902399802,1.023648833027208,1.0516337789754622,1.0778883660189529,1.1083339511276975,1.1400790781769892
165,4.51689136541261,1.9175981286836787,0.3522924215238235,0.3256222545909264,18.0,0.18794705436000705,-0.17559901902346364,0.17796128952451543,-0.23267998117226107,0.16784572195599629,-0.3000343873716613,-0.526343351589447,-1.0,-0.7484805604152575,-1.0,0.015962710688394305,0.006105766468897128,0.009651726873293714,-0.02767851191568499,0.0032177412851572273,-0.12,0.12,-0.033624431338059854,0.02300579735949901,-0.12,0.9991177726538738,0.998646595692,0.999024248566401,0.9980279349342701,0.9968833763399406,1.0236380460187964,1.0517515092153622,1.0779988563409613,1.108741441449706,1.1401625684989976
166,4.48571917661126,1.8831711123948367,0.35260722511036274,0.14163438722370783,18.0,0.19155923921174417,-0.18410721154083903,0.1716702308389071,-0.24579070301432784,0.1555580830505185,-0.2700343873716613,-0.556343351589447,-1.0,-0.7106559699938151,-1.0,0.003612184851737116,-0.00850819251737539,-0.006291058685608336,-0.01311072184206677,-0.012287638905477793,0.03,-0.03,-0.023048948199585736,0.0378245904214424,-0.12,0.9991021862613815,0.9986044600877775,0.9989544657746412,0.9980275256929604,0.9968153675018457,1.0235813610863356,1.0518405209544592,1.0781155152675956,1.1087838503763403,1.140285977425632
167,4.454111123502413,1.9679849423621616,0.3519617827670621,0.319834706922226,18.0,0.17510343674174553,-0.18988943288998827,0.16200578145278688,-0.21939955095973968,0.1523481069456889,-0.1500343873716613,-0.676343351589447,-1.0,-0.7289870755513552,-1.0,-0.016455802469998643,-0.005782221349149241,-0.00966444938612021,0.02639115205458817,-0.0032099761048295927,0.12,-0.12,-0.0180260794966796,-0.018331105557540195,-0.12,0.9990437743997842,0.9985994903090907,0.9989422735497185,0.9983345488013723,0.9968074976088825,1.0235908872022674,1.0517388620049741,1.0780210787643465,1.1083924138730912,1.1402185409223828
168,4.489315964233535,1.9940321305816433,0.351582481979784,0.1464333493866408,18.0,0.17177345437167266,-0.1818970948846229,0.168129049967996,-0.20510761700741892,0.16453445789998833,-0.1800343873716613,-0.646343351589447,-1.0,-0.7714965511407285,-1.0,-0.0033299823700728703,0.007992338005365363,0.006123268515209113,0.014291933952320757,0.01218635095429943,-0.03,0.03,-0.02743103106579374,-0.042509475589373236,-0.12,0.9990571465111905,0.9986418035867504,0.9990120061170253,0.9983345268448788,0.9968758877200306,1.023648255430088,1.0516333842184349,1.07788818168816,1.1083337667969047,1.1400788938461963
169,4.517090735107549,1.918403555467851,0.352294310957366,0.32693321091378774,18.0,0.18823389951709088,-0.1753323882058146,0.1781998416593641,-0.2325031640394456,0.16796166492507578,-0.3000343873716613,-0.526343351589447,-1.0,-0.7484820377996495,-1.0,0.016460445145418223,0.006564706678808319,0.010070791691368097,-0.02739554703202668,0.0034272070250874476,-0.12,0.12,-0.03362420522534475,0.023014513341078957,-0.12,0.9991192148823227,0.9986483959751428,0.9990263097212242,0.9980296088481313,0.996884630310264,1.023638870595277,1.051751971083388,1.0779990573373066,1.1087416424460514,1.140162769495343
170,4.486057601146905,1.884395308358339,0.35261025561046716,0.14138233098773803,18.0,0.19200476312531375,-0.18370442984289323,0.17204321794222155,-0.24553485730769126,0.15574351013280932,-0.2700343873716613,-0.556343351589447,-1.0,-0.7106490838348677,-1.0,0.003770863608222874,-0.008372041637078637,-0.00615662371714254,-0.013031693268245659,-0.012218154792266456,0.03,-0.03,-0.02304822159298532,0.03783295396478181,-0.12,0.9991044117216401,0.998607203635592,0.9989576265333908,0.9980300849944268,0.9968172924221378,1.023582614629842,1.05184127810181,1.0781158552040113,1.1087841903127562,1.1402863173620477
171,4.4542161573546935,1.968320597690809,0.35196273479817114,0.32065396771440785,18.0,0.17522843534450602,-0.1897822669342533,0.16210982964730394,-0.21933606328335462,0.15240431447956135,-0.1500343873716613,-0.676343351589447,-1.0,-0.7289775087046055,-1.0,-0.01677632778080773,-0.006077837091360061,-0.009933388294917606,0.02619879402433664,-0.0033391956532479727,0.12,-0.12,-0.018025784799946334,-0.01832842486973782,-0.12,0.9990443892195069,0.9986002336913581,0.9989431433989371,0.9983352499024771,0.9968080299236072,1.0235912322302418,1.0517391086059713,1.0780211988983923,1.108392534007137,1.1402186610564287
172,4.489100083715979,1.9931941366728403,0.3515805210159704,0.14570901631061867,18.0,0.17147323698871025,-0.18217202337883623,0.16787946961167324,-0.20528896021990056,0.16441355174438932,-0.1800343873716613,-0.646343351589447,-1.0,-0.77149510281136,-1.0,-0.003755198355795769,0.007610243555417062,0.0057696399643693,0.014047103063454053,0.012009237264827971,-0.03,0.03,-0.027431026167820408,-0.04251759410675446,-0.12,0.9990556453776921,0.9986399352332468,0.9990098657246717,0.998332791745992,0.9968745856335222,1.0236474025882212,1.0516329031588108,1.0778879726673858,1.1083335577761306,1.140078684825422
173,4.516807950207238,1.9173615246788656,0.35229178029667413,0.3267245357013721,18.0,0.18786114926908035,-0.17567181420468703,0.17788894729731294,-0.23271632855162355,0.16780499454297274,-0.3000343873716613,-0.526343351589447,-1.0,-0.7484869773804533,-1.0,0.016387912280370093,0.006500209174149202,0.0100094776856397,-0.02742736833172299,0.003391442798583416,-0.12,0.12,-0.033624670170429874,0.023008125430906717,-0.12,0.9991173511142645,0.9986461005489474,0.9990236617866691,0.998027464126411,0.9968830201844919,1.0236378200793568,1.0517513366659252,1.0779987754282037,1.1087413605369485,1.14016248758624
174,4.486004637461749,1.8842579454648636,0.35260984273711166,0.1408140974148071,18.0,0.1919546749061948,-0.1837442595176576,0.17199936988558512,-0.24555574993619714,0.15571792780615198,-0.2700343873716613,-0.556343351589447,-1.0,-0.7106549164488535,-1.0,0.004093525637114459,-0.008072445312970578,-0.0058895774117278255,-0.012839421384573585,-0.01208706673682075,0.03,-0.03,-0.023048297022945488,0.037832060931599826,-0.12,0.9991041660534293,0.9986069156598085,0.9989572809973724,0.9980298070775041,0.9968170772369529,1.023582478371159,1.0518411657779658,1.078115800440402,1.1087841355491468,1.1402862625984382
175,4.454430024594896,1.9691366948510862,0.3519646980399838,0.31975110593809375,18.0,0.17552702514403262,-0.1895096464393204,0.1623562274015983,-0.2191567254594224,0.15252488512660278,-0.1500343873716613,-0.676343351589447,-1.0,-0.7289777760628116,-1.0,-0.016427649762162183,-0.005765386921662785,-0.009643142483986816,0.026399024476774724,-0.0031930426795492017,0.12,-0.12,-0.018025748806336797,-0.018322859613958048,-0.12,0.9990458773856777,0.9986020850166224,0.9989452660081573,0.9983369694154679,0.9968093200593183,1.0235920788499955,1.051739591224453,1.0780214102329182,1.1083927453416629,1.1402188723909543
176,4.489335408920109,1.994039469462849,0.35158260542797565,0.14570811322793253,18.0,0.17177650196635197,-0.18189487706040108,0.1681352206005805,-0.20512065356466214,0.1645417025415087,-0.1800343873716613,-0.646343351589447,-1.0,-0.7714887142254957,-1.0,-0.0037505231776806536,0.007614769378919306,0.005778993198982202,0.014036071894760277,0.012016817414905928,-0.03,0.03,-0.02743101426471313,-0.042510938162684114,-0.12,0.9990571689258954,0.9986417996024269,0.9990120184331454,0.9983345350467459,0.9968758924288245,1.0236482490317433,1.0516334289054017,1.0778882100746832,1.108333795183428,1.1400789222327194
177,4.516814841288769,1.917337412169224,0.3522917683158607,0.32591451300695123,18.0,0.18785339895661715,-0.17568266809373367,0.17788296900520956,-0.23272971007596535,0.1678049733231171,-0.3000343873716613,-0.526343351589447,-1.0,-0.7484833828730177,-1.0,0.016076896990265183,0.00621220896666741,0.009747748404629053,-0.027609056511303215,0.0032632707816084017,-0.12,0.12,-0.03362458751784454,0.02300533135247798,-0.12,0.9991173067798353,0.9986460291169316,0.9990235903069086,0.9980274031095723,0.9968829762625284,1.023637786918319,1.051751341925173,1.0779987807351958,1.1087413658439407,1.1401624928932321
178,4.485795061844396,1.8834716908727012,0.3526079342164144,0.14128507816324368,18.0,0.19166859947782647,-0.18400571802989976,0.1717608626212991,-0.2457241089780253,0.1556013168582915,-0.2700343873716613,-0.556343351589447,-1.0,-0.7106567169179455,-1.0,0.0038152005212093165,-0.008323049936166088,-0.006122106383910447,-0.012994398902059945,-0.012203656464825602,0.03,-0.03,-0.023048766789111233,0.03782666595507225,-0.12,0.9991027347096763,0.9986051433889958,0.9989552463519269,0.9980281586338869,0.9968158405904926,1.023581671037774,1.0518406937001632,1.078115590737232,1.1087839258459768,1.1402860528952683
179,4.4542456304000755,1.9684786465685753,0.35196301397605706,0.31964516249574054,18.0,0.1752847537773465,-0.18972596259024455,0.16215567535184272,-0.21929411751381875,0.15242304432240375,-0.1500343873716613,-0.676343351589447,-1.0,-0.7289843378833106,-1.0,-0.01638384570047996,-0.005720244560344784,-0.009605187269456389,0.026429991464206548,-0.0031782725358877606,0.12,-0.12,-0.018025973833129663,-0.018327620965365082,-0.12,0.9990446756512136,0.9986006050632481,0.9989435569129735,0.9983355873866292,0.9968082787284174,1.023591398512784,1.051739168436417,1.0780212165866916,1.1083925516954365,1.140218678744728
180,4.489364658150546,1.994188371014531,0.35158289873507026,0.14621587357061158,18.0,0.17182961809220584,-0.18184593651937855,0.16817749306197036,-0.20508085635975482,0.16455997618598395,-0.1800343873716613,-0.646343351589447,-1.0,-0.7714930389701438,-1.0,-0.0034551356851406645,0.007880026070865992,0.006021817710127636,0.014213261154063933,0.012136931863580197,-0.03,0.03,-0.027431023795409917,-0.042508701086833106,-0.12,0.9990574308000753,0.9986421420659468,0.9990124020123653,0.9983348469191959,0.9968761272199225,1.0236484077324108,1.0516334933937834,1.077888233447365,1.1083338185561098,1.1400789456054012
181,4.517009332340807,1.918079662930751,0.3522935469098443,0.3264804079633785,18.0,0.18811848032362,-0.1754393226247207,0.1781038083347288,-0.23257348504590597,0.16791471107248032,-0.3000343873716613,-0.526343351589447,-1.0,-0.7484817859782432,-1.0,0.016288862231414153,0.006406613894657853,0.009926315272758446,-0.027492628686151155,0.0033547348864963744,-0.12,0.12,-0.033624304686771536,0.023011252991900516,-0.12,0.999118635079098,0.99864767377188,0.9990254818717931,0.9980289368146114,0.9968841266984538,1.0236385398434513,1.0517517835248378,1.0779989754249246,1.1087415605336695,1.1401626875829611
182,4.485940746340193,1.8839752597037038,0.35260921232190695,0.14143899371573135,18.0,0.19185191537745017,-0.1838423410899016,0.17191515908931707,-0.24562223538445296,0.15567965743806406,-0.2700343873716613,-0.556343351589447,-1.0,-0.710651698999898,-1.0,0.0037334350538301697,-0.008403018465180906,-0.006188649245411737,-0.013048750338546994,-0.012235053634416265,0.03,-0.03,-0.0230484705109235,0.037830086978345195,-0.12,0.9991036484490815,0.998606263422428,0.9989565426516637,0.9980292074571592,0.9968166320950843,1.0235821848087234,1.0518410169835273,1.0781157377542918,1.1087840728630365,1.140286199912328
183,4.454191390240995,1.9682480852720694,0.3519625116234491,0.3203323921343614,18.0,0.17520116862623358,-0.18980480766013452,0.16208702706285238,-0.21934852601928592,0.1523913714641333,-0.1500343873716613,-0.676343351589447,-1.0,-0.7289807504472474,-1.0,-0.016650746751216583,-0.005962466570232916,-0.009828132026464681,0.02627370936516704,-0.0032882859739307435,0.12,-0.12,-0.018025882377160504,-0.018329051447349393,-0.12,0.9990442560935109,0.9986000753283218,0.9989429559141162,0.9983350992277259,0.9968079147504991,1.023591158101786,1.0517390495030663,1.0780211689172718,1.1083925040260167,1.1402186310753082
184,4.489184694165754,1.9935191253111975,0.351581286900927,0.1459533954013812,18.0,0.17158970054074515,-0.18206539973926683,0.16797647092284296,-0.20521935628733065,0.16446075536314972,-0.1800343873716613,-0.646343351589447,-1.0,-0.7714952723513102,-1.0,-0.0036114680854884285,0.007739407920867691,0.005889443859990573,0.014129169731955271,0.012069383899016406,-0.03,0.03,-0.027431027180518805,-0.04251452190406277,-0.12,0.9990562280694623,0.9986406588729804,0.9990106955725475,0.9983334643680726,0.9968750903233704,1.0236477326757092,1.0516330917642844,1.0778880550647174,1.1083336401734623,1.1400787672227537
185,4.5169037274688435,1.9177119136164338,0.3522926336831576,0.32675448637837157,18.0,0.18798655214849166,-0.1755578147626175,0.1779935638586369,-0.2326450647845077,0.16785786216316245,-0.3000343873716613,-0.526343351589447,-1.0,-0.7484851307903182,-1.0,0.01639685160774651,0.006507584976649328,0.010017092935793948,-0.027425708497177043,0.0033971068000127336,-0.12,0.12,-0.033624509107227626,0.023010141560991987,-0.12,0.999117977848289,0.9986468715921004,0.9990245517819676,0.9980281848278222,0.9968835613367818,1.0236381729218362,1.0517515510160353,1.0779988708261683,1.1087414559349131,1.1401625829842046
186,4.486012033787475,1.884265006757111,0.3526098867116583,0.1410293769108486,18.0,0.19195728358564149,-0.18374388017842186,0.1720022494615572,-0.24555710954629395,0.15572073393716138,-0.2700343873716613,-0.556343351589447,-1.0,-0.7106530381172909,-1.0,0.0039707314371498215,-0.008186065415804356,-0.0059913143970797,-0.012912044761786257,-0.012137128226001076,0.03,-0.03,-0.023048294990346593,0.03783209267302737,-0.12,0.9991041774424806,0.9986069242956493,0.998957295947008,0.9980298185054225,0.996817088067412,1.0235824840183811,1.051841180095143,1.0781158084437843,1.1087841435525292,1.1402862706018206
187,4.454348636204653,1.9688283831591016,0.35196395139120656,0.32005049070420344,18.0,0.17541415682278794,-0.18961245111156982,0.16226305746194725,-0.2192241081549766,0.15247910994742933,-0.1500343873716613,-0.676343351589447,-1.0,-0.7289780137448334,-1.0,-0.01654312676285355,-0.005868570933147965,-0.009739191999609959,0.026333001391317362,-0.0032416239897320454,0.12,-0.12,-0.018025772185924757,-0.01832497562754251,-0.12,0.9990453151470501,0.9986013863280363,0.998944464325418,0.9983363201049623,0.9968088326661716,1.02359175916274,1.0517394072384576,1.078021329241076,1.1083926643498208,1.1402187913991122
188,4.489257458749349,1.9937616122423945,0.351581916686117,0.14573378427822217,18.0,0.17167681741191462,-0.18198595655801858,0.16805102795634555,-0.2051754612526384,0.16449937043783897,-0.1800343873716613,-0.646343351589447,-1.0,-0.7714910861714849,-1.0,-0.0037373394108733138,0.007626494553551244,0.0057879704943983035,0.014048646902338174,0.012020260490409634,-0.03,0.03,-0.027431018734166188,-0.042513072426651505,-0.12,0.9990566678797176,0.998641187570681,0.9990113111541661,0.9983339623419152,0.9968754631742025,1.023647971323881,1.0516332547114775,1.0778881311279924,1.1083337162367373,1.1400788432860287
189,4.5168222333465655,1.9173826300997998,0.3522918612230939,0.3262161367679307,18.0,0.18786925931906828,-0.17566684565202484,0.1778960206499628,-0.2327173896216337,0.16781046315064627,-0.3000343873716613,-0.526343351589447,-1.0,-0.7484845159921214,-1.0,0.01619244190715366,0.006319110905993741,0.009844992693617244,-0.0275419283689953,0.003311092712807301,-0.12,0.12,-0.03362460123659715,0.023006570179363445,-0.12,0.999117388110909,0.9986461353969251,0.9990237089390142,0.9980275003301885,0.996883048562799,1.023637835725629,1.0517513622142376,1.0779987886721487,1.1087413737808935,1.140162500830185
190,4.48587306167601,1.88376214600066,0.35260864211555903,0.14113383376483565,18.0,0.19177429609123328,-0.1839093250716073,0.1718490568159506,-0.24566220447702625,0.15564458165939585,-0.2700343873716613,-0.556343351589447,-1.0,-0.7106558585996884,-1.0,0.0039050367721649992,-0.008242479419582449,-0.006046963834012181,-0.012944814855392534,-0.012165881491250419,0.03,-0.03,-0.023048593436872253,0.037828657392433046,-0.12,0.999103263375787,0.9986057974117211,0.9989559977204547,0.9980287673119866,0.9968162974496829,1.0235819691474142,1.0518408691568912,1.0781156688481575,1.1087840039569024,1.1402861310061938
191,4.454305139886111,1.9686891626140932,0.35196355717287325,0.319715250835065,18.0,0.17536233066348608,-0.18965690385692632,0.16221992120387335,-0.2192504719959326,0.15245582886783188,-0.1500343873716613,-0.676343351589447,-1.0,-0.7289819443369523,-1.0,-0.0164119654277472,-0.005747578785319035,-0.009629135612077261,0.026411732481093658,-0.00318875279156397,0.12,-0.12,-0.018025893302714077,-0.01832608573726388,-0.12,0.9990450602151493,0.9986010780093575,0.9989441036243101,0.9983360293691695,0.9968086119434527,1.0235916160852856,1.0517393051664161,1.0780212795514634,1.1083926146602083,1.1402187417094998
192,4.489345795268138,1.9941046795908863,0.35158271922277146,0.14603140977800408,18.0,0.17179970625348454,-0.18187341719252412,0.1681531837871708,-0.20510120587234765,0.16454885204964562,-0.1800343873716613,-0.646343351589447,-1.0,-0.7714916911518565,-1.0,-0.003562624410001547,0.007783486664402206,0.005933262583297461,0.014149266123584942,0.012093023181813739,-0.03,0.03,-0.027431020720410634,-0.04250974681490413,-0.12,0.9990572823346516,0.9986419523927601,0.9990121873098718,0.9983346725976847,0.9968759961804714,1.0236483204496545,1.0516334515644177,1.077888216647306,1.108333801756051,1.1400789288053423
193,4.516938427343771,1.9178107898588577,0.352292901085197,0.32630314259784293,18.0,0.18802243741701635,-0.17552736112699707,0.17802377773779665,-0.23262978117478028,0.16787483896979344,-0.3000343873716613,-0.526343351589447,-1.0,-0.7484824919562787,-1.0,0.016222731163531817,0.006346056065527045,0.009870593950625839,-0.027528575302432634,0.003325986920147822,-0.12,0.12,-0.03362441032556816,0.02300919919557773,-0.12,0.9991181540044183,0.9986470786975393,0.9990247970852214,0.9980283816859635,0.9968837102304471,1.0236382674305189,1.0517516228877357,1.0779989045000538,1.1087414896087986,1.14016261665809
194,4.485895143505557,1.883819790667052,0.3526088147164022,0.14136658475023667,18.0,0.19179531900658806,-0.18389255307327643,0.17186744208274293,-0.24565335809494077,0.15565527307166885,-0.2700343873716613,-0.556343351589447,-1.0,-0.7106534592152319,-1.0,0.0037728815895717027,-0.008365191946279354,-0.0061563356550537185,-0.013023576920160485,-0.01221956589812459,0.03,-0.03,-0.023048561700302603,0.037829032741046736,-0.12,0.9991033665347643,0.9986059184846221,0.9989561428490333,0.9980288840596295,0.9968163877814284,1.0235820263856794,1.0518409160392939,1.0781156916748826,1.1087840267836273,1.140286153832919
195,4.4542175484306075,1.9683548769689239,0.3519627530822416,0.3200863986627821,18.0,0.17524001553595575,-0.1897685897688762,0.16211898756216833,-0.21932394879391612,0.15240644349503443,-0.1500343873716613,-0.676343351589447,-1.0,-0.7289818243135483,-1.0,-0.016555303470632304,-0.005876036695599773,-0.009748454520574601,0.026329409301024648,-0.0032488295766344155,0.12,-0.12,-0.018025907716782738,-0.018328365098316396,-0.12,0.9990444505882141,0.9986003195919064,0.9989432340897703,0.9983353249600518,0.9968080834396463,1.0235912692620344,1.0517391075117544,1.0780211930138905,1.1083925281226354,1.1402186551719269
196,4.489249060767506,1.99375706145241,0.35158186228893135,0.14603099531865732,18.0,0.17167501505573332,-0.18198737150821873,0.168048032267452,-0.2051704260439166,0.16449616740606532,-0.1800343873716613,-0.646343351589447,-1.0,-0.7714943095250116,-1.0,-0.00356500048022243,0.007781218260657474,0.005929044705283659,0.014153522749999509,0.012089723911030886,-0.03,0.03,-0.027431025605538437,-0.04251248521146336,-0.12,0.9990566559126329,0.998641185799894,0.9990113021765576,0.9983339557974876,0.9968754588583215,1.02364797240024,1.0516332354379752,1.0778881190613117,1.1083337041700565,1.140078831219348
197,4.51693529293547,1.9178195525472184,0.35229290325984614,0.3266350993278281,18.0,0.18802521199613179,-0.17552327615333202,0.17802589306778654,-0.23262452386379454,0.1678746775933501,-0.3000343873716613,-0.526343351589447,-1.0,-0.748483971299966,-1.0,0.016350196940398465,0.006464095354886706,0.009977860800334554,-0.027454097819877926,0.0033785101872847723,-0.12,0.12,-0.03362444471079733,0.023010338225045585,-0.12,0.9991181701704314,0.9986471055096072,0.9990248235341922,0.9980284043892526,0.9968837264999026,1.0236382798923807,1.05175162004361,1.0779989020190248,1.1087414871277697,1.140162614177061
198,4.485981032715947,1.8841420991105056,0.3526095969509884,0.14117282246900043,18.0,0.19191258358858657,-0.18378537243979612,0.17196520603386642,-0.2455843371096148,0.15570306744924894,-0.2700343873716613,-0.556343351589447,-1.0,-0.7106527271337261,-1.0,0.0038873715924547803,-0.008262096286464099,-0.006060687033920126,-0.012959813245820268,-0.012171610144101147,0.03,-0.03,-0.023048369117214126,0.037831244166239925,-0.12,0.9991039532601927,0.9986066449775458,0.9989569768793066,0.9980295597827171,0.9968168946950183,1.0235823573241574,1.0518411095163331,1.0781157776145722,1.1087841127233171,1.1402862397726086
199,4.454293397289334,1.9686255853032484,0.3519634458381063,0.3201288702697298,18.0,0.17533969227694565,-0.18967958332802778,0.16220149919900648,-0.2192674106768903,0.15244833918030246,-0.1500343873716613,-0.676343351589447,-1.0,-0.7289791336670524,-1.0,-0.016572891311640914,-0.005894210888231666,-0.009763706834859942,0.026316926432724513,-0.0032547282689464885,0.12,-0.12,-0.01802581541855923,-0.01832640653332626,-0.12,0.9990449450245946,0.998600928517974,0.9989439372811296,0.9983358935878109,0.996808511882261,1.0235915491837029,1.0517392814192723,1.0780212726561167,1.1083926077648614,1.140218734814153
200,4.4892373169743545,1.9936969200245325,0.351581744260318,0.14582276252279167,18.0,0.17165355923128092,-0.18200714215955274,0.16803097224271518,-0.20518656347214484,0.16448881186183645,-0.1800343873716613,-0.646343351589447,-1.0,-0.7714925290457161,-1.0,-0.00368613304566473,0.0076724411684750415,0.005829473043708705,0.01408084720474545,0.012040472681533992,-0.03,0.03,-0.027431021671732655,-0.04251339537866372,-0.12,0.9990565501635673,0.9986410473725362,0.9990111471992253,0.9983338297855182,0.9968753639851281,1.023647908235091,1.0516332095596284,1.0778881097329391,1.108333694841684,1.1400788218909754
