step,J,D,stress,movement,active_directed_pairs,x_0,x_1,x_2,x_3,x_4,x_5,x_6,x_7,x_8,x_9,v_0,v_1,v_2,v_3,v_4,v_5,v_6,v_7,v_8,v_9,y_0,y_1,y_2,y_3,y_4,y_5,y_6,y_7,y_8,y_9
1,0.047291712079763154,0.0002301366080741249,0.0,0.019034979465685525,0.0,0.003926685093621638,-0.0005442618105666489,0.005033654641320444,0.011131743743824297,-0.0011450610502784135,-0.0011396272768727442,0.011487456086003142,0.005828139326450011,-0.0028455408066691643,0.00420954224415666,-0.0010404564364906886,0.0008383812011451976,-0.0014432307396864807,-0.004098554820255957,0.001196472696954946,0.0012017422926190614,-0.0043046720690707715,-0.0018462079650790773,0.0018492030526803573,-0.0012160581917029867,1.0000228328794993,1.0000453746605806,1.0000427982732174,1.0000346766708308,1.0000665500146146,1.0000745367437902,1.000043031509168,1.0000598151016051,1.0000626356791154,1.000031619547683
2,0.03398913604367263,0.00011539436933656867,0.0,0.01330257603609053,0.0,0.0030128351568779552,-0.000313493553188432,0.00373052126867907,0.00800348697707558,-0.0006600552629267389,-0.0006674423512588317,0.008233928807759252,0.004257705703333396,-0.0018910272610295259,0.0032186397015438505,-0.0009138499367436833,0.00023076825737821695,-0.0013031333726413743,-0.0031282567667487156,0.0004850057873516747,0.0004721849256139125,-0.003253527278243891,-0.0015704336231166143,0.0009545135456396384,-0.0009909025426128096,1.0000172829690048,1.0000334900301333,1.0000320049057918,1.0000262856585105,1.0000490110186377,1.0000547498695365,1.0000325860725356,1.00004493410587,1.0000465860256893,1.0000243544179084
3,0.024309790583887304,5.769984678082108e-05,0.0,0.009679345459785327,0.0,0.0022518214325140504,-0.00020820052579068694,0.002715107301200871,0.005700624546822328,-0.0004065438045289806,-0.00041918387194034415,0.005851288851968127,0.003067467088218873,-0.001283994619456344,0.0024055585414467003,-0.0007610137243639048,0.00010529302739774505,-0.0010154139674781986,-0.0023028624302532524,0.0002535114583977583,0.0002482584793184875,-0.002382639955791125,-0.0011902386151145235,0.000607032641573182,-0.0008130811600971501,1.0000127143246336,1.000024258089341,1.0000233433657808,1.000019265926764,1.0000353923224923,1.0000394774705832,1.0000238891228246,1.0000329226064621,1.000033960086545,1.0000181616066448
4,0.017353222712384306,2.884264210553847e-05,0.0,0.006956567871502997,0.0,0.0016649652408072138,-0.00014834884261119034,0.0019612798834515045,0.004047310628936776,-0.0002568759393921543,-0.00027026218394304055,0.004146362947547573,0.002197731497706654,-0.0008802226059640606,0.001779862942024141,-0.0005868561917068366,5.98516831794966e-05,-0.0007538274177493667,-0.0016533139178855527,0.00014966786513682628,0.00014892168799730357,-0.0017049259044205534,-0.0008697355905122192,0.0004037720134922834,-0.0006256955994225591,1.0000092500432718,1.0000174458472955,1.0000168678764318,1.0000139512744515,1.000025380103837,1.0000282781646774,1.0000173096594451,1.000023894667738,1.0000245635666434,1.000013368386685
5,0.012373700842265559,1.4415963415017009e-05,0.0,0.0049795218701187485,0.0,0.0012241605559191965,-0.00010802298120741278,0.0014121548657483355,0.0028702582369904053,-0.00016268217041764984,-0.00017481074006340613,0.0029356327853163585,0.0015711825702973167,-0.0006052835013996007,0.0013095124349058775,-0.00044080468488801733,4.032586140377757e-05,-0.000549125017703169,-0.0011770523919463708,9.419376897450445e-05,9.545144387963442e-05,-0.0012107301622312145,-0.0006265489274093375,0.00027493910456445977,-0.00047035050711826374,1.000006699117064,1.0000125113899938,1.0000121453551105,1.0000100600817783,1.000018156426494,1.000020210256754,1.0000124913407946,1.0000172769801459,1.0000177096367275,1.0000097834282071
6,0.008817009572061602,7.205549268294558e-06,0.0,0.003556691270203957,0.0,0.0008970033261781139,-7.878090833587333e-05,0.0010151948932811106,0.002034955330784626,-0.0001020168484332859,-0.00011218225925409305,0.002078247436895167,0.0011223064025505827,-0.000416377424296947,0.0009599447420518034,-0.0003271572297410826,2.9242072871539456e-05,-0.000396959972467225,-0.0008353029062057795,6.066532198436394e-05,6.262848080931308e-05,-0.0008573853484211915,-0.000448876167746734,0.0001889060771026537,-0.00034956769285407414,1.000004842009794,1.0000089627943387,1.0000087332564298,1.000007244650848,1.000012979998858,1.0000144353942777,1.0000090030208462,1.0000124723722597,1.0000127500233513,1.0000071387552716
7,0.006279639542441993,3.6019521066583353e-06,0.0,0.0025373700296196094,0.0,0.0006557001715871681,-5.7110196208951376e-05,0.0007292018835859249,0.0014428441241339464,-6.281725488337462e-05,-7.094608114800419e-05,0.0014716066423571136,0.0008014250592255751,-0.00028619666598890146,0.0007017914633230336,-0.0002413031545909457,2.1670712126921953e-05,-0.00028599300969518575,-0.0005921112066506796,3.9199593549911276e-05,4.123617810608886e-05,-0.0006066407945380534,-0.00032088134332500766,0.0001301807583080456,-0.0002581532787287697,1.0000034963847257,1.000006418144077,1.0000062768052536,1.0000052160184711,1.0000092793049644,1.0000103109098724,1.000006487631023,1.0000089975160353,1.000009173107586,1.0000051997696517
8,0.0044708467709335025,1.8008294355918496e-06,0.0,0.0018087927715084904,0.0,0.0004784049950546538,-4.104466459264792e-05,0.0005234998569709992,0.0010232427299402824,-3.765199409143901e-05,-4.395017173366625e-05,0.001042415279969647,0.0005722429432240059,-0.00019644816084484287,0.0005119459745113187,-0.00017729517653251438,1.6065531616303455e-05,-0.00020570202661492564,-0.00041960139419366385,2.5165260791935614e-05,2.699590941433794e-05,-0.00042919136238746654,-0.00022918211600156922,8.974850514405859e-05,-0.00018984548881171488,1.0000025234357866,1.0000045955023147,1.0000045107853281,1.0000037561619097,1.0000066353285124,1.0000073668393787,1.000004675961144,1.0000064884957947,1.0000065972724697,1.0000037827512138
9,0.003182131373352432,9.004871623381226e-07,0.0,0.0012887153975810713,0.0,0.0003484982498663208,-2.9218920694791054e-05,0.0003756881113375441,0.000725872486901657,-2.1694619864381452e-05,-2.646468574860642e-05,0.000738695332503704,0.00040861067604573145,-0.00013461605874373525,0.0003727722316459603,-0.000129906745188333,1.1825743897856864e-05,-0.0001478117456334551,-0.0002973702430386254,1.595737422705756e-05,1.7485485985059832e-05,-0.0003037199474659429,-0.00016363226717827447,6.183210210110761e-05,-0.00013917374286535848,1.000001820691388,1.000003290583174,1.0000032417702793,1.0000027057975447,1.0000047462947426,1.0000052652423697,1.0000033713099987,1.0000046782291752,1.0000047437292723,1.0000027492518746
10,0.002264341780110678,4.503532072863009e-07,0.0,0.0009177895932417541,0.0,0.0002535214722354746,-2.0595220459059728e-05,0.00026954020955177694,0.0005150817483217502,-1.1750496542600044e-05,-1.5301626392199057e-05,0.0005236865349834522,0.0002917926861437714,-9.206717264692601e-05,0.0002710046128336675,-9.497677763084618e-05,8.623700235731324e-06,-0.00010614790178576715,-0.00021079073857990682,9.944123321781408e-06,1.1163059356407364e-05,-0.00021500879752025184,-0.00011681798990196006,4.2548886096809235e-05,-0.0001017676188122928,1.0000013134106165,1.0000023564511569,1.0000023300125396,1.0000019498870267,1.0000033962781434,1.0000037645993733,1.0000024315472391,1.0000033726264246,1.0000034104979498,1.0000019965443054
11,0.001610936720661738,2.2526654899716202e-07,0.0,0.0006534050594489394,0.0,0.0001842093224199755,-1.4368249591411943e-05,0.00019334584623364643,0.0003656204344083657,-5.697942709683011e-06,-8.306225996445151e-06,0.0003714137394228214,0.00020839569071975223,-6.283056164770798e-05,0.00019674870751192877,-6.931214981549913e-05,6.2269708676477855e-06,-7.619436331813051e-05,-0.00014946131391338445,6.052553832917033e-06,6.9954003957539066e-06,-0.0001522727955606308,-8.339699542401916e-05,2.9236610999218033e-05,-7.425590532173872e-05,1.0000009473599292,1.000001687741309,1.000001674920938,1.0000014056804432,1.0000024311275328,1.0000026926624048,1.0000017543647561,1.000002431212015,1.0000024517699244,1.000001448952828
12,0.0011458859027861418,1.1269451748320973e-07,0.0,0.0004650508178755964,0.0,0.0001337062063427118,-9.91601731371223e-06,0.0001386705747940255,0.00025961146127749003,-2.1329581433338314e-06,-4.02800717812174e-06,0.0002635244139366768,0.00014885466384973603,-4.277476161040595e-05,0.00014266683833992773,-5.050311607726369e-05,4.452232277699712e-06,-5.467527143962093e-05,-0.0001060089731308757,3.5649845663491795e-06,4.278218818323412e-06,-0.00010788932548614454,-5.95410268700162e-05,2.005580003730203e-05,-5.408186917200105e-05,1.000000683283054,1.0000012089962629,1.0000012041971071,1.0000010137244109,1.0000017408580557,1.0000019266509128,1.0000012661972046,1.0000017524969398,1.0000017624662576,1.00000105095034
13,0.0008149709698427654,5.6385242204584406e-08,0.0,0.0003309149329433764,0.0,9.69584935823895e-05,-6.763840963211938e-06,9.944677633426111e-05,0.00018439751220871873,-1.3304550908403166e-07,-1.4975835443496415e-06,0.00018704858343007898,0.00010634152181688581,-2.904247348736251e-05,0.00010334113896642304,-3.6747712760322306e-05,3.152176350500292e-06,-3.9223798459764385e-05,-7.52139490687713e-05,1.9999126342497997e-06,2.530423633772098e-06,-7.647583050659785e-05,-4.251314203285022e-05,1.3732288123043441e-05,-3.932569937350468e-05,1.0000004928025457,1.000000866207508,1.0000008659081556,1.00000073130767,1.0000012469918949,1.0000013790366487,1.000000914147895,1.0000012632235913,1.0000012669301106,1.0000007618989353
14,0.0005813539736973085,2.821488582104067e-08,0.0,0.00023542146994697682,0.0,7.025199487784131e-05,-4.554169726946661e-06,7.131317166631353e-05,0.00013101520076579129,9.022369007599874e-07,-7.28965634192776e-08,0.00013281661027367514,7.598289392840173e-05,-1.9659357968308708e-05,7.478544102585083e-05,-2.670649870454819e-05,2.209671236265277e-06,-2.8133604667947592e-05,-5.338231144292745e-05,1.035282409844019e-06,1.424686980930364e-06,-5.423197315640385e-05,-3.035862788848408e-05,9.3831155190538e-06,-2.855569794057221e-05,1.00000035542166,1.0000006207274417,1.0000006227574747,1.0000005277368627,1.0000008935145277,1.0000009874007836,1.0000006601680242,1.0000009105388548,1.0000009107192738,1.000000552114426
15,0.0004161448692517538,1.4120009766275534e-08,0.0,0.00016745671994691092,0.0,5.086375759342894e-05,-3.021016746652495e-06,5.113695062371105e-05,9.311525048087387e-05,1.3591957934383577e-06,6.668488579997855e-07,9.43427056281142e-05,5.430077916156806e-05,-1.3262688961252074e-05,5.4075675404715025e-05,-1.938823728441237e-05,1.5331529802941662e-06,-2.0176221042602483e-05,-3.7899950284917424e-05,4.569588926783703e-07,7.397454214190631e-07,-3.847390464556093e-05,-2.1682114766833667e-05,6.396669007056634e-06,-2.0709765621135807e-05,1.0000002563438741,1.0000004449022564,1.000000447960447,1.000000380944825,1.0000006404282316,1.0000007072114996,1.0000004768756472,1.0000006563228612,1.00000065467241,1.000000399947105
16,0.0002979506020702119,7.0669093098789566e-09,0.0,0.00011909594769386906,0.0,3.680178760722492e-05,-1.968774092797707e-06,3.6668859055374317e-05,6.619866298783064e-05,1.4828405046198733e-06,9.940444029818252e-07,6.703720311342453e-05,3.881302100319568e-05,-8.913068910551659e-06,3.907234039221075e-05,-1.4061969986204024e-05,1.0522426538547876e-06,-1.4468091568336732e-05,-2.6916587493043225e-05,1.2364471118151554e-07,3.2719554498203973e-07,-2.7305502514689674e-05,-1.5487758158372382e-05,4.349620050700415e-06,-1.5003335012504278e-05,1.0000001848917626,1.0000003189440552,1.0000003222804463,1.000000275058293,1.0000004591595606,1.0000005066837008,1.000000344555241,1.0000004730879988,1.0000004706277388,1.0000002896272904
17,0.00021332193736880458,3.5371726423537576e-09,0.0,8.480541101196819e-05,0.0,2.6611526096614752e-05,-1.2551140745041278e-06,2.62946447198142e-05,4.707643231774893e-05,1.4257863972784948e-06,1.082417558262252e-06,4.7650664374527695e-05,2.7748094313460476e-05,-5.963826691819584e-06,2.8213430824774055e-05,-1.0190261510610168e-05,7.136600182935791e-07,-1.0374214335560115e-05,-1.9122230670081713e-05,-5.705410734137861e-08,8.837315528042677e-08,-1.9386538738896837e-05,-1.1064926689735205e-05,2.949242218732074e-06,-1.0858909567436695e-05,1.0000001333624648,1.0000002286922403,1.0000002319002597,1.0000001986536828,1.0000003292872814,1.0000003631200967,1.0000002490042672,1.0000003410165768,1.0000003383375935,1.0000002096807996
18,0.00015272938049347784,1.7705577778285758e-09,0.0,6.0592556875326754e-05,0.0,1.9232569638693073e-05,-7.775068259050013e-07,1.8856149519100806e-05,3.348732210187594e-05,1.2808763017374622e-06,1.0407449684147536e-06,3.3881430872764534e-05,1.9841558084402146e-05,-3.970487359233639e-06,2.036073482135047e-05,-7.378956457921679e-06,4.776072485991265e-07,-7.438495200713394e-06,-1.3589110215872988e-05,-1.4491009554103252e-07,-4.167258984749842e-08,-1.3769233501763164e-05,-7.906536229058329e-06,1.9933393325859448e-06,-7.852696003423586e-06,1.0000000962001285,1.0000001640119558,1.0000001668939276,1.0000001435058024,1.000000236210239,1.0000002603057272,1.0000001799868647,1.0000002458223731,1.0000002432465294,1.000000151766666
19,0.00010934765520902982,8.863116392881969e-10,0.0,4.3381725284448e-05,0.0,1.3892962081451344e-05,-4.627960647787851e-07,1.3522648940810704e-05,2.382739296250279e-05,1.1027791508575292e-06,9.355272539577433e-07,2.409843118893195e-05,1.4190814418058481e-05,-2.628070799131576e-06,1.4686232348548914e-05,-5.339607557241729e-06,3.1471076112621617e-07,-5.333500578290102e-06,-9.659929139373149e-06,-1.7809715087993298e-07,-1.0521771445701033e-07,-9.782999683832583e-06,-5.650743666343665e-06,1.3424165601020628e-06,-5.674502472801557e-06,1.0000000693980324,1.0000001176485032,1.0000001201297564,1.0000001036896875,1.0000001694843554,1.0000001866517196,1.0000001301228258,1.0000001772076068,1.000000174892177,1.0000001098264126
20,7.828884833928443e-05,4.436915927413192e-10,0.0,3.105880686974536e-05,0.0,1.0031438119912351e-05,-2.592714513753879e-07,9.698393632255684e-06,1.695854673511176e-05,9.221693300287459e-07,8.061126102916343e-07,1.714529376986344e-05,1.015148053536828e-05,-1.7277055815069024e-06,1.0588436573570268e-05,-3.861523961538992e-06,2.0352461340339723e-07,-3.82425530855502e-06,-6.86884622739103e-06,-1.8060982082878326e-07,-1.2941464366610893e-07,-6.953137419068512e-06,-4.039333882690201e-06,9.003652176246735e-07,-4.097795774978645e-06,1.0000000500669017,1.0000000844079588,1.00000008648284,1.0000000749355271,1.000000121636173,1.000000133872145,1.0000000940888152,1.0000001277499075,1.0000001257547788,1.0000000794624857
21,5.605280770406159e-05,2.2212155858258187e-10,0.0,2.2236040635222863e-05,0.0,7.240373609119909e-06,-1.3072422804954217e-07,6.9562058977487925e-06,1.2072955926400754e-05,7.549442658783834e-07,6.746916014401026e-07,1.2201843709438005e-05,7.263453255956002e-06,-1.126639329597836e-06,7.63097588043226e-06,-2.7910645107924426e-06,1.2854722332584572e-07,-2.7421877345068924e-06,-4.885590808711005e-06,-1.6722506415036257e-07,-1.314210088515317e-07,-4.943450060425433e-06,-2.8880272794122777e-06,6.010662519090663e-07,-2.9574606931380084e-06,1.0000000361233639,1.0000000605710995,1.000000062269724,1.0000000541650815,1.00000008731595,1.0000000960403803,1.0000000680437306,1.0000000920996497,1.0000000904297879,1.00000005748481
22,4.0133325357485626e-05,1.1120179489858353e-10,0.0,1.5919482346575965e-05,0.0,5.2240208643301884e-06,-5.2044674419092416e-08,4.989811772627995e-06,8.597030779950502e-06,6.08147214649922e-07,5.528342856637367e-07,8.686121963237484e-06,5.198157326234979e-06,-7.275330683862595e-07,5.497623407985463e-06,-2.0163527447897206e-06,7.867955363044975e-08,-1.9663941251207976e-06,-3.4759251464502514e-06,-1.4679705122846132e-07,-1.21857315776366e-07,-3.5157217462005206e-06,-2.0652959297210236e-06,3.991062612115765e-07,-2.1333524724467965e-06,1.0000000260651847,1.000000043474172,1.0000000448425033,1.00000003915834,1.0000000626928396,1.0000000689157886,1.0000000492150722,1.0000000664012199,1.000000065032955,1.0000000415804258
23,2.873599839805459e-05,5.567262038661057e-11,0.0,1.1397326959431032e-05,0.0,3.767992564710247e-06,-5.997249467123206e-09,3.5796358542098484e-06,6.123368161080615e-06,4.837194291405291e-07,4.457145942948891e-07,6.185035767733417e-06,3.720906119129167e-06,-4.6418373388454444e-07,3.9594449244042105e-06,-1.4560282996199415e-06,4.604742495196921e-08,-1.4101759184181469e-06,-2.4736626188698866e-06,-1.244277855093929e-07,-1.0711969136884762e-07,-2.5010861955040673e-06,-1.4772512071058117e-06,2.633493345017151e-07,-1.5381784835812526e-06,1.0000000188091573,1.0000000312089778,1.0000000322973466,1.0000000283137003,1.0000000450227424,1.0000000494630483,1.000000035601049,1.0000000478758069,1.0000000467726633,1.0000000300730667
24,2.061436479081103e-05,2.7872625593983327e-11,0.0,8.159869412959388e-06,0.0,2.7170021965456005e-06,1.9117902857912074e-08,2.56826433707883e-06,4.362511252778961e-06,3.808351650874752e-07,3.54800946284668e-07,4.4052496270077185e-06,2.664043136861679e-06,-2.9169306911926664e-07,2.850847157188916e-06,-1.0509903681646465e-06,2.511515232503528e-08,-1.011371517131018e-06,-1.760856908301654e-06,-1.0288426405305392e-07,-9.091364801022112e-08,-1.7797861407256987e-06,-1.0568629822674883e-06,1.724906647652778e-07,-1.1085977672152945e-06,1.0000000135741964,1.0000000224082817,1.000000023265161,1.00000002047534,1.0000000323394034,1.0000000355088539,1.0000000257559354,1.0000000345206654,1.000000033642533,1.0000000217483591
25,1.479626621301854e-05,1.3954630714378438e-11,0.0,5.8421523274492766e-06,0.0,1.9586511658605365e-06,3.114477768630613e-08,1.8428478739979351e-06,3.1087403884845265e-06,2.973211601330266e-07,2.795393616131149e-07,3.1383928947106066e-06,1.907774425260516e-06,-1.7970871442572226e-07,2.052145450846248e-06,-7.583510306850639e-07,1.2026874828394055e-08,-7.254164630808949e-07,-1.2537708642944343e-06,-8.351400495444861e-08,-7.526158467155311e-08,-1.266856732297112e-06,-7.562687116011631e-07,1.1198435469354436e-07,-7.987017063426682e-07,1.0000000097970472,1.0000000160922464,1.000000016761219,1.0000000148088999,1.0000000232335076,1.0000000254966217,1.00000001863534,1.0000000248923582,1.0000000242004983,1.0000000157268374
26,1.0621633951947446e-05,6.986525544044636e-12,0.0,4.1828773763468866e-06,0.0,1.4116354833895244e-06,3.526733532420394e-08,1.3224838845357602e-06,2.215805298855734e-06,2.3049210923239248e-07,2.1838197872348266e-07,2.236399081122384e-06,1.3664878920797876e-06,-1.0778541322363451e-07,1.476895475460545e-06,-5.470156824710122e-07,4.122557637897803e-09,-5.20363989462175e-07,-8.929350896287927e-07,-6.682905090063414e-08,-6.115738288963224e-08,-9.019938135882228e-07,-5.412865331807285e-07,7.192330120208775e-08,-5.752499753857029e-07,1.0000000070715123,1.000000011558518,1.0000000120771253,1.0000000107119127,1.0000000166946443,1.0000000183111504,1.0000000134846205,1.0000000179505355,1.00000001741004,1.0000000113717626
27,7.625832896822135e-06,3.497881036224361e-12,0.0,2.995801055125313e-06,0.0,1.0171772060525422e-06,3.485327843472159e-08,9.491705796347795e-07,1.5797037465643765e-06,1.7761942427646478e-07,1.693957508710308e-07,1.5940188889424002e-06,9.789874486021552e-07,-6.22073298721728e-08,1.0626992435714922e-06,-3.9445827733698226e-07,-4.1405688948234796e-10,-3.7331330490098076e-07,-6.361015522913576e-07,-5.287268495592771e-08,-4.8986227852451856e-08,-6.423801921799837e-07,-3.875004434776325e-07,4.55780833514617e-08,-4.1419623188905285e-07,1.0000000051046385,1.0000000083035385,1.0000000087031822,1.0000000077492475,1.0000000119982047,1.0000000131532358,1.0000000097583828,1.000000012945349,1.0000000125260944,1.0000000082222433
28,5.475700467859394e-06,1.751250898055859e-12,0.0,2.150132428962742e-06,0.0,7.328052766957508e-07,3.204415684028022e-08,6.813223086236013e-07,1.1264564230017537e-06,1.361743304102376e-07,1.3060613902540358e-07,1.1364150207903017e-06,7.0152061342364e-07,-3.3815815474046595e-08,7.64540383574378e-07,-2.8437192935679135e-07,-2.8091215944413723e-09,-2.6784827101117817e-07,-4.532473235626228e-07,-4.144509386622717e-08,-3.8789611845627214e-08,-4.5760386815209855e-07,-2.774668351785151e-07,2.839151439812621e-08,-2.981588599971142e-07,1.0000000036851286,1.0000000059662029,1.000000006272595,1.000000005606558,1.0000000086244092,1.0000000094499768,1.0000000070623827,1.0000000093363144,1.000000009013064,1.0000000059447436
29,3.932313723838511e-06,8.767789844608414e-13,0.0,1.5433867440208829e-06,0.0,5.278457350993718e-07,2.8164309760674635e-08,4.891213080155057e-07,8.034257369517207e-07,1.039358234130403e-07,1.001768758994802e-07,8.103584968868243e-07,5.027996716640166e-07,-1.652792392748141e-08,5.49957842220395e-07,-2.0495954159637896e-07,-3.879847079605583e-09,-1.9220100060809558e-07,-3.23030686050033e-07,-3.223850699719732e-08,-3.0429263125923374e-08,-3.260565239034774e-07,-1.9872094175962343e-07,1.7287891546565185e-08,-2.1458254135398307e-07,1.000000002660569,1.0000000042875061,1.0000000045213617,1.0000000040567079,1.000000006200317,1.0000000067905876,1.0000000051115876,1.0000000067338397,1.0000000064859018,1.000000004297934
30,2.824309566708451e-06,4.3896446534978936e-13,0.0,1.1080041571300598e-06,0.0,3.8015415953059364e-07,2.400154352525466e-08,3.511859124702737e-07,5.73149199995678e-07,7.902077874431361e-08,7.649102038382992e-08,5.77978522111702e-07,3.6044574097868546e-07,-6.328618590058352e-09,3.9555407037806163e-07,-1.4769157556877822e-07,-4.162766235419977e-09,-1.3793539554523196e-07,-2.302765369560427e-07,-2.4915044668726684e-08,-2.3685855515650287e-08,-2.323799747751224e-07,-1.4235393068533112e-07,1.0199305337423058e-08,-1.5440377184233337e-07,1.0000000019210107,1.0000000030816378,1.0000000032594347,1.0000000029355418,1.0000000044582813,1.0000000048804505,1.0000000036998882,1.0000000048570865,1.0000000046677713,1.0000000031072291
31,2.0287645279943592e-06,2.1976841382712486e-13,0.0,7.955450387140919e-07,0.0,2.737499098255288e-07,1.9997773382191148e-08,2.521824017616428e-07,4.0895767358729014e-07,5.987183548030981e-08,5.817479478641446e-08,4.123236312947105e-07,2.584486039234739e-07,-5.871691275957377e-10,2.844707348252018e-07,-1.0640424970506483e-07,-4.0037701430635125e-09,-9.900351070863091e-08,-1.641915264083879e-07,-1.9148943264003798e-08,-1.8316225597415463e-08,-1.6565489081699145e-07,-1.0199713705521154e-07,5.741449462462614e-09,-1.1108333555285983e-07,1.000000001387131,1.0000000022152704,1.000000002349982,1.0000000021244024,1.0000000032061795,1.0000000035082135,1.0000000026782245,1.0000000035036016,1.000000003359619,1.0000000022463453
32,1.4623005458765221e-06,1.100264738787603e-13,0.0,5.712741177556138e-07,0.0,1.9710442208936964e-07,1.63770133216863e-08,1.8111319824544436e-07,2.91860931803727e-07,4.52246972652421e-08,4.409013984016527e-08,2.942081181946813e-07,1.8535178747648676e-07,2.405067818888399e-09,2.0456516982083097e-07,-7.664548773615916e-08,-3.6207600605048483e-09,-7.106920351619846e-08,-1.1709674178356312e-07,-1.4647138215067708e-08,-1.4084654946249193e-08,-1.1811551310002921e-07,-7.309681644698716e-08,2.992236946484137e-09,-7.990556500437083e-08,1.000000001001698,1.0000000015927164,1.000000001694472,1.0000000015375041,1.0000000023060722,1.0000000025222224,1.00000000193878,1.0000000025274318,1.0000000024183087,1.0000000016239468
33,1.0547025607864866e-06,5.508388768039815e-14,0.0,4.102799650275316e-07,0.0,1.4190347067861792e-07,1.3230163649072524e-08,1.300898211442653e-07,2.0833335317905737e-07,3.4067582967542214e-08,3.331182952294152e-08,2.0997084890842603e-07,1.3295555679445634e-07,3.7460577876365776e-09,1.47093876154471e-07,-5.520095141075173e-08,-3.1468496726137775e-09,-5.102337710117905e-08,-8.352757862466964e-08,-1.1157114297699889e-08,-1.0778310317223749e-08,-8.423726928625526e-08,-5.2396230682030435e-08,1.3409899687481782e-09,-5.747129366635998e-08,1.0000000007234133,1.0000000011452885,1.0000000012219405,1.0000000011128176,1.0000000016589015,1.0000000018136348,1.0000000014035597,1.0000000018233495,1.0000000017409028,1.0000000011739816
34,7.60780316845341e-07,2.757699871950461e-14,0.0,2.9469421161173776e-07,0.0,1.0215263836099132e-07,1.0570295935179817e-08,9.345327505139979e-08,1.4873914166511192e-07,2.559996983968755e-08,2.5098522398850204e-08,1.4988198487498034e-07,9.538983360776381e-08,4.132041622932505e-09,1.0576261348844364e-07,-3.975083231762661e-08,-2.6598677138927068e-09,-3.6636546092865516e-08,-5.9594211513945435e-08,-8.467613127854663e-09,-8.213307124091315e-09,-6.008886403344568e-08,-3.756572318669253e-08,3.859838352959277e-10,-4.133126266602735e-08,1.0000000005224754,1.0000000008236722,1.0000000008812722,1.0000000008054848,1.000000001193518,1.0000000013043173,1.0000000010161365,1.0000000013154855,1.0000000012533665,1.0000000008486853
35,5.488118378539115e-07,1.3805879764395778e-14,0.0,2.119684789914294e-07,0.0,7.353114149064436e-08,8.368004242498181e-09,6.714345484824005e-08,1.0621206168323874e-07,1.9194334463375803e-08,1.8863048693697826e-08,1.0700996433865881e-07,6.845138932192276e-08,3.997093050066631e-09,7.604134572156836e-08,-2.8621496870346965e-08,-2.2022916926816357e-09,-2.6309820203159738e-08,-4.2527079981873184e-08,-6.4056353763117476e-09,-6.235473705152378e-09,-4.2872020536321524e-08,-2.6938444285841044e-08,-1.3494857286587389e-10,-2.972126776687529e-08,1.0000000003773755,1.000000000592455,1.0000000006356422,1.0000000005830612,1.0000000008588084,1.0000000009381704,1.000000000735682,1.0000000009491343,1.0000000009024481,1.0000000006135212
36,3.9593295561952646e-07,6.9115518796636854e-15,0.0,1.5287888223438503e-07,0.0,5.292526230538907e-08,6.5734488617717325e-09,4.8247034438766084e-08,7.585829177078615e-08,1.4362539231720783e-08,1.4144711422669847e-08,7.641554845870042e-08,4.9129875345454804e-08,3.605832093171674e-09,5.4670411691095936e-08,-2.0605879185255288e-08,-1.7945553807264488e-09,-1.8896420409473962e-08,-3.035376991245258e-08,-4.83179523165502e-09,-4.718337271027979e-09,-3.059441587995839e-08,-1.9321513976467955e-08,-3.912609568949572e-10,-2.137093403047242e-08,1.0000000002725893,1.0000000004262024,1.0000000004585181,1.0000000004220773,1.000000000618046,1.0000000006749061,1.0000000005326515,1.0000000006848484,1.0000000006498402,1.0000000004435183
37,2.856622646763377e-07,3.460041017562276e-15,0.0,1.1027069094318884e-07,0.0,3.8091599387723954e-08,5.129639492319717e-09,3.4673291483487835e-08,5.418905196230821e-08,1.0727327227458648e-08,1.0584862185536409e-08,5.457835726279429e-08,3.526881542291859e-08,3.114637628393625e-09,3.93046826233964e-08,-1.4833662917665118e-08,-1.4438093694520153e-09,-1.357374295527825e-08,-2.1669239808477937e-08,-3.6352120042621343e-09,-3.5598492371334385e-09,-2.1837191195906138e-08,-1.386105992253622e-08,-4.91194464778049e-10,-1.536572906769953e-08,1.0000000001969114,1.000000000306644,1.0000000003307805,1.0000000003055545,1.0000000004448368,1.0000000004855862,1.0000000003856646,1.0000000004941814,1.0000000004679839,1.0000000003206222
38,2.0611814396406398e-07,1.7321319057614952e-15,0.0,7.954412071227368e-08,0.0,2.741410278601278e-08,3.980047410692714e-09,2.4921642038086934e-08,3.87166714413966e-08,7.998745698722252e-09,7.906132168164883e-09,3.898871877752156e-08,2.532307614451715e-08,2.611768342794751e-09,2.8257239156154375e-08,-1.0677496601711175e-08,-1.1495920816270032e-09,-9.7516494454009e-09,-1.5472380520911614e-08,-2.7285815287363965e-09,-2.678730017371526e-09,-1.5589638485272726e-08,-9.945739278401437e-09,-5.028692855988742e-10,-1.1047443467242027e-08,1.0000000001422518,1.000000000220653,1.0000000002386502,1.0000000002212088,1.0000000003202099,1.000000000349421,1.0000000002792468,1.0000000003566178,1.0000000003370502,1.0000000002317806
39,1.4873418644768844e-07,8.671108384223224e-16,0.0,5.738395751637557e-08,0.0,1.972883168603715e-08,3.072623073836503e-09,1.7914922027854335e-08,2.7666944115905005e-08,5.955004921127906e-09,5.89521709721873e-09,2.7857099663543222e-08,1.8185320389058726e-08,2.1434314734681798e-09,2.0314791999638668e-08,-7.685271099975627e-09,-9.074243368562112e-10,-7.0067200102326e-09,-1.1049727325491591e-08,-2.0437407775943453e-09,-2.010915070946153e-09,-1.1131619113978338e-08,-7.137755755458425e-09,-4.68336869326571e-10,-7.942447156515705e-09,1.0000000001027707,1.0000000001587963,1.0000000001721951,1.000000000160152,1.0000000002305267,1.0000000002514717,1.000000000202198,1.0000000002573617,1.0000000002427711,1.0000000001675569
40,1.0733361107870527e-07,4.3407237712515177e-16,0.0,4.1400575368983144e-08,0.0,1.4197595160700728e-08,2.3615973777991488e-09,1.287980696447948e-08,1.977424482044708e-08,4.427159449080994e-09,4.3888763042677514e-09,1.990719124374885e-08,1.3061795209046546e-08,1.730542728258265e-09,1.4604801820876433e-08,-5.531236525336423e-09,-7.110256960373539e-10,-5.035115063374855e-09,-7.892699295457925e-09,-1.5278454720469121e-09,-1.5063407929509784e-09,-7.949908419794373e-09,-5.1235251800121815e-09,-4.1288874520991476e-10,-5.709990178762235e-09,1.0000000000742515,1.0000000001142944,1.0000000001242555,1.0000000001159512,1.000000000165981,1.0000000001810032,1.0000000001464115,1.0000000001857416,1.0000000001748792,1.0000000001211298
41,7.746226476167237e-08,2.1729190425200032e-16,0.0,2.987134631703289e-08,0.0,1.0216864448667874e-08,1.8079679731665915e-09,9.261031600286283e-09,1.4135560192267685e-08,3.2869875699923624e-09,3.2627114199753586e-09,1.4228529926442485e-08,9.383410023062868e-09,1.3793607442071722e-09,1.04998408636037e-08,-3.980730712032853e-09,-5.536294046325574e-10,-3.618775364193196e-09,-5.638684628179393e-09,-1.1401718790886317e-09,-1.126164884292393e-09,-5.678661317306366e-09,-3.6783851859836775e-09,-3.511819840510929e-10,-4.104960957272733e-09,1.000000000053649,1.0000000000822737,1.0000000000896694,1.000000000083952,1.0000000001195213,1.000000000130298,1.0000000001060185,1.0000000001340597,1.0000000001259846,1.0000000000875675
42,5.590791881402179e-08,1.0877242579235886e-16,0.0,2.1554345947650585e-08,0.0,7.352126906291181e-09,1.3792496721847852e-09,6.659848088000292e-09,1.0106469434593132e-08,2.437489922152336e-09,2.4222769931658887e-09,1.0171497245162382e-08,6.742064593290055e-09,1.0881226348056227e-09,7.54877332437612e-09,-2.864737542376693e-09,-4.2871830098180644e-10,-2.6011835122859914e-09,-4.029090757674553e-09,-8.494976478400264e-10,-8.4043442680947e-10,-4.057032681280102e-09,-2.641345429772813e-09,-2.9123810940154954e-10,-2.9510675392275796e-09,1.0000000000387652,1.0000000000592308,1.0000000000647153,1.000000000060785,1.0000000000860758,1.0000000000938085,1.0000000000767706,1.0000000000967633,1.000000000090768,1.0000000000633051
43,4.0353791525711946e-08,5.444875973358256e-17,0.0,1.555412728830985e-08,0.0,5.2905857502807454e-09,1.0488524876106368e-09,4.789867996493768e-09,7.227002492671004e-09,1.8054984536755538e-09,1.7961048635074726e-09,7.272495607512197e-09,4.8450469583519175e-09,8.510936929540478e-10,5.427243222654602e-09,-2.0615411560104352e-09,-3.303971845741484e-10,-1.8699800915065246e-09,-2.8794669419221272e-09,-6.319914684767823e-10,-6.26172129658416e-10,-2.8990016376501857e-09,-1.897017634938137e-09,-2.3702894185157493e-10,-2.1215301017215186e-09,1.000000000028012,1.0000000000426466,1.000000000046709,1.0000000000440121,1.000000000061996,1.000000000067546,1.0000000000555922,1.0000000000698468,1.0000000000654015,1.0000000000457656
44,2.9128791896083975e-08,2.7255310765989657e-17,0.0,1.1224999629627975e-08,0.0,3.807085207994894e-09,7.953086616741404e-10,3.445373542536199e-09,5.1687824336603274e-09,1.3359641860614207e-09,1.3302731450475375e-09,5.2006155029106165e-09,3.48236598107707e-09,6.609644488777484e-10,3.9020587862440175e-09,-1.4835005422858516e-09,-2.535438259364964e-10,-1.3444944539575687e-09,-2.058220059010677e-09,-4.69534267614133e-10,-4.658317184599351e-10,-2.0718801046015806e-09,-1.3626809772748476e-09,-1.901292440762994e-10,-1.5251844364105842e-09,1.0000000000202425,1.0000000000307092,1.0000000000337153,1.000000000031868,1.0000000000446572,1.0000000000486413,1.0000000000402567,1.0000000000504201,1.0000000000471276,1.000000000033086
45,2.102746657770035e-08,1.3642951417645858e-17,0.0,8.101325318383623e-09,0.0,2.7395674683650097e-09,6.014776883676886e-10,2.4785739583796226e-09,3.697333845237056e-09,9.875668402200635e-10,9.84205706474876e-10,3.7196128479073077e-09,2.5033446566374358e-09,5.10206926874254e-10,2.8055766392370347e-09,-1.067517739629884e-09,-1.9383097330645176e-10,-9.667995841565764e-10,-1.4714485884232714e-09,-3.4839734584135727e-10,-3.460674385726617e-10,-1.4810026550033088e-09,-9.790213244396342e-10,-1.5075752200349428e-10,-1.096482147006983e-09,1.0000000000146287,1.0000000000221159,1.0000000000243379,1.0000000000230753,1.000000000032171,1.0000000000350318,1.0000000000291518,1.0000000000363987,1.0000000000339626,1.0000000000239198
46,1.5180184484092204e-08,6.8290401955423814e-18,0.0,5.847282093608145e-09,0.0,1.9713978575100367e-09,4.5379949342587617e-10,1.7832797323654833e-09,2.645200175690567e-09,7.29356524315122e-10,7.274416680737926e-10,2.6607955620846314e-09,1.7998452908009963e-09,3.9178779957405934e-10,2.0172803802516374e-09,-7.681696108549732e-10,-1.476781949418125e-10,-6.952942260141392e-10,-1.0521336695464891e-09,-2.582103159049414e-10,-2.5676403840108335e-10,-1.058817285822676e-09,-7.034993658364394e-10,-1.1841912730019468e-10,-7.882962589853975e-10,1.0000000000105722,1.0000000000159286,1.0000000000175697,1.0000000000167089,1.0000000000231781,1.000000000025233,1.0000000000211104,1.0000000000262776,1.0000000000244773,1.000000000017293
47,1.095953322897406e-08,3.418261270317188e-18,0.0,4.220651255118144e-09,0.0,1.4186379863589548e-09,3.4162937922285944e-10,1.283182097218958e-09,1.892766380465161e-09,5.38195550080513e-10,5.371630036707415e-10,1.903685284467524e-09,1.2942449771449685e-09,2.994942460025629e-10,1.450534324341815e-09,-5.52759871151082e-10,-1.1217011420301675e-10,-5.000976351465254e-10,-7.524337952254062e-10,-1.9116097423460902e-10,-1.9027866440305109e-10,-7.571102776171074e-10,-5.056003136560277e-10,-9.229355357149645e-11,-5.667460559098224e-10,1.0000000000076408,1.0000000000114737,1.0000000000126845,1.000000000012099,1.0000000000167009,1.0000000000181768,1.0000000000152873,1.000000000018972,1.0000000000176426,1.0000000000125024
48,7.91282003084261e-09,1.7109810770288212e-18,0.0,3.0467131981314485e-09,0.0,1.0208828509034564e-09,2.5666639489144627e-10,9.23437534403459e-10,1.354575582228656e-09,3.9681686423835047e-10,3.9631037123352936e-10,1.362221758649627e-09,9.308143774645639e-10,2.2803492480181596e-10,1.0430593720277049e-09,-3.977551354554984e-10,-8.496298433141317e-11,-3.59744562815499e-10,-5.381907982365052e-10,-1.4137868584216252e-10,-1.4085263243721216e-10,-5.41463525817897e-10,-3.6343059968040454e-10,-7.145932120074697e-11,-4.0747495231411006e-10,1.0000000000055225,1.0000000000082654,1.0000000000091582,1.000000000008761,1.0000000000120348,1.0000000000130953,1.0000000000110705,1.000000000013698,1.0000000000127172,1.0000000000090392
49,5.713392688461157e-09,8.564059005787834e-19,0.0,2.1994273423814516e-09,0.0,7.346645822360742e-10,1.9247426637471303e-10,6.646244911700611e-10,9.69563876733077e-10,2.9235523609619803e-10,2.9215257795378386e-10,9.749192801880259e-10,6.695352909410942e-10,1.7301748220466596e-10,7.500856045634645e-10,-2.8621826866738217e-10,-6.419212851673324e-11,-2.5881304323339784e-10,-3.8501170549557894e-10,-1.0446162814215244e-10,-1.0415779327974551e-10,-3.8730247846160115e-10,-2.6127908652346967e-10,-5.501744259714999e-11,-2.9297376746424026e-10,1.0000000000039915,1.000000000005955,1.0000000000066127,1.000000000006344,1.000000000008673,1.0000000000094351,1.000000000008017,1.0000000000098905,1.0000000000091676,1.0000000000065352
50,4.125530208998476e-09,4.2865581569758136e-19,0.0,1.5878624794626815e-09,0.0,5.287043530193028e-10,1.4408744441646904e-10,4.784030154133876e-10,6.940900023073926e-10,2.152392936717498e-10,2.1520405028997294e-10,6.978416606732589e-10,4.816662197297629e-10,1.308645585466643e-10,5.394296109305155e-10,-2.059602292167714e-10,-4.838682195824398e-11,-1.8622147575667356e-10,-2.754738744256844e-10,-7.711594242444821e-11,-7.694852766381093e-11,-2.77077619514767e-10,-1.8786907121133134e-10,-4.215292365800168e-11,-2.10655993632949e-10,1.0000000000028852,1.0000000000042908,1.000000000004775,1.0000000000045939,1.000000000006251,1.0000000000067988,1.0000000000058056,1.0000000000071418,1.0000000000066092,1.000000000004725
51,2.9791183302528573e-09,2.145519924490291e-19,0.0,1.1464118787456187e-09,0.0,3.8049490722400606e-10,1.0769190530061597e-10,3.443970178579607e-10,4.969590225110891e-10,1.5835791859373903e-10,1.5840806234744887e-10,4.995877069511911e-10,3.465610716075313e-10,9.870502726814372e-11,3.879556905911315e-10,-1.4820944579529674e-10,-3.639553911585307e-11,-1.3400599755542686e-10,-1.9713097979630354e-10,-5.6881375078010784e-11,-5.6795987942524064e-11,-1.9825395372206784e-10,-1.3510514812223155e-10,-3.2159531278520575e-11,-1.51473920339384e-10,1.0000000000020854,1.0000000000030917,1.0000000000034481,1.0000000000033265,1.0000000000045057,1.0000000000048996,1.0000000000042042,1.0000000000051572,1.000000000004765,1.0000000000034164
52,2.1513814293883405e-09,1.0738689539282384e-19,0.0,8.27736900864517e-10,0.0,2.7384099412567195e-10,8.036957415938395e-11,2.479544544301775e-10,3.558689307526314e-10,1.16434523807364e-10,1.165221066229903e-10,3.577111393251631e-10,2.4938642260937813e-10,7.426130040661992e-11,2.7903198314896016e-10,-1.0665391309833411e-10,-2.732233114123202e-11,-9.644256342778323e-11,-1.4109009175845776e-10,-4.192339478637505e-11,-4.1885955724458566e-11,-1.4187656762602801e-10,-9.717464899815322e-11,-2.4443726861523795e-11,-1.0892370744217133e-10,1.0000000000015075,1.0000000000022282,1.0000000000024902,1.000000000002409,1.000000000003248,1.0000000000035312,1.0000000000030445,1.0000000000037244,1.000000000003436,1.00000000000247
53,1.553703594634842e-09,5.374834156225711e-20,0.0,5.976778347534983e-10,0.0,1.9708932022032773e-10,5.989567713073786e-11,1.7853799617213736e-10,2.5487284439768526e-10,8.555836425881352e-11,8.565647958669781e-11,2.5616413972395257e-10,1.7948322303265015e-10,5.574370124361952e-11,2.0070184886822032e-10,-7.675167390534421e-11,-2.04738970286461e-11,-6.941645825804014e-11,-1.0099608635494616e-10,-3.087615954855047e-11,-3.086562703629248e-11,-1.0154699960121057e-10,-6.990319957672798e-11,-1.8517599163000403e-11,-7.833013428073983e-11,1.0000000000010898,1.0000000000016058,1.0000000000017983,1.0000000000017444,1.0000000000023417,1.0000000000025453,1.0000000000022047,1.0000000000026896,1.0000000000024776,1.000000000001786
54,1.1221203815981438e-09,2.6901347909466704e-20,0.0,4.315832130366983e-10,0.0,1.4185478586205783e-10,4.4579368304711094e-11,1.285685533649567e-10,1.8256619858772616e-10,6.283414534954833e-11,6.292863510250403e-11,1.8347151455916786e-10,1.29190788942435e-10,4.175697534640655e-11,1.4436941617863024e-10,-5.5234534358269914e-11,-1.5316308826026763e-11,-4.996944280718067e-11,-7.230664580995909e-11,-2.2724218909265188e-11,-2.2727844484193782e-11,-7.269262516478471e-11,-5.029243409021516e-11,-1.3986725897212964e-11,-5.63324326895901e-11,1.0000000000007878,1.0000000000011575,1.000000000001299,1.0000000000012632,1.0000000000016882,1.0000000000018348,1.0000000000015965,1.0000000000019424,1.0000000000017868,1.0000000000012914
55,8.104583591840245e-10,1.3464131682081282e-20,0.0,3.116620224141193e-10,0.0,1.0210389865351978e-10,3.313925758747152e-11,9.259411196488932e-11,1.307915928228014e-10,4.612053011454167e-11,4.620476720584836e-11,1.3142643252735056e-10,9.300247591515741e-11,3.122056185181474e-11,1.0385473054062971e-10,-3.975088720853805e-11,-1.1440110717239575e-11,-3.597444140006738e-11,-5.177460576492476e-11,-1.6713615235006658e-11,-1.672386789665567e-11,-5.204508203181731e-11,-3.6188313027277594e-11,-1.0536413494591813e-11,-4.0514685638000523e-11,1.0000000000005695,1.0000000000008344,1.0000000000009381,1.0000000000009146,1.0000000000012172,1.0000000000013227,1.0000000000011562,1.0000000000014029,1.0000000000012885,1.0000000000009337
56,5.853847487576969e-10,6.738731326426238e-21,0.0,2.2507361042632753e-10,0.0,7.349523060063808e-11,2.460677607137585e-11,6.669229357759656e-11,9.371331156608939e-11,3.383530415874748e-11,3.390695421331554e-11,9.415857681216131e-11,6.695937590054197e-11,2.330234731214357e-11,7.471457854508722e-11,-2.8608668052881707e-11,-8.53248151609567e-12,-2.5901818387292763e-11,-3.707828125671201e-11,-1.2285225955794189e-11,-1.2297812992532816e-11,-3.726785571518925e-11,-2.6043100014615445e-11,-7.918214539671169e-12,-2.914015199554249e-11,1.0000000000004117,1.0000000000006015,1.0000000000006777,1.0000000000006624,1.0000000000008777,1.0000000000009537,1.0000000000008373,1.0000000000010132,1.0000000000009295,1.0000000000006752
57,4.228350955200437e-10,3.372667735497199e-21,0.0,1.6254965323765317e-10,0.0,5.290484765947275e-11,1.825154267136661e-11,4.804085917936902e-11,6.715588970302152e-11,2.4810421125673473e-11,2.486946698850941e-11,6.746825723065068e-11,4.821485801818199e-11,1.736467279754007e-11,5.375428014625826e-11,-2.059038294116533e-11,-6.3552334000092405e-12,-1.8651434398227542e-11,-2.6557421863067873e-11,-9.024883033074009e-12,-9.037487224806132e-12,-2.6690319581510637e-11,-1.8744517882359978e-11,-5.937674514603502e-12,-2.0960298398828957e-11,1.0000000000002978,1.0000000000004337,1.0000000000004894,1.0000000000004796,1.000000000000633,1.0000000000006877,1.0000000000006064,1.0000000000007319,1.0000000000006704,1.0000000000004883
58,3.0543519294567046e-10,1.6879700752489243e-21,0.0,1.1739990257437337e-10,0.0,3.808484194673059e-11,1.3523985932815888e-11,3.4608906415567235e-11,4.813130924163901e-11,1.8184305699311866e-11,1.8231869453044173e-11,4.8350492239542884e-11,3.4721757778988466e-11,1.2920976109445023e-11,3.867674812858529e-11,-1.4820005712742152e-11,-4.727556738550723e-12,-1.3431952763801785e-11,-1.9024580461382505e-11,-6.6261154263616086e-12,-6.637597535465238e-12,-1.9117764991107792e-11,-1.3493100239193526e-11,-4.443696688095047e-12,-1.5077532017672967e-11,1.0000000000002152,1.0000000000003126,1.0000000000003535,1.0000000000003473,1.0000000000004565,1.0000000000004958,1.000000000000439,1.0000000000005287,1.0000000000004836,1.000000000000353
59,2.2064041542727186e-10,8.44795978022948e-22,0.0,8.479477751839857e-11,0.0,2.741763854665137e-11,1.0011410024203748e-11,2.4934815573548527e-11,3.450097602469645e-11,1.3321938866445575e-11,1.3359601217718482e-11,3.4654806809175476e-11,2.5007631609983277e-11,9.601382045720802e-12,2.7830214709128145e-11,-1.0667203400079222e-11,-3.5125759086121393e-12,-9.674090842018709e-12,-1.3630333216942556e-11,-4.862366832866291e-12,-4.872268235325691e-12,-1.369568543036741e-11,-9.714126169005189e-12,-3.319594063724222e-12,-1.0846533419457145e-11,1.0000000000001557,1.0000000000002254,1.0000000000002554,1.0000000000002516,1.0000000000003293,1.0000000000003575,1.000000000000318,1.000000000000382,1.0000000000003488,1.0000000000002554
60,1.5939273723194917e-10,4.228000014796059e-22,0.0,6.124767819532269e-11,0.0,1.9739215318587208e-11,7.404476253106374e-12,1.7966554574922803e-11,2.4734015490385973e-11,9.75562797332231e-12,9.785052949560555e-12,2.4842003743265528e-11,1.801325643667214e-11,7.1256543420875175e-12,2.0026880150038766e-11,-7.678423228064161e-12,-2.6069337710973742e-12,-6.968260998625726e-12,-9.766960534310477e-12,-3.5663108931232648e-12,-3.5745482681579277e-12,-9.812803065909947e-12,-6.994375173311136e-12,-2.475727703633284e-12,-7.80333455908938e-12,1.0000000000001126,1.0000000000001625,1.0000000000001845,1.000000000000182,1.0000000000002376,1.0000000000002578,1.0000000000002303,1.0000000000002758,1.0000000000002516,1.0000000000001845
61,1.1515134304695137e-10,2.115993391500311e-22,0.0,4.424139418499779e-11,0.0,1.4211906811177169e-11,5.471713776687671e-12,1.2946816448655486e-11,1.7734413469154488e-11,7.1411554180051665e-12,7.163898650823427e-12,1.7810237703677848e-11,1.2976557481270707e-11,5.282102439402072e-12,1.4412540848097349e-11,-5.527308507410039e-12,-1.9327624764187034e-12,-5.019738126267317e-12,-6.999602021231485e-12,-2.614472555317144e-12,-2.6211542987371283e-12,-7.03176603958768e-12,-5.036698955401435e-12,-1.843551902685445e-12,-5.614339301941417e-12,1.0000000000000813,1.0000000000001172,1.0000000000001332,1.000000000000132,1.0000000000001714,1.000000000000186,1.0000000000001668,1.0000000000001994,1.0000000000001816,1.0000000000001334
62,8.319286139061551e-11,1.0589853485706839e-22,0.0,3.1958481656335873e-11,0.0,1.023288427506722e-11,4.040192903062534e-12,9.330392913057252e-12,1.2717372923304754e-11,5.22534598137549e-12,5.242770326514252e-12,1.2770625315763336e-11,9.349172331745269e-12,3.911241699628544e-12,1.0372862721096859e-11,-3.9790225361099484e-12,-1.431520873625137e-12,-3.616423535598235e-12,-5.0170405458497345e-12,-1.915809436629677e-12,-1.921128324309175e-12,-5.039612387914513e-12,-3.6273851495254374e-12,-1.3708607397735284e-12,-4.03967812700049e-12,1.0000000000000588,1.0000000000000846,1.0000000000000964,1.0000000000000955,1.0000000000001237,1.0000000000001341,1.0000000000001208,1.0000000000001439,1.000000000000131,1.0000000000000966
63,6.010619888032508e-11,5.299831280911258e-23,0.0,2.3086662510290424e-11,0.0,7.368304653071107e-12,2.9809099859665982e-12,6.724729805570496e-12,9.120859995453255e-12,3.822102193968213e-12,3.8353536152082134e-12,9.158268556141707e-12,6.736465373327984e-12,2.8932079030543858e-12,7.465996798563122e-12,-2.8645796219961127e-12,-1.059282917095936e-12,-2.605663107486756e-12,-3.596512927851499e-12,-1.4032437874072768e-12,-1.4074167113060385e-12,-3.6123567596216283e-12,-2.6127069584172844e-12,-1.0180337965741582e-12,-2.9068659225337374e-12,1.0000000000000426,1.000000000000061,1.0000000000000695,1.000000000000069,1.0000000000000893,1.0000000000000968,1.0000000000000875,1.000000000000104,1.0000000000000946,1.0000000000000697
64,4.342783699677881e-11,2.6523492657439314e-23,0.0,1.6678361883546274e-11,0.0,5.305928373730887e-12,2.1977620667183203e-12,4.847155303150462e-12,6.542314451278733e-12,2.7947124885187102e-12,2.8047276864812303e-12,6.568599256951757e-12,4.854394986489002e-12,2.1381110910225134e-12,5.374131292437191e-12,-2.0623762793402193e-12,-7.831479192482778e-13,-1.877574502420034e-12,-2.578545544174522e-12,-1.0273897054495028e-12,-1.0306259287269833e-12,-2.5896692991899505e-12,-1.8820703868389814e-12,-7.550968120318725e-13,-2.09186550612593e-12,1.0000000000000309,1.000000000000044,1.0000000000000502,1.00000000000005,1.0000000000000644,1.0000000000000697,1.0000000000000633,1.000000000000075,1.0000000000000682,1.0000000000000504
65,3.137852065236176e-11,1.327382474962571e-23,0.0,1.2049316344417049e-11,0.0,3.8210254737614725e-12,1.619248000505764e-12,3.494100996504408e-12,4.69335844962264e-12,2.0428010990936645e-12,2.0503300357200473e-12,4.7118316200884574e-12,3.498494084334116e-12,1.5786739777227793e-12,3.86865691500841e-12,-1.4849028999694142e-12,-5.785140662125563e-13,-1.3530543066460542e-12,-1.8489560016560935e-12,-7.519113894250456e-13,-7.543976507611831e-13,-1.8567676368632998e-12,-1.3559009021548857e-12,-5.594371132997339e-13,-1.5054743774287814e-12,1.0000000000000222,1.0000000000000318,1.0000000000000364,1.0000000000000362,1.0000000000000464,1.0000000000000504,1.0000000000000457,1.0000000000000544,1.0000000000000493,1.0000000000000364
66,2.2673140072767273e-11,6.642908445771087e-24,0.0,8.705380579594489e-12,0.0,2.7518427723134928e-12,1.1922345577233178e-12,2.518950563469981e-12,3.3673803018074744e-12,1.4927093980250288e-12,1.4983431093729712e-12,3.3803664956043966e-12,2.521558803025531e-12,1.1646350580029037e-12,2.7851190134221743e-12,-1.06918270144798e-12,-4.2701344278244636e-13,-9.751504330344267e-13,-1.3259781478151653e-12,-5.500917010686358e-13,-5.519869263470761e-13,-1.3314651244840608e-12,-9.769352813085848e-13,-4.1403891971987563e-13,-1.0835379015862356e-12,1.000000000000016,1.0000000000000229,1.0000000000000262,1.0000000000000262,1.0000000000000335,1.0000000000000364,1.000000000000033,1.0000000000000393,1.0000000000000355,1.0000000000000264
67,1.6383452985129227e-11,3.324431522970576e-24,0.0,6.289687087638046e-12,0.0,1.9819503853865094e-12,8.772824770518217e-13,1.8160958419496084e-12,2.4163297199969264e-12,1.090411615642421e-12,1.0946101230817288e-12,2.425460898877205e-12,1.817598371617894e-12,8.585076156357963e-13,2.005205935889315e-12,-7.698923869269834e-13,-3.149520806714961e-13,-7.028547215203724e-13,-9.510505818105482e-13,-4.0229778238260776e-13,-4.0373298629124234e-13,-9.549055967271913e-13,-7.039604314076371e-13,-3.0612744236710736e-13,-7.799130775328593e-13,1.0000000000000115,1.0000000000000164,1.0000000000000189,1.000000000000019,1.0000000000000242,1.0000000000000262,1.000000000000024,1.0000000000000284,1.0000000000000255,1.000000000000019
68,1.1838955872593835e-11,1.663694449646358e-24,0.0,4.54449711253539e-12,0.0,1.427538131625879e-12,6.451481991108092e-13,1.309459542430472e-12,1.7341045047658342e-12,7.963007890123618e-13,7.994185530885408e-13,1.7405266034833647e-12,1.3102874706881016e-12,6.323757424453386e-13,1.4437963359431349e-12,-5.544122537606305e-13,-2.3213427794101243e-13,-5.066362995191364e-13,-6.822252152310922e-13,-2.9411082663005933e-13,-2.95191569993188e-13,-6.849342953938404e-13,-5.073109009297924e-13,-2.2613187319045768e-13,-5.614095999461803e-13,1.0000000000000084,1.000000000000012,1.0000000000000138,1.0000000000000138,1.0000000000000175,1.0000000000000189,1.0000000000000173,1.0000000000000204,1.0000000000000184,1.0000000000000138
69,8.555299195841574e-12,8.325817851213789e-25,0.0,3.2836566767522632e-12,0.0,1.0282736120235808e-12,4.741697674733645e-13,9.442323812348856e-13,1.244654574467047e-12,5.813537185674472e-13,5.836616020788473e-13,1.2491724343140612e-12,9.446568680528575e-13,4.654802812829584e-13,1.0396439563465241e-12,-3.992645196022983e-13,-1.709784316374447e-13,-3.6522716119558623e-13,-4.894499302987872e-13,-2.1494707044491462e-13,-2.157569510096934e-13,-4.913541691693034e-13,-3.6563060263524407e-13,-1.6689546116238022e-13,-4.041523795966108e-13,1.000000000000006,1.0000000000000087,1.00000000000001,1.00000000000001,1.0000000000000127,1.0000000000000135,1.0000000000000127,1.0000000000000149,1.0000000000000133,1.00000000000001
70,6.182590673343969e-12,4.166558765063075e-25,0.0,2.372708522497604e-12,0.0,7.407231440174936e-13,3.4831635286205036e-13,6.809237390873358e-13,8.934626005583194e-13,4.2431196054879333e-13,4.260155072058709e-13,8.966416299648968e-13,6.811134259210136e-13,3.4240433785705113e-13,7.486779753211446e-13,-2.8755046800608724e-13,-1.2585341461131416e-13,-2.6330864214754985e-13,-3.5119197390872766e-13,-1.5704175801865388e-13,-1.5764609487297645e-13,-3.525308043491644e-13,-2.63543442131844e-13,-1.2307594342590729e-13,-2.9096598102537954e-13,1.0000000000000044,1.0000000000000062,1.000000000000007,1.000000000000007,1.000000000000009,1.0000000000000098,1.000000000000009,1.0000000000000107,1.0000000000000095,1.0000000000000073
71,4.468059439704131e-12,2.0850932852149297e-25,0.0,1.714531233639838e-12,0.0,5.336168894814441e-13,2.557349610980899e-13,4.910776279609529e-13,6.414419323636202e-13,3.0961088687869854e-13,3.1086515138664495e-13,6.436794299804173e-13,4.911359203412993e-13,2.5171243793253664e-13,5.391842022804277e-13,-2.071062545360494e-13,-9.258139176396043e-14,-1.898461111263829e-13,-2.520206681946992e-13,-1.147010736700948e-13,-1.1515035581922593e-13,-2.529621999844795e-13,-1.8997750557971424e-13,-9.069189992451452e-14,-2.0949377304071693e-13,1.000000000000003,1.0000000000000044,1.000000000000005,1.0000000000000053,1.0000000000000067,1.000000000000007,1.0000000000000067,1.0000000000000078,1.0000000000000069,1.0000000000000053
72,3.2290905125353077e-12,1.0434483102087014e-25,0.0,1.2389689271688236e-12,0.0,3.8444108240096936e-13,1.8766900124902672e-13,3.541875028133168e-13,4.605653002395368e-13,2.2585914644621285e-13,2.267805013865493e-13,4.621405048054514e-13,3.5417665272812824e-13,1.8493194944364477e-13,3.8833887102247183e-13,-1.4917580708047475e-13,-6.806595984906319e-14,-1.368901251476361e-13,-1.8087663212408344e-13,-8.37517404324857e-14,-8.408465000009568e-14,-1.8153892517496585e-13,-1.369592676131711e-13,-6.678048848889188e-14,-1.5084533125795587e-13,1.0000000000000022,1.0000000000000033,1.0000000000000038,1.0000000000000038,1.0000000000000047,1.000000000000005,1.0000000000000049,1.0000000000000056,1.000000000000005,1.0000000000000038
73,2.3337482596007574e-12,5.22172455851487e-26,0.0,8.953422529345504e-13,0.0,2.7698528472060606e-13,1.376545453299831e-13,2.554742077566736e-13,3.307329377590165e-13,1.6472283421230098e-13,1.6539823387949841e-13,3.3184215766830735e-13,2.554307791085243e-13,1.357920775115737e-13,2.7971520165427363e-13,-1.0745579768036331e-13,-5.001445591904362e-14,-9.871329505664319e-14,-1.2983236248052027e-13,-6.113631223391185e-14,-6.138226750705087e-14,-1.3029834713714405e-13,-9.874587361960394e-14,-4.913987193207109e-14,-1.0862366936819821e-13,1.0000000000000016,1.0000000000000024,1.0000000000000027,1.0000000000000027,1.0000000000000033,1.0000000000000038,1.0000000000000036,1.000000000000004,1.0000000000000036,1.0000000000000027
74,1.6867083670572824e-12,2.61309164413727e-26,0.0,6.470398925434753e-13,0.0,1.9957694122367959e-13,1.0092365614071934e-13,1.8428542075789904e-13,2.3752838722935505e-13,1.2010706092679032e-13,1.2060122602263415e-13,2.3830966326794176e-13,1.8423015322515237e-13,9.965625028570644e-14,2.0148960797740435e-13,-7.740834349692647e-14,-3.673088918926376e-14,-7.118878699877456e-14,-9.320455052966147e-14,-4.4615773285510655e-14,-4.4797007856864254e-14,-9.35324944003656e-14,-7.120062588337194e-14,-3.613582722586724e-14,-7.822559367686928e-14,1.000000000000001,1.0000000000000018,1.000000000000002,1.000000000000002,1.0000000000000024,1.0000000000000027,1.0000000000000024,1.0000000000000029,1.0000000000000027,1.000000000000002
75,1.2190959705920345e-12,1.3076546895743875e-26,0.0,4.67612396465248e-13,0.0,1.4381057909399594e-13,7.396191151097829e-14,1.3294265405864157e-13,1.7061016383510218e-13,8.755594371942826e-14,8.791688116692814e-14,1.7116058766060586e-13,1.3288670294010324e-13,7.309940236906809e-14,1.451511442371829e-13,-5.576636212968364e-14,-2.696174462974106e-14,-5.134276669925747e-14,-6.691822339425288e-14,-3.255111720736206e-14,-3.268434485570601e-14,-6.714907560733589e-14,-5.134345028504912e-14,-2.6556847916638353e-14,-5.633846374022146e-14,1.0000000000000009,1.000000000000001,1.0000000000000013,1.0000000000000013,1.0000000000000018,1.000000000000002,1.0000000000000018,1.000000000000002,1.000000000000002,1.0000000000000013
76,8.811450496501506e-13,6.543789940361775e-27,0.0,3.3795092094188394e-13,0.0,1.0363301573774201e-13,5.418060765251941e-14,9.591058301316458e-14,1.225589582290953e-13,6.381292538030349e-14,6.4076135959678e-14,1.2294683646250754e-13,9.585942747246212e-14,5.3593614975369795e-14,1.0457294476730822e-13,-4.017756335625393e-14,-1.9781303858458873e-14,-3.703207104547699e-14,-4.805120560600687e-14,-2.3743018339124772e-14,-2.3840745207250137e-14,-4.8213751198098325e-14,-3.7027275467641124e-14,-1.950578739369829e-14,-4.057819946987468e-14,1.0000000000000007,1.0000000000000009,1.000000000000001,1.000000000000001,1.0000000000000013,1.0000000000000013,1.0000000000000013,1.0000000000000016,1.0000000000000013,1.000000000000001
77,6.368955961008302e-13,3.274639887707889e-27,0.0,2.4424945354932026e-13,0.0,7.468480658768867e-14,3.9674150529853144e-14,6.919853829547797e-14,8.80512396692997e-14,4.649872010340658e-14,4.669038473791342e-14,8.832463968495256e-14,6.915439926432793e-14,3.9274645207138134e-14,7.534407202077209e-14,-2.8948209150053335e-14,-1.4506457122666268e-14,-2.6712044717686613e-14,-3.4507718559795606e-14,-1.7314205276896903e-14,-1.738575122176458e-14,-3.462219677755498e-14,-2.6705028208134194e-14,-1.4318969768231664e-14,-2.9228872746536126e-14,1.0000000000000004,1.0000000000000007,1.0000000000000007,1.0000000000000007,1.0000000000000009,1.000000000000001,1.0000000000000009,1.000000000000001,1.0000000000000009,1.0000000000000007
78,4.603627137662663e-13,1.638686024871375e-27,0.0,1.76532882334564e-13,0.0,5.3826132730803915e-14,2.90406576812627e-14,4.9929234797065873e-14,6.326676307000171e-14,3.387551468536777e-14,3.401489373430214e-14,6.345951820918048e-14,4.9892547620735945e-14,2.876874258620115e-14,5.428870865134457e-14,-2.0858673856884758e-14,-1.0633492848590446e-14,-1.92693034984121e-14,-2.4784476599297997e-14,-1.2623205418038811e-14,-1.2675491003611286e-14,-2.4865121475772088e-14,-1.926185164359198e-14,-1.0505902620936982e-14,-2.1055363369427524e-14,1.0000000000000002,1.0000000000000004,1.0000000000000004,1.0000000000000004,1.0000000000000007,1.0000000000000007,1.0000000000000007,1.0000000000000009,1.0000000000000007,1.0000000000000004
79,3.327689718873374e-13,8.200230023504479e-28,0.0,1.275937418789289e-13,0.0,3.879545374853579e-14,2.1249413817075383e-14,3.602797952443537e-14,4.54637186181936e-14,2.4674391417583882e-14,2.4775622587469117e-14,4.559964913112066e-14,3.599827265865999e-14,2.106433151287292e-14,3.9120138871390664e-14,-1.503067898226813e-14,-7.791243864187316e-15,-1.3901255272630503e-14,-1.780304445180811e-14,-9.201123267783889e-15,-9.23927114683302e-15,-1.7859869078059822e-14,-1.3894274962075962e-14,-7.70441107332823e-15,-1.5168569779953904e-14,1.0000000000000002,1.0000000000000002,1.0000000000000004,1.0000000000000004,1.0000000000000004,1.0000000000000004,1.0000000000000004,1.0000000000000007,1.0000000000000004,1.0000000000000004
80,2.405448349472054e-13,4.103500375224794e-28,0.0,9.222413694013201e-14,0.0,2.7963733824032526e-14,1.5543021861332384e-14,2.5998681995912764e-14,3.2674049914607496e-14,1.7969069350799113e-14,1.8042509257288575e-14,3.2769930495157226e-14,2.5975086774837146e-14,1.5417037307664597e-14,2.8191714165573534e-14,-1.0831719924503264e-14,-5.706391955742998e-15,-1.0029297528522607e-14,-1.2789668703586106e-14,-6.7053220667847705e-15,-6.733113330180541e-15,-1.2829718635963433e-14,-1.002318588382284e-14,-5.647294205208323e-15,-1.092842470581713e-14,1.0000000000000002,1.0000000000000002,1.0000000000000002,1.0000000000000002,1.0000000000000004,1.0000000000000004,1.0000000000000004,1.0000000000000004,1.0000000000000004,1.0000000000000002
81,1.7388395981044087e-13,2.053435897784115e-28,0.0,6.666087513676449e-14,0.0,2.0157471547343983e-14,1.1365222284167712e-14,1.876240974970162e-14,2.348492230141923e-14,1.3083565652671064e-14,1.3136787138535627e-14,2.3552568923611086e-14,1.874394429848585e-14,1.1279461144697726e-14,2.0317606769806974e-14,-7.806262276688541e-15,-4.1777995771646724e-15,-7.236272246211147e-15,-9.189127613188269e-15,-4.885503698128048e-15,-4.905722118752948e-15,-9.217361571546141e-15,-7.231142476351296e-15,-4.1375761629668715e-15,-7.87410739576656e-15,1.0000000000000002,1.0000000000000002,1.0000000000000002,1.0000000000000002,1.0000000000000002,1.0000000000000002,1.0000000000000002,1.0000000000000002,1.0000000000000002,1.0000000000000002
82,1.2569935107871378e-13,1.0275574731258727e-28,0.0,4.81846087317271e-14,0.0,1.4531264582252168e-14,8.307685641048188e-15,1.3541014516249197e-14,1.688196156303181e-14,9.52468748119918e-15,9.563218579123787e-15,1.6929699351633254e-14,1.3526731978796175e-14,8.249302876619067e-15,1.4643784508760952e-14,-5.626206965091816e-15,-3.057536643119524e-15,-5.2213952334524214e-15,-6.6029607383874186e-15,-3.5588781714718846e-15,-3.573568559411839e-15,-6.622869571977834e-15,-5.217212319689678e-15,-3.0301582680786585e-15,-5.673822261046023e-15,1.0,1.0000000000000002,1.0000000000000002,1.0000000000000002,1.0000000000000002,1.0000000000000002,1.0000000000000002,1.0000000000000002,1.0000000000000002,1.0000000000000002
83,9.086912334501172e-14,5.141969078944242e-29,0.0,3.4830227733702064e-14,0.0,1.047603869861724e-14,6.070817904168291e-15,9.773239675245642e-15,1.2136788389856199e-14,6.932693538004142e-15,6.960563396325524e-15,1.217048436814894e-14,9.762296975409685e-15,6.031071330584e-15,1.0555129068652048e-14,-4.055225883634927e-15,-2.2368677368798966e-15,-3.767774841003556e-15,-4.745173173175612e-15,-2.5919939431950368e-15,-2.6026551827982632e-15,-4.759214983484313e-15,-3.76443500338649e-15,-2.2182315460350674e-15,-4.0886554401089035e-15,1.0,1.0,1.0,1.0,1.0000000000000002,1.0000000000000002,1.0000000000000002,1.0000000000000002,1.0000000000000002,1.0
84,6.56915026525309e-14,2.573067801695737e-29,0.0,2.5177620692480807e-14,0.0,7.55295608919092e-15,4.4349069251440774e-15,7.054238191240572e-15,8.726321697572603e-15,5.045246356905275e-15,5.06538749254226e-15,8.75011157604595e-15,7.045919907594307e-15,4.407846429688866e-15,7.608567986606075e-15,-2.9230826094263203e-15,-1.635910979024214e-15,-2.7190014840050704e-15,-3.410466692283595e-15,-1.8874471810988667e-15,-1.8951759037832642e-15,-3.420372792102992e-15,-2.7163770678153782e-15,-1.6232249008951342e-15,-2.9465610820459724e-15,1.0,1.0,1.0,1.0,1.0,1.0,1.0,1.0000000000000002,1.0,1.0
85,4.7491007436365645e-14,1.287571907841528e-29,0.0,1.8200495216165265e-14,0.0,5.445814526506695e-15,3.238894755912926e-15,5.091964798806094e-15,6.274869506906585e-15,3.671083061934934e-15,3.6856270479766085e-15,6.291669282148005e-15,5.0856830571252375e-15,3.2204703750331085e-15,5.48493102401545e-15,-2.107141562684225e-15,-1.1960121692311516e-15,-1.9622733924344776e-15,-2.4514521906660183e-15,-1.3741632949703416e-15,-1.3797604445656515e-15,-2.4584422938979437e-15,-1.96023685046907e-15,-1.1873760546557576e-15,-2.123636962590625e-15,1.0,1.0,1.0,1.0,1.0,1.0,1.0,1.0,1.0,1.0
86,3.433386347857357e-14,6.443032286872427e-30,0.0,1.3157143957792067e-14,0.0,3.9267619763845664e-15,2.3647695422308723e-15,3.6757321469074474e-15,4.512567289797826e-15,2.6707900834274738e-15,2.681284436003746e-15,4.524433456802469e-15,3.6710148782586664e-15,2.3522245239065104e-15,3.954285144853996e-15,-1.5190525501221283e-15,-8.741252136820536e-16,-1.4162326518986463e-15,-1.7623022171087584e-15,-1.0002929785074602e-15,-1.0043426119728626e-15,-1.767235825345536e-15,-1.414668178866571e-15,-8.682458511265981e-16,-1.5306458791614542e-15,1.0,1.0,1.0,1.0,1.0,1.0,1.0,1.0,1.0,1.0
87,2.4822348077886057e-14,3.2240942746703785e-30,0.0,9.511515400687515e-15,0.0,2.831600392603628e-15,1.7260957665714521e-15,2.6535361640061315e-15,3.245545259115256e-15,1.9427690136152923e-15,1.9503359679377322e-15,3.253928496343205e-15,2.650010790132363e-15,1.717553539996476e-15,2.8509726875645215e-15,-1.0951615837809385e-15,-6.386737756594201e-16,-1.0221959829013157e-15,-1.2670220306825704e-15,-7.280210698121815e-16,-7.309484680660136e-16,-1.270504960459264e-15,-1.0210040881263034e-15,-6.346709839100344e-16,-1.1033124572894744e-15,1.0,1.0,1.0,1.0,1.0,1.0,1.0,1.0,1.0,1.0
88,1.7946167999343987e-14,1.6133322746389683e-30,0.0,6.8761800785420695e-15,0.0,2.041995618824141e-15,1.259590103894365e-15,1.9157038216814358e-15,2.3345119861045167e-15,1.4129946566698299e-15,1.4184471950294085e-15,2.3404358611507396e-15,1.9130802154812007e-15,1.2537731926201416e-15,2.0556353478882103e-15,-7.896047737794872e-16,-4.665056626770872e-16,-7.378323423246958e-16,-9.110332730107393e-16,-5.297743569454625e-16,-5.318887729083236e-16,-9.134926351924658e-16,-7.369305746511623e-16,-4.637803473763345e-16,-7.953373396763111e-16,1.0,1.0,1.0,1.0,1.0,1.0,1.0,1.0,1.0,1.0
89,1.2975051033256105e-14,8.073068346625636e-31,0.0,4.971116966087883e-15,0.0,1.4726613583215441e-15,9.189373357026415e-16,1.3830995542648412e-15,1.6793780765331283e-15,1.0275425033775737e-15,1.0314690062013065e-15,1.683564964321414e-15,1.381154210027076e-15,9.149760555136731e-16,1.4822679689929065e-15,-5.693342605025967e-16,-3.4065276819172335e-16,-5.326042674165947e-16,-6.551339095713883e-16,-3.8545215329225615e-16,-3.8697818882810187e-16,-6.568708968293255e-16,-5.319260054541247e-16,-3.387971371064685e-16,-5.733673788953037e-16,1.0,1.0,1.0,1.0,1.0,1.0,1.0,1.0,1.0,1.0
90,9.38112017503868e-15,4.039728750115341e-31,0.0,3.593930858217423e-15,0.0,1.0621258968762817e-15,6.702528846817018e-16,9.986188710887622e-16,1.2082150947471723e-15,7.471381293615562e-16,7.49964042065659e-16,1.211174922720995e-15,9.97181112933027e-16,6.675551410037155e-16,1.0688940795598116e-15,-4.1053546144526234e-16,-2.4868445102093976e-16,-3.84480683176079e-16,-4.711629817859561e-16,-2.804043740160175e-16,-2.815049641356475e-16,-4.723900416004189e-16,-3.83973097094049e-16,-2.474209145099576e-16,-4.133738894330949e-16,1.0,1.0,1.0,1.0,1.0,1.0,1.0,1.0,1.0,1.0
91,6.782790596802462e-15,2.0214574233171515e-31,0.0,2.598329578236221e-15,0.0,7.660795941733375e-16,4.887550810885681e-16,7.210525025508292e-16,8.693264939453325e-16,5.431823712775761e-16,5.452150656467716e-16,8.714193035054051e-16,7.199929464930979e-16,4.869177473035458e-16,7.708494908179979e-16,-2.9604630270294425e-16,-1.8149780359313377e-16,-2.775663685379331e-16,-3.388886008018397e-16,-2.0395575808398013e-16,-2.0474897641888741e-16,-3.3975561921558997e-16,-2.7718816643992907e-16,-1.8063739370016972e-16,-2.980445887418138e-16,1.0,1.0,1.0,1.0,1.0,1.0,1.0,1.0,1.0,1.0
92,4.904220808561038e-15,1.011523219022788e-31,0.0,1.8785697882414237e-15,0.0,5.525814990979166e-16,3.56325723532082e-16,5.206601644083124e-16,6.255527369333766e-16,3.948533724874059e-16,3.963147409237749e-16,6.270327971301093e-16,5.198813320869153e-16,3.550743182624239e-16,5.559441236987209e-16,-2.1349809507542084e-16,-1.3242935755648605e-16,-2.0039233814251674e-16,-2.437737570119559e-16,-1.4832899879017015e-16,-1.4890032472299667e-16,-2.443865063752958e-16,-2.0011161440618263e-16,-1.318434290411219e-16,-2.1490536711927694e-16,1.0,1.0,1.0,1.0,1.0,1.0,1.0,1.0,1.0,1.0
93,3.546004922969946e-15,5.06157904485044e-32,0.0,1.3582158855910917e-15,0.0,3.986053173713748e-16,2.5972257936015417e-16,3.7597737986416104e-16,4.501805952061168e-16,2.869942174718833e-16,2.8804432664534923e-16,4.512275158941645e-16,3.754062172089275e-16,2.5887020426314136e-16,4.0097656968467355e-16,-1.5397618172654181e-16,-9.660314417192786e-17,-1.4468278454415138e-16,-1.7537214172725977e-16,-1.078591550155226e-16,-1.0827041427842567e-16,-1.7580528123594482e-16,-1.444751148779878e-16,-9.620411399928251e-17,-1.549675540140474e-16,1.0,1.0,1.0,1.0,1.0,1.0,1.0,1.0,1.0,1.0
94,2.5639891642065734e-15,2.532766442585331e-32,0.0,9.820157587633733e-16,0.0,2.875503377174872e-16,1.8927012967479157e-16,2.715117041944756e-16,3.240044077227715e-16,2.0857352286024274e-16,2.0932776044261164e-16,3.247450887090436e-16,2.710937106561499e-16,1.8868951671593577e-16,2.892229855130634e-16,-1.110549796538876e-16,-7.04524496853626e-17,-1.0446567566968546e-16,-1.2617618748334528e-16,-7.842069461164057e-17,-7.87165662027376e-17,-1.2648242718512081e-16,-1.0431250655277761e-16,-7.018068754720558e-17,-1.1175358417161015e-16,1.0,1.0,1.0,1.0,1.0,1.0,1.0,1.0,1.0,1.0
95,1.8539601482491806e-15,1.267369518839772e-32,0.0,7.100290159573924e-16,0.0,2.074476221292251e-16,1.379009808064918e-16,1.960805182593139e-16,2.332146598254879e-16,1.5156380734922038e-16,1.5210529923153902e-16,2.3373877879357525e-16,1.9577519605622692e-16,1.3750546279194156e-16,2.0862782300615864e-16,-8.010271558826212e-17,-5.1369148868299753e-17,-7.543118593516166e-17,-9.07897478972836e-17,-5.700971551102237e-17,-5.722246121107261e-17,-9.10063099154684e-17,-7.531851459992298e-17,-5.1184053923994216e-17,-8.059516250690475e-17,1.0,1.0,1.0,1.0,1.0,1.0,1.0,1.0,1.0,1.0
96,1.3405770829905612e-15,6.341768821236283e-33,0.0,5.133830652586192e-16,0.0,1.496671737567977e-16,1.0045428478598963e-16,1.4161164782542144e-16,1.6788080105256314e-16,1.1012442190661368e-16,1.1051301594049022e-16,1.6825174480614503e-16,1.4138900915925739e-16,1.0018483999577898e-16,1.5050014376150409e-16,-5.778044837242739e-17,-3.744669602050217e-17,-5.4468870433892474e-17,-6.533385877292474e-17,-4.1439385442606695e-17,-4.159228329104879e-17,-6.54870339874302e-17,-5.438618689696952e-17,-3.7320622796162586e-17,-5.812767924465456e-17,1.0,1.0,1.0,1.0,1.0,1.0,1.0,1.0,1.0,1.0
97,9.693714132892527e-16,3.173340159110323e-33,0.0,3.712056697013086e-16,0.0,1.0798611061632213e-16,7.316244687984313e-17,1.0227788608742641e-16,1.2086093645260629e-16,8.000645578583118e-17,8.028521571870921e-17,1.2112351786166304e-16,1.0211579413320967e-16,7.297887856226465e-17,1.08574171191377e-16,-4.1681063140475583e-17,-2.7291837906146502e-17,-3.933376173799502e-17,-4.701986459995685e-17,-3.0117966120782506e-17,-3.022780022178101e-17,-4.7128226944482006e-17,-3.9273215026047714e-17,-2.720596143351433e-17,-4.1925972570127074e-17,1.0,1.0,1.0,1.0,1.0,1.0,1.0,1.0,1.0,1.0
98,7.009636292688986e-16,1.5878956488172652e-33,0.0,2.6840778402035413e-16,0.0,7.791699743123378e-17,5.32757185398794e-17,7.387242445493894e-17,8.701819930636804e-17,5.811939356653519e-17,5.831928935301258e-17,8.72041063427378e-17,7.375458285761382e-17,5.3150649288692496e-17,7.833226812788656e-17,-3.0069113185088355e-17,-1.9886728339963733e-17,-2.840546163248748e-17,-3.384273714623825e-17,-2.188706221929598e-17,-2.1965926365696636e-17,-3.3919411518925234e-17,-2.8361211275595853e-17,-1.982822927357215e-17,-3.024190306349044e-17,1.0,1.0,1.0,1.0,1.0,1.0,1.0,1.0,1.0,1.0
99,5.068826910294686e-16,7.94559517842573e-34,0.0,1.9408093823943e-16,0.0,5.622367169136843e-17,3.878772704496846e-17,5.335810757909867e-17,6.265748006904087e-17,4.221561435541526e-17,4.2358907178880054e-17,6.278912429936842e-17,5.327254906965726e-17,3.870250955046128e-17,5.651700019120989e-17,-2.1693325739865352e-17,-1.448799149491094e-17,-2.0514316875840265e-17,-2.4360719237327163e-17,-1.5903779211119932e-17,-1.5960382174132527e-17,-2.4414982043369376e-17,-2.0482033787956566e-17,-1.4448139738231215e-17,-2.1815267936676673e-17,1.0,1.0,1.0,1.0,1.0,1.0,1.0,1.0,1.0,1.0
100,3.665438899183421e-16,3.975850894988927e-34,0.0,1.4033880111112643e-16,0.0,4.057220399537137e-17,2.82348668815568e-17,3.8542116784106874e-17,4.5120503202308636e-17,3.0660727031870125e-17,3.0763410533008177e-17,4.521373846240703e-17,3.8480072640803146e-17,2.817679941190182e-17,4.077945097500818e-17,-1.5651467695997056e-17,-1.0552860163411658e-17,-1.48159907949918e-17,-1.7536976866732238e-17,-1.1554887323545131e-17,-1.159549664587188e-17,-1.757538583696139e-17,-1.4792476428854113e-17,-1.0525710138559459e-17,-1.573754921620171e-17,1.0,1.0,1.0,1.0,1.0,1.0,1.0,1.0,1.0,1.0
101,2.650640952726145e-16,1.9894496612661186e-34,0.0,1.0147979464572766e-16,0.0,2.927926093757591e-17,2.0549721271966427e-17,2.7841165842370696e-17,3.24947054646165e-17,2.2266416574604227e-17,2.233997624108318e-17,3.2560748816405806e-17,2.779622386848477e-17,2.0510151500164375e-17,2.942572475534263e-17,-1.1292943057795463e-17,-7.685145609590373e-18,-1.0700950941736178e-17,-1.2625797737692135e-17,-8.394310457265897e-18,-8.423434291924999e-18,-1.2652989646001226e-17,-1.0683848772318376e-17,-7.666647911737447e-18,-1.1353726219665554e-17,1.0,1.0,1.0,1.0,1.0,1.0,1.0,1.0,1.0,1.0
102,1.9168232647266786e-16,9.954857860023592e-35,0.0,7.338176879994665e-17,0.0,2.113067849090282e-17,1.49539935242408e-17,2.0112016648672314e-17,2.340391008318455e-17,1.6168806530492214e-17,1.6221486882338507e-17,2.3450699410389626e-17,2.007949639759385e-17,1.4927027227747343e-17,2.123421127710583e-17,-8.14858244667309e-18,-5.5957277477256256e-18,-7.72914919369838e-18,-9.090795381431948e-18,-6.097610044112012e-18,-6.118489358744673e-18,-9.11004940601618e-18,-7.716727470890917e-18,-5.583124272417031e-18,-8.1915134782368e-18,1.0,1.0,1.0,1.0,1.0,1.0,1.0,1.0,1.0,1.0
103,1.38617909816694e-16,4.981228276268974e-35,0.0,5.306441665597385e-17,0.0,1.5250648220356266e-17,1.0880320701203916e-17,1.452913694066366e-17,1.6857798931741778e-17,1.1739957302206402e-17,1.1777674027100637e-17,1.689095259252125e-17,1.4505627675630734e-17,1.0861942338003494e-17,1.5323851087265876e-17,-5.880030270546554e-18,-4.073672823036884e-18,-5.582879708008655e-18,-6.546111151442773e-18,-4.428849228285812e-18,-4.4438128552378694e-18,-6.5597468178683774e-18,-5.573868721963118e-18,-4.065084889743848e-18,-5.910360189839952e-18,1.0,1.0,1.0,1.0,1.0,1.0,1.0,1.0,1.0,1.0
104,1.0024496907106757e-16,2.4925112531125466e-35,0.0,3.8372940745626436e-17,0.0,1.1007391147789037e-17,7.915194101632373e-18,1.0496382855733764e-17,1.2143655538881944e-17,8.52348327299955e-18,8.550479423840514e-18,1.2167150861051914e-17,1.0479402863264804e-17,7.90266785932618e-18,1.1059161146547496e-17,-4.243257072567229e-18,-2.9651265995715433e-18,-4.032754084929895e-18,-4.7141433928598344e-18,-3.2164740292068526e-18,-3.2271946032601238e-18,-4.723801731469335e-18,-4.026224812365929e-18,-2.959274478677315e-18,-4.264689940718381e-18,1.0,1.0,1.0,1.0,1.0,1.0,1.0,1.0,1.0,1.0
105,7.249560126369994e-17,1.247202980488926e-35,0.0,2.7749367807367644e-17,0.0,7.945137792717547e-18,5.7572996584311315e-18,7.583240326171024e-18,8.74850052999251e-18,6.1877226298138786e-18,6.207040449047006e-18,8.7651536184683e-18,7.5709863704315e-18,5.7487615047208635e-18,7.98175838390617e-18,-3.0622533550714897e-18,-2.1578944432012413e-18,-2.91314252956274e-18,-3.395155008889434e-18,-2.3357606431856706e-18,-2.3434389747935083e-18,-3.401997242583614e-18,-2.9084164928333045e-18,-2.1539063546053162e-18,-3.0774027626413255e-18,1.0,1.0,1.0,1.0,1.0,1.0,1.0,1.0,1.0,1.0
106,5.242837809786455e-17,6.240746017248417e-36,0.0,2.0067223165835378e-17,0.0,5.735075092801624e-18,4.187120328620386e-18,5.478793800428043e-18,6.303081331898565e-18,4.491679295991582e-18,4.5054993013364704e-18,6.314886438260932e-18,5.4699573032111385e-18,4.1813001397047636e-18,5.760985065611048e-18,-2.2100626999159237e-18,-1.5701793298107455e-18,-2.104446525742982e-18,-2.445419198093945e-18,-1.6960433338222973e-18,-1.7015411477105358e-18,-2.4502671802073674e-18,-2.101029067220361e-18,-1.5674613650160998e-18,-2.2207733182951222e-18,1.0,1.0,1.0,1.0,1.0,1.0,1.0,1.0,1.0,1.0
107,3.791637030699187e-17,3.122735913007943e-36,0.0,1.451200779087268e-17,0.0,4.139969359722275e-18,3.044761418805216e-18,3.9584917760993644e-18,4.541578249935698e-18,3.26025698526546e-18,3.270141545621184e-18,4.549947856194244e-18,3.9521242388457426e-18,3.04079369934461e-18,4.158305177158076e-18,-1.5951057330793488e-18,-1.1423589098151697e-18,-1.5203020243286784e-18,-1.7615030819628675e-18,-1.2314223107261217e-18,-1.2353577557152861e-18,-1.7649385820666878e-18,-1.517833064365396e-18,-1.1405064403601534e-18,-1.6026798884529725e-18,1.0,1.0,1.0,1.0,1.0,1.0,1.0,1.0,1.0,1.0
108,2.7421583452044554e-17,1.562548166005773e-36,0.0,1.0494786854947317e-17,0.0,2.98865090584348e-18,2.2137782640372278e-18,2.860150439311141e-18,3.2726140573428045e-18,2.3662525718038633e-18,2.3733207977026294e-18,3.278548753060592e-18,2.8555651058684216e-18,2.2110732068406608e-18,3.001629350233733e-18,-1.1513184538787954e-18,-8.309831547679884e-19,-1.0983413367882235e-18,-1.2689641925928931e-18,-8.94004413461597e-19,-8.968207479185547e-19,-1.2713991031336525e-18,-1.096559132977321e-18,-8.297204925039493e-19,-1.1566758269243432e-18,1.0,1.0,1.0,1.0,1.0,1.0,1.0,1.0,1.0,1.0
109,1.9831867804314853e-17,7.818636066913822e-37,0.0,7.5897156477297e-18,0.0,2.1576102578421564e-18,1.6093842033647428e-18,2.0666266967902664e-18,2.3583941162055957e-18,1.7172656469484617e-18,1.7223189112709384e-18,2.362602821465618e-18,2.0633268233490817e-18,1.607539848584884e-18,2.1667984784931082e-18,-8.310406480013238e-19,-6.04394060672485e-19,-7.935237425208747e-19,-9.14219941137209e-19,-6.489869248554015e-19,-6.510018864316909e-19,-9.159459315949743e-19,-7.922382825193398e-19,-6.035333582557767e-19,-8.348308717406248e-19,1.0,1.0,1.0,1.0,1.0,1.0,1.0,1.0,1.0,1.0
110,1.4342996869102154e-17,3.91226294018638e-37,0.0,5.4888709352127e-18,0.0,1.5577230794326678e-18,1.1698543353198737e-18,1.4933063741954437e-18,1.6996953199730577e-18,1.246183221293891e-18,1.2497952110040845e-18,1.7026803832315986e-18,1.4909329908003353e-18,1.1685967254344272e-18,1.5642292284167738e-18,-5.998871784094885e-19,-4.395298680448691e-19,-5.733203225948226e-19,-6.586987962325381e-19,-4.710824256545706e-19,-4.725237002668538e-19,-6.5992243823401935e-19,-5.723938325487465e-19,-4.389431231504568e-19,-6.025692500763344e-19,1.0,1.0,1.0,1.0,1.0,1.0,1.0,1.0,1.0,1.0
111,1.0373403369516597e-17,1.9576026606480785e-37,0.0,3.969593499585557e-18,0.0,1.1246740136539728e-18,8.502602905778085e-19,1.0790690365818506e-18,1.2250628950881557e-18,9.0426399171558e-19,9.068452889477137e-19,1.2271803389484731e-18,1.0773629592322405e-18,8.494026962985549e-19,1.1292818584722459e-18,-4.33049065778695e-19,-3.1959404474206515e-19,-4.14237337613593e-19,-4.746324248849019e-19,-3.4191922957831105e-19,-3.429499220563709e-19,-4.755000442831254e-19,-4.135700315680948e-19,-3.1919402913587235e-19,-4.3494736994452805e-19,1.0,1.0,1.0,1.0,1.0,1.0,1.0,1.0,1.0,1.0
112,7.502527398122353e-18,9.795363389176729e-38,0.0,2.8708759713942427e-18,0.0,8.120484079412567e-19,6.179048642732486e-19,7.797631020219118e-19,8.830347912879354e-19,6.561125618821754e-19,6.579569421102262e-19,8.845369713918805e-19,7.785373448387628e-19,6.173200024087325e-19,8.153124099662227e-19,-3.126256057127161e-19,-2.3235542630455985e-19,-2.993059345599388e-19,-3.4202810380022043e-19,-2.4815142983340457e-19,-2.4888834683748756e-19,-3.426433675565927e-19,-2.9882561439347765e-19,-2.320826938898224e-19,-3.139694485060232e-19,1.0,1.0,1.0,1.0,1.0,1.0,1.0,1.0,1.0,1.0
113,5.426237071835818e-18,4.901354019088971e-38,0.0,2.0762903262865342e-18,0.0,5.8634838619503825e-19,4.489959675772724e-19,5.634935957902113e-19,6.365446588319588e-19,4.76027536425993e-19,4.773451484017813e-19,6.376104749037897e-19,5.62613360688624e-19,4.485970700726023e-19,5.886608729485472e-19,-2.257000217462185e-19,-1.6890889669597626e-19,-2.1626950623170058e-19,-2.4649013245597653e-19,-1.8008502545618243e-19,-1.8061179370844494e-19,-2.4692649648809075e-19,-2.1592398415013878e-19,-1.6872293233613018e-19,-2.2665153701767546e-19,1.0,1.0,1.0,1.0,1.0,1.0,1.0,1.0,1.0,1.0
114,3.924593480635588e-18,2.452511915881456e-38,0.0,1.5016435912002302e-18,0.0,4.2339703299527594e-19,3.2622393596049674e-19,4.0721884175053847e-19,4.588926404451496e-19,3.4534821017299397e-19,3.4628934696567255e-19,4.5964893528076415e-19,4.0658702081780327e-19,3.2595184941859457e-19,4.25035666828299e-19,-1.629513531997623e-19,-1.2277203161677568e-19,-1.5627475403967279e-19,-1.776520183868092e-19,-1.3067932625299902e-19,-1.3105580143610873e-19,-1.7796153962302556e-19,-1.5602633987082077e-19,-1.2264522065400776e-19,-1.636252061202482e-19,1.0,1.0,1.0,1.0,1.0,1.0,1.0,1.0,1.0,1.0
115,2.838541347265161e-18,1.227172832817692e-38,0.0,1.0860521333704272e-18,0.0,3.0574393722070083e-19,2.369971687567893e-19,2.942924008657862e-19,3.3084454455528507e-19,2.5052699659816393e-19,2.511991206575863e-19,3.3138126371306174e-19,2.9383908377036033e-19,2.3681156288092174e-19,3.069052682465056e-19,-1.1765309577457508e-19,-8.922676720370742e-20,-1.129264408847523e-19,-1.280480958898645e-19,-9.482121357483007e-20,-9.509022630808624e-20,-1.282676715677024e-19,-1.1274793704744292e-19,-8.914028653767283e-20,-1.181303985817934e-19,1.0,1.0,1.0,1.0,1.0,1.0,1.0,1.0,1.0,1.0
116,2.053053653959686e-18,6.140445885762959e-39,0.0,7.854876933054754e-19,0.0,2.2079313842852795e-19,1.7215743814005799e-19,2.1268764845356084e-19,2.3854320883217185e-19,1.8172923417083917e-19,1.8220916733424802e-19,2.3892414189177274e-19,2.123625358687501e-19,1.720308139896282e-19,2.2161632685012883e-19,-8.495079879217287e-20,-6.48397306167313e-20,-8.160475241222533e-20,-9.230133572311323e-20,-6.879776242732476e-20,-6.898995332333828e-20,-9.245712182128901e-20,-8.147654790161024e-20,-6.478074889129353e-20,-8.528894139637677e-20,1.0,1.0,1.0,1.0,1.0,1.0,1.0,1.0,1.0,1.0
117,1.4849430547253651e-18,3.072512592138767e-39,0.0,5.681105992343205e-19,0.0,1.5945225897310493e-19,1.2504462376521542e-19,1.5371536074336628e-19,1.720045191462397e-19,1.3181618333695643e-19,1.3215883252501793e-19,1.7227491148421167e-19,1.5348228389381318e-19,1.2495822991452603e-19,1.6003585094291353e-19,-6.134087945542303e-20,-4.7112814374842573e-20,-5.897228771019455e-20,-6.653868968593215e-20,-4.991305083388274e-20,-5.0050334809230094e-20,-6.664923040756107e-20,-5.88802519749369e-20,-4.707258407510216e-20,-6.15804759072153e-20,1.0,1.0,1.0,1.0,1.0,1.0,1.0,1.0,1.0,1.0
118,1.074047838362334e-18,1.5374005700881126e-39,0.0,4.1089521636303106e-19,0.0,1.1515767182681897e-19,9.081594616882489e-20,1.1109737316723108e-19,1.2403433141000393e-19,9.560641820175963e-20,9.585101970855484e-20,1.242262790694031e-19,1.109303381377869e-19,9.07569950655857e-20,1.15571465606365e-19,-4.429458714628597e-20,-3.4228677596390533e-20,-4.26179875761352e-20,-4.797018773623577e-20,-3.6209765135196796e-20,-3.6307812816463094e-20,-4.804863241480857e-20,-4.255194575602628e-20,-3.420123484894033e-20,-4.446438533654853e-20,1.0,1.0,1.0,1.0,1.0,1.0,1.0,1.0,1.0,1.0
119,7.768580662758602e-19,7.692721732787719e-40,0.0,2.971897720864738e-19,0.0,8.317099275721503e-20,6.595052660171242e-20,8.029741895081533e-20,8.944843557275371e-20,6.933945564601291e-20,6.95140425764172e-20,8.958470944335806e-20,8.017775377321553e-20,6.591029704257119e-20,8.346443391178884e-20,-3.198667906960393e-20,-2.4865419567112474e-20,-3.079995421641575e-20,-3.4585895837250227e-20,-2.6266962555746714e-20,-2.633697713213763e-20,-3.464156962604504e-20,-3.075258436457137e-20,-2.484669802301451e-20,-3.210703169457616e-20,1.0,1.0,1.0,1.0,1.0,1.0,1.0,1.0,1.0,1.0
120,5.619062547467726e-19,3.8492191912586954e-40,0.0,2.1495181152908762e-19,0.0,6.007135386208807e-20,4.788887809674386e-20,5.803772904276019e-20,6.451072370744064e-20,5.028628315295311e-20,5.041088086927751e-20,6.46074806936979e-20,5.79520276250625e-20,4.786142165140533e-20,6.027947604534349e-20,-2.3099638895126965e-20,-1.8061648504968562e-20,-2.225968990805515e-20,-2.4937711865313076e-20,-1.9053172493059807e-20,-1.9103161707139694e-20,-2.4977228749660164e-20,-2.222572614815303e-20,-1.8048875391165862e-20,-2.3184957866445356e-20,1.0,1.0,1.0,1.0,1.0,1.0,1.0,1.0,1.0,1.0
121,4.064340576241093e-19,1.9260382612477456e-40,0.0,1.5547219712266333e-19,0.0,4.3388955727725966e-20,3.4770619621737904e-20,4.194981273329016e-20,4.6528488755269536e-20,3.646657856813883e-20,3.655548980122288e-20,4.6597194130648477e-20,4.1888454076180976e-20,3.4751878715939204e-20,4.353658549395534e-20,-1.6682398134362105e-20,-1.3118258475005956e-20,-1.608791630947003e-20,-1.7982234952171102e-20,-1.3819704584814278e-20,-1.3855391068054626e-20,-1.8010286563049422e-20,-1.606357354888152e-20,-1.310954293546613e-20,-1.674289055138815e-20,1.0,1.0,1.0,1.0,1.0,1.0,1.0,1.0,1.0,1.0
122,2.9398168068272965e-19,9.637332445240863e-41,0.0,1.1245237694137958e-19,0.0,3.134057348581528e-20,2.5243679853379022e-20,3.032216451908708e-20,3.3560884234807475e-20,2.644341235450371e-20,2.650685097180843e-20,3.3609674867355794e-20,3.027824693337874e-20,2.523088646262111e-20,3.144530699997304e-20,-1.2048382241910686e-20,-9.526939768358884e-21,-1.1627648214203078e-20,-1.2967604520462064e-20,-1.002316621363512e-20,-1.0048638829414453e-20,-1.298751926329268e-20,-1.1610207142802235e-20,-9.520992253318092e-21,-1.2091278493982295e-20,1.0,1.0,1.0,1.0,1.0,1.0,1.0,1.0,1.0,1.0
123,2.1264457316863523e-19,4.822235839440255e-41,0.0,8.133710751409446e-20,0.0,2.2638641753327447e-20,1.8325524871439016e-20,2.1917988870864877e-20,2.4208886185386384e-20,1.917421444804754e-20,1.9219473298851797e-20,2.4243537384318114e-20,2.188656334624255e-20,1.8316790508705406e-20,2.271295250145209e-20,-8.701931732487834e-21,-6.918154981940004e-21,-8.404175648222204e-21,-9.351998049421091e-21,-7.269197906456168e-21,-7.28737767295663e-21,-9.36613748303768e-21,-8.39168358713619e-21,-6.914095953915703e-21,-8.732354498520951e-21,1.0,1.0,1.0,1.0,1.0,1.0,1.0,1.0,1.0,1.0
124,1.5381267036190063e-19,2.4129023200205286e-41,0.0,5.88319028067346e-20,0.0,1.6353443202836103e-20,1.3302238480533316e-20,1.58435066260807e-20,1.7463960644055942e-20,1.3902594464038255e-20,1.3934880013527208e-20,1.748857196584695e-20,1.582102569147617e-20,1.32962745995415e-20,1.640617467396447e-20,-6.285198550491345e-21,-5.023286390905701e-21,-6.074482244784176e-21,-6.744925541330442e-21,-5.271619984009286e-21,-5.284593285324589e-21,-6.754965418471163e-21,-6.065537654766381e-21,-5.020515909163906e-21,-6.306777827487619e-21,1.0,1.0,1.0,1.0,1.0,1.0,1.0,1.0,1.0,1.0
125,1.1125860458524357e-19,1.2073431889249054e-41,0.0,4.2554065776657054e-20,0.0,1.181362517215167e-20,9.6551399990085e-21,1.1452803363028615e-20,1.2599019858681942e-20,1.0079822647553398e-20,1.0102851362075385e-20,1.2616501623388818e-20,1.1436725074127799e-20,9.651067315361657e-21,1.1851048169865772e-20,-4.539818030684433e-21,-3.647098481524814e-21,-4.3907032630520856e-21,-4.8649407853739996e-21,-3.822771816484856e-21,-3.832028651451823e-21,-4.8720703424581316e-21,-4.384300617348371e-21,-3.6452072841798415e-21,-4.555126504098698e-21,1.0,1.0,1.0,1.0,1.0,1.0,1.0,1.0,1.0,1.0
126,8.047828457614436e-20,6.041175390893349e-42,0.0,3.0780320009099205e-20,0.0,8.534381234835492e-21,7.007432419344004e-21,8.279077943570868e-21,9.089843839429889e-21,7.307843570473339e-21,7.324267987955434e-21,9.102262309547113e-21,8.267581474638755e-21,7.004650860889132e-21,8.560942935460331e-21,-3.279243937316179e-21,-2.647707579664497e-21,-3.173725419457747e-21,-3.509176019252053e-21,-2.771979077080059e-21,-2.7785833741199513e-21,-3.514239313841706e-21,-3.169143599489044e-21,-2.6464164544725258e-21,-3.2901052344054416e-21,1.0,1.0,1.0,1.0,1.0,1.0,1.0,1.0,1.0,1.0
127,5.821398599183055e-20,3.02281714537873e-42,0.0,2.2264298584313803e-20,0.0,6.165602136905319e-21,5.0854183372815786e-21,5.9849648142205786e-21,6.5584512992564496e-21,5.297920616604788e-21,5.309633689417367e-21,6.5672736086533016e-21,5.9767462965371106e-21,5.083518338073456e-21,6.184456854880603e-21,-2.3687790979301724e-21,-1.9220140820624246e-21,-2.2941131293502897e-21,-2.5313925401734394e-21,-2.0099229538685506e-21,-2.0146342985380672e-21,-2.5349887008938106e-21,-2.2908351781016443e-21,-1.921132522815676e-21,-2.3764860805797284e-21,1.0,1.0,1.0,1.0,1.0,1.0,1.0,1.0,1.0,1.0
128,4.210943445149164e-20,1.5125231975954155e-42,0.0,1.6104551540338918e-20,0.0,4.454441876765346e-21,3.690309344749379e-21,4.32663729967924e-21,4.732285750786475e-21,3.840626065348404e-21,3.8489785182451974e-21,4.738553718248549e-21,4.320763328679638e-21,3.689011333853739e-21,4.467827215135667e-21,-1.711160260139973e-21,-1.3951089925322e-21,-1.6583275145413383e-21,-1.8261655484699742e-21,-1.4572945512563846e-21,-1.4606551711721694e-21,-1.8287198904047524e-21,-1.6559829678574725e-21,-1.3945070042197165e-21,-1.7166296397449357e-21,1.0,1.0,1.0,1.0,1.0,1.0,1.0,1.0,1.0,1.0
129,3.046034712872153e-20,7.568188788031436e-43,0.0,1.16490873227701e-20,0.0,3.218290024212316e-21,2.6777378157568842e-21,3.127868137902512e-21,3.414797766688073e-21,2.784065728146599e-21,2.7900212689944715e-21,3.419251255591615e-21,3.123670702752031e-21,2.676850935499423e-21,3.2277934931776092e-21,-1.2361518525530303e-21,-1.0125715289924947e-21,-1.1987691617767282e-21,-1.3174879840984018e-21,-1.0565603372018047e-21,-1.0589572492507259e-21,-1.319302462656934e-21,-1.197092625927607e-21,-1.0121603983543166e-21,-1.240033721958058e-21,1.0,1.0,1.0,1.0,1.0,1.0,1.0,1.0,1.0,1.0
130,2.2034011931768053e-20,3.78688071641346e-43,0.0,8.426335196953481e-21,0.0,2.3252566087256296e-21,1.9428683031776654e-21,2.2612846972427065e-21,2.464239779700293e-21,2.0180797095181408e-21,2.02232584590685e-21,2.4674042583524666e-21,2.2582858493900865e-21,1.9422622433779967e-21,2.3320046363762178e-21,-8.930334154866862e-22,-7.348695125792187e-22,-8.665834406598056e-22,-9.505579869877802e-22,-7.65986018628458e-22,-7.676954230876214e-22,-9.518469972391487e-22,-8.653848533619445e-22,-7.345886921214261e-22,-8.957888568013914e-22,1.0,1.0,1.0,1.0,1.0,1.0,1.0,1.0,1.0,1.0
131,1.5938796685350053e-20,1.894833521309382e-43,0.0,6.095215246417999e-21,0.0,1.6800807960816496e-21,1.4095793272605636e-21,1.634822931113508e-21,1.7783796248059074e-21,1.4627799462556586e-21,1.4658070948364586e-21,1.7806283227006798e-21,1.6326807942786365e-21,1.4091651063792773e-21,1.6848727416377152e-21,-6.4517581264398e-22,-5.332889759171018e-22,-6.264617661291985e-22,-6.858601548943855e-22,-5.552997632624823e-22,-5.565187510703914e-22,-6.8677593565178705e-22,-6.2560505511145e-22,-5.330971369987193e-22,-6.471318947385027e-22,1.0,1.0,1.0,1.0,1.0,1.0,1.0,1.0,1.0,1.0
132,1.1529769571450364e-20,9.481133627559488e-44,0.0,4.409027113899692e-21,0.0,1.2139555067073742e-21,1.022603601465025e-21,1.1819379555034211e-21,1.2834800141127276e-21,1.0602346513935794e-21,1.0623926046778968e-21,1.285078048892089e-21,1.180408044407507e-21,1.0223204513346542e-21,1.217358692956089e-21,-4.661252893742755e-22,-3.8697572579553874e-22,-4.5288497561008685e-22,-4.948996106931798e-22,-4.0254529486207927e-22,-4.034144901585618e-22,-4.9555027380859075e-22,-4.522727498711294e-22,-3.868446550446232e-22,-4.67514048681626e-22,1.0,1.0,1.0,1.0,1.0,1.0,1.0,1.0,1.0,1.0
133,8.340436892147657e-21,4.744050021371804e-44,0.0,3.1893326793027066e-21,0.0,8.77179443182895e-22,7.418182555997634e-22,8.545292551655116e-22,9.263529098610782e-22,7.684360934360195e-22,7.699743196711016e-22,9.274886175455018e-22,8.534367712759798e-22,7.416246704105027e-22,8.795965559993033e-22,-3.3677606352447915e-22,-2.8078534586526153e-22,-3.274087003379094e-22,-3.5712710425164953e-22,-2.917985579575599e-22,-2.9241828500679524e-22,-3.575894313465871e-22,-3.2697127313152723e-22,-2.806957809241515e-22,-3.377621369567858e-22,1.0,1.0,1.0,1.0,1.0,1.0,1.0,1.0,1.0,1.0
134,6.033370291039066e-21,2.373766758438714e-44,0.0,2.3070666011085915e-21,0.0,6.33850666438124e-22,5.380973586472015e-22,6.178276057356081e-22,6.68630455573201e-22,5.5692500850587955e-22,5.580214098848275e-22,6.694376370879777e-22,6.170476010682143e-22,5.379649853279574e-22,6.355675627700742e-22,-2.43328776744771e-22,-2.037208969525619e-22,-2.367016494299036e-22,-2.577224542878771e-22,-2.1151108493013996e-22,-2.1195290978627413e-22,-2.580509804575241e-22,-2.3638917020776547e-22,-2.0365968508254525e-22,-2.4402899322922905e-22,1.0,1.0,1.0,1.0,1.0,1.0,1.0,1.0,1.0,1.0
135,4.364496001021063e-21,1.1877543469390131e-44,0.0,1.6688742900180013e-21,0.0,4.580343474023105e-22,3.902995651050382e-22,4.466996633280584e-22,4.826338407151793e-22,4.0361687343108835e-22,4.0439830574339293e-22,4.832075597615384e-22,4.461428419023597e-22,3.902090326670565e-22,4.592539709650416e-22,-1.7581631903581342e-22,-1.4779779354216334e-22,-1.711279424075497e-22,-1.8599661485802173e-22,-1.533081350747912e-22,-1.5362310414143454e-22,-1.8623007732643937e-22,-1.7090475916585459e-22,-1.4775595266090095e-22,-1.763135918050326e-22,1.0,1.0,1.0,1.0,1.0,1.0,1.0,1.0,1.0,1.0
136,3.1572654211446165e-21,5.943127147791234e-45,0.0,1.2072305798764469e-21,0.0,3.3099504559808233e-22,2.830804226937499e-22,3.229770847344179e-22,3.483942091414844e-22,2.9250005390332976e-22,2.9305696617080385e-22,3.488020116419599e-22,3.225796422055629e-22,2.8301849485509654e-22,3.3186149020012954e-22,-1.270393018042282e-22,-1.072191424112883e-22,-1.237225785936405e-22,-1.3423963157369494e-22,-1.1111681952775859e-22,-1.113413395725891e-22,-1.3440554811957848e-22,-1.235631996967968e-22,-1.0719053781195991e-22,-1.273924807649121e-22,1.0,1.0,1.0,1.0,1.0,1.0,1.0,1.0,1.0,1.0
137,2.283972633487828e-21,2.973741618392677e-45,0.0,8.732927876567888e-22,0.0,2.391977320149011e-22,2.053037303574447e-22,2.3352608362918097e-22,2.51504201129948e-22,2.11966404049226e-22,2.123632819987113e-22,2.5179408378070626e-22,2.3324243850584526e-22,2.0526136136134092e-22,2.398133166605239e-22,-9.179731358318122e-23,-7.777669233630521e-23,-8.945100110523695e-23,-9.689000801153642e-23,-8.053364985410375e-23,-8.069368417209256e-23,-9.700792786125366e-23,-8.933720369971764e-23,-7.775713349375562e-23,-9.204817353960564e-23,1.0,1.0,1.0,1.0,1.0,1.0,1.0,1.0,1.0,1.0
138,1.65224119149931e-21,1.4879600248376124e-45,0.0,6.317314419885185e-22,0.0,1.7286398020230103e-22,1.4888801455483764e-22,1.6885211998207154e-22,1.8156843049371822e-22,1.5360061345834951e-22,1.5388342883042307e-22,1.8177450083033375e-22,1.6864971478711187e-22,1.4885902152312227e-22,1.7330136683704105e-22,-6.633375181260006e-23,-5.641571580260705e-23,-6.467396364710943e-23,-6.993577063622976e-23,-5.836579059087649e-23,-5.847985316828825e-23,-7.001958295037252e-23,-6.459272371873339e-23,-5.640233983821865e-23,-6.651194982348285e-23,1.0,1.0,1.0,1.0,1.0,1.0,1.0,1.0,1.0,1.0
139,1.1952497999257273e-21,7.445247286976013e-46,0.0,4.569913915735826e-22,0.0,1.249291020544764e-22,1.079690215527963e-22,1.2209135502967391e-22,1.3108585780267864e-22,1.1130228614127484e-22,1.115038097576061e-22,1.312323548509583e-22,1.2194693881449452e-22,1.079491777445104e-22,1.2523989617725797e-22,-4.793487814782462e-23,-4.091899300204134e-23,-4.676076495239763e-23,-5.0482572691039597e-23,-4.2298327317074683e-23,-4.2379619072816976e-23,-5.054214597937545e-23,-4.6702775972617356e-23,-4.0909843778611864e-23,-4.806147065978309e-23,1.0,1.0,1.0,1.0,1.0,1.0,1.0,1.0,1.0,1.0
140,8.646623306519987e-22,3.7253478238339434e-46,0.0,3.305874692737286e-22,0.0,9.028885869731992e-23,7.829170286300645e-23,8.82816468907241e-23,9.464362746014324e-23,8.064933780204247e-23,8.079292865459998e-23,9.474777803023137e-23,8.817861759852303e-23,7.827811831646973e-23,9.050971433893846e-23,-3.464024335715648e-23,-2.967731868978985e-23,-3.380970813894981e-23,-3.64422303425354e-23,-3.065294833923236e-23,-3.071088110300613e-23,-3.6484576820726925e-23,-3.3768321215971486e-23,-2.9671059428040676e-23,-3.473018183831951e-23,1.0,1.0,1.0,1.0,1.0,1.0,1.0,1.0,1.0,1.0
141,6.255139001753558e-22,1.8640363288653035e-46,0.0,2.3914843047664302e-22,0.0,6.525531978350855e-23,5.676884496777953e-23,6.383559353102165e-23,6.833553303104677e-23,5.843640266066014e-23,5.853870991737818e-23,6.840958098848322e-23,6.376209844857947e-23,5.675954338486259e-23,6.541227346203564e-23,-2.503353891381137e-23,-2.1522857895226917e-23,-2.4446053359702445e-23,-2.6308094429096464e-23,-2.2212935141382324e-23,-2.22542187372218e-23,-2.6338197041748147e-23,-2.4416519149943563e-23,-2.1518574931607148e-23,-2.5097440876902826e-23,1.0,1.0,1.0,1.0,1.0,1.0,1.0,1.0,1.0,1.0
142,4.525117908191579e-22,9.326995494490648e-47,0.0,1.7300210935619786e-22,0.0,4.716378791340842e-23,4.1160695426026115e-23,4.615961583697909e-23,4.934249524773342e-23,4.23401542722599e-23,4.24130439201531e-23,4.939514331899625e-23,4.610719416271906e-23,4.115432507893646e-23,4.727533564194608e-23,-1.8091531870100135e-23,-1.5608149541753412e-23,-1.7675977694042568e-23,-1.8993037783313353e-23,-1.6096248388400243e-23,-1.6125665997225075e-23,-1.9014437669486975e-23,-1.7654904285860407e-23,-1.5605218305926127e-23,-1.8136937820089553e-23,1.0,1.0,1.0,1.0,1.0,1.0,1.0,1.0,1.0,1.0
143,3.2735975535676853e-22,4.666905618434081e-47,0.0,1.2515203546238939e-22,0.0,3.408883942277115e-23,2.984243389756849e-23,3.337860125177575e-23,3.5629898721309314e-23,3.067665736457127e-23,3.072858587680109e-23,3.5667332969751895e-23,3.334121424871679e-23,2.983807007750886e-23,3.416812152599391e-23,-1.307494849063727e-23,-1.131826152845763e-23,-1.2781014585203337e-23,-1.371259652642411e-23,-1.1663496907688633e-23,-1.1684458043352015e-23,-1.3727810349244352e-23,-1.2765979914002276e-23,-1.1316255001427604e-23,-1.3107214115952169e-23,1.0,1.0,1.0,1.0,1.0,1.0,1.0,1.0,1.0,1.0
144,2.3682256092230957e-22,2.335157248420961e-47,0.0,9.053719443445894e-23,0.0,2.4639184243763988e-23,2.1635414324506398e-23,2.4136850405033792e-23,2.5729223328411237e-23,2.2225452034234605e-23,2.2262445698657137e-23,2.5755841142323993e-23,2.411018859737647e-23,2.1632424324941582e-23,2.4695536823060353e-23,-9.44965517900716e-24,-8.207019573062092e-24,-9.241750846741959e-24,-9.900675392898077e-24,-8.451205330336664e-24,-8.466140178143952e-24,-9.911491827427901e-24,-9.231025651340318e-24,-8.205645752567277e-24,-9.472584702933558e-24,1.0,1.0,1.0,1.0,1.0,1.0,1.0,1.0,1.0,1.0
145,1.713259715083952e-22,1.1684311103471634e-47,0.0,6.549658941391437e-23,0.0,1.7809461932503783e-23,1.568469809177103e-23,1.745417959039428e-23,1.858048430501652e-23,1.6102023624064628e-23,1.6128376684826294e-23,1.8599411734208203e-23,1.7435167949166767e-23,1.5682648916658706e-23,1.7849518679784978e-23,-6.829722311260207e-24,-5.950716232735368e-24,-6.682670814639513e-24,-7.148739023394716e-24,-6.123428410169978e-24,-6.134069013830844e-24,-7.156429408115791e-24,-6.675020648209703e-24,-5.949775408282876e-24,-6.846018143275375e-24,1.0,1.0,1.0,1.0,1.0,1.0,1.0,1.0,1.0,1.0
146,1.2394403349240684e-22,5.846419386110444e-48,0.0,4.7381938015988354e-23,0.0,1.2873167848917683e-23,1.1370186767874341e-23,1.2621893721258684e-23,1.3418541317621452e-23,1.1665353921644278e-23,1.1684126233954294e-23,1.3432000734448766e-23,1.260833831540914e-23,1.1368782034707924e-23,1.290164259657027e-23,-4.9362940835861e-24,-4.314511323896689e-24,-4.832285869135596e-24,-5.161942987395067e-24,-4.43666970242035e-24,-4.444250450871999e-24,-5.1674109997594364e-24,-4.826829633757627e-24,-4.313866881950782e-24,-4.947876083214707e-24,1.0,1.0,1.0,1.0,1.0,1.0,1.0,1.0,1.0,1.0
147,8.966651445421536e-23,2.925342346332956e-48,0.0,3.427751903819146e-23,0.0,9.30529239379562e-24,8.242140685179295e-24,9.127581079849964e-24,9.691057623099621e-24,8.450906335688802e-24,8.464278084218624e-24,9.700629026769579e-24,9.117916787488582e-24,8.241177480401954e-24,9.325534957723325e-24,-3.5678754551220625e-24,-3.128046082695047e-24,-3.494312641408721e-24,-3.727483694521832e-24,-3.2144475859554755e-24,-3.2198481497356705e-24,-3.731371707679187e-24,-3.490421527920558e-24,-3.12760455430597e-24,-3.576107638846944e-24,1.0,1.0,1.0,1.0,1.0,1.0,1.0,1.0,1.0,1.0
148,6.486899082065507e-23,1.46373788436598e-48,0.0,2.47975236335603e-23,0.0,6.72642614168849e-24,5.974394896271176e-24,6.600743378951023e-24,6.99929510052977e-24,6.122049862943975e-24,6.131574381815878e-24,7.00610184158956e-24,6.593853781414719e-24,5.9737342686815134e-24,6.74081716676896e-24,-2.57886625210713e-24,-2.267745788908119e-24,-2.5268377008989403e-24,-2.691762522569852e-24,-2.328856472744827e-24,-2.3327037024027464e-24,-2.6945271851800187e-24,-2.524063006073862e-24,-2.267443211720441e-24,-2.5847177909543657e-24,1.0,1.0,1.0,1.0,1.0,1.0,1.0,1.0,1.0,1.0
149,4.692952266205019e-23,7.324024980292711e-49,0.0,1.7939468158604874e-23,0.0,4.8623733058084544e-24,4.330417591484204e-24,4.7734880201057106e-24,5.055386546587616e-24,4.434849961145884e-24,4.44163391636904e-24,5.0602273392770256e-24,4.7685768445074455e-24,4.329964369071287e-24,4.872604767693523e-24,-1.8640528358800348e-24,-1.6439773047869721e-24,-1.8272553588453123e-24,-1.9439085539421538e-24,-1.6871999017980907e-24,-1.6899404654468378e-24,-1.9458745023125345e-24,-1.8252769369072735e-24,-1.6437698996102264e-24,-1.868212399075437e-24,1.0,1.0,1.0,1.0,1.0,1.0,1.0,1.0,1.0,1.0
150,3.3951363940914996e-23,3.664681309041611e-49,0.0,1.2978158721135198e-23,0.0,3.51496977548258e-24,3.1386872463665534e-24,3.452109293110997e-24,3.651497837380581e-24,3.212549118856843e-24,3.2173809151233924e-24,3.654940598315493e-24,3.4486086618205655e-24,3.138376228034486e-24,3.522244266423502e-24,-1.3474035303258741e-24,-1.1917303451176508e-24,-1.3213787269947137e-24,-1.4038887092070344e-24,-1.2223008422890415e-24,-1.2242530012456472e-24,-1.4052867409615325e-24,-1.31996818268688e-24,-1.1915881410368014e-24,-1.3503605012700214e-24,1.0,1.0,1.0,1.0,1.0,1.0,1.0,1.0,1.0,1.0
151,2.4562375270380652e-23,1.8336756023436527e-49,0.0,9.388988670534341e-24,0.0,2.5409965733059593e-24,2.274831145673412e-24,2.4965416985098178e-24,2.6375702000703826e-24,2.327071203840436e-24,2.3305124883350366e-24,2.640018755082728e-24,2.4940466557896818e-24,2.2746176525371744e-24,2.5461688972360226e-24,-9.739732021766206e-25,-8.638561006931417e-25,-9.55567594601179e-25,-1.0139276373101989e-24,-8.854779150164066e-25,-8.868684267883556e-25,-1.0149218432327654e-24,-9.545620060308837e-25,-8.637585754973116e-25,-9.760753691874793e-25,1.0,1.0,1.0,1.0,1.0,1.0,1.0,1.0,1.0,1.0
152,1.7769921121756548e-23,9.17505553219622e-50,0.0,6.792454148624101e-24,0.0,1.836942520260618e-24,1.6486694185135641e-24,1.8055045082620824e-24,1.9052545035145003e-24,1.6856169302313186e-24,1.688067795544719e-24,1.906996009575836e-24,1.8037263039847907e-24,1.6485228270842781e-24,1.840620304784843e-24,-7.040540530453416e-25,-6.2616172715984785e-25,-6.910371902477356e-25,-7.323156965558823e-25,-6.414542736091174e-25,-6.424446927903177e-25,-7.330227455068919e-25,-6.903203518048909e-25,-6.260948254528963e-25,-7.055485924511799e-25,1.0,1.0,1.0,1.0,1.0,1.0,1.0,1.0,1.0,1.0
153,1.2855903221090496e-23,4.5908679602120405e-50,0.0,4.9140179006660535e-24,0.0,1.3279932767376332e-24,1.1948178847653193e-24,1.3057609502595313e-24,1.3763143896520633e-24,1.220949423874441e-24,1.2226948672857981e-24,1.377553048660688e-24,1.3044937109371523e-24,1.1947172000806318e-24,1.3306084688372376e-24,-5.089492435229846e-25,-4.538515337482448e-25,-4.997435580025511e-25,-5.28940113862437e-25,-4.646675063568777e-25,-4.653729282589208e-25,-5.294429609151481e-25,-4.992325930476385e-25,-4.538056270036463e-25,-5.100118359476053e-25,1.0,1.0,1.0,1.0,1.0,1.0,1.0,1.0,1.0,1.0
154,9.300827758200193e-24,2.2971048149522126e-50,0.0,3.555075462890304e-24,0.0,9.600742658726681e-25,8.65872555035102e-25,9.443522205585814e-25,9.942547800034403e-25,8.843543044600353e-25,8.855973301186221e-25,9.951358080513779e-25,9.434491739387727e-25,8.658033796026466e-25,9.619339405589464e-25,-3.6791901086496505e-25,-3.289453297302173e-25,-3.6140872970095e-25,-3.8205960964862295e-25,-3.365951194144056e-25,-3.3709753716717604e-25,-3.824172406093101e-25,-3.6104453699837947e-25,-3.2891382047798514e-25,-3.6867452827829116e-25,1.0,1.0,1.0,1.0,1.0,1.0,1.0,1.0,1.0,1.0
155,6.72887529007573e-24,1.149388203861972e-50,0.0,2.571952468124463e-24,0.0,6.941003276117109e-25,6.274668125476005e-25,6.82982303519464e-25,7.18278408784287e-25,6.405381341738424e-25,6.41423337252136e-25,7.189050781389124e-25,6.823388200421611e-25,6.274192705462095e-25,6.954227974594061e-25,-2.659739382609572e-25,-2.3840574248750144e-25,-2.613699170391174e-25,-2.7597637121915335e-25,-2.4381617028619296e-25,-2.441739928664861e-25,-2.7623072991246554e-25,-2.611103538966116e-25,-2.383841090564372e-25,-2.6651114309954036e-25,1.0,1.0,1.0,1.0,1.0,1.0,1.0,1.0,1.0,1.0
156,4.868163831915987e-24,5.751121944675664e-51,0.0,1.8607114581597427e-24,0.0,5.018199994262832e-25,4.546869205598127e-25,4.939578599189593e-25,5.189227751416528e-25,4.639316519740152e-25,4.645620207990286e-25,5.193685314623292e-25,4.934993577138689e-25,4.546542359254231e-25,5.02760478994614e-25,-1.9228032818542772e-25,-1.7277989198778782e-25,-1.8902444360050463e-25,-1.993556336426342e-25,-1.766064821998272e-25,-1.7686131645310744e-25,-1.9953654667658315e-25,-1.8883946232829225e-25,-1.727650346207864e-25,-1.9266231846479202e-25,1.0,1.0,1.0,1.0,1.0,1.0,1.0,1.0,1.0,1.0
157,3.5220026561161475e-24,2.8776524302250637e-51,0.0,1.3461611757998397e-24,0.0,3.628121382098659e-25,3.2947271566625e-25,3.572524738187104e-25,3.7491011790946914e-25,3.3601105576968015e-25,3.3645994170102292e-25,3.752271961828338e-25,3.569257932468387e-25,3.294502378621506e-25,3.6348098574932556e-25,-1.3900786121641728e-25,-1.2521420489356273e-25,-1.367053861002489e-25,-1.4401265723218362e-25,-1.2792059620433506e-25,-1.2810207909800565e-25,-1.441413352794954e-25,-1.3657356446703018e-25,-1.2520399806327252e-25,-1.3927949324528848e-25,1.0,1.0,1.0,1.0,1.0,1.0,1.0,1.0,1.0,1.0
158,2.5480967890739107e-24,1.4398724530049757e-51,0.0,9.739058670422364e-25,0.0,2.623152934406521e-25,2.3873281004242933e-25,2.583838573090765e-25,2.708730620402735e-25,2.4335703724690113e-25,2.436766816940173e-25,2.710986131603876e-25,2.581511103391163e-25,2.3871734640374513e-25,2.627909773973119e-25,-1.0049684476921379e-25,-9.073990562382065e-26,-9.886861650963391e-26,-1.0403705586919564e-25,-9.265401852277904e-26,-9.27832600070056e-26,-1.0412858302244623e-25,-9.877468290772241e-26,-9.073289145840547e-26,-1.0069000835201365e-25,1.0,1.0,1.0,1.0,1.0,1.0,1.0,1.0,1.0,1.0
159,1.843503093464783e-24,7.204596054060722e-52,0.0,7.04593695609128e-25,0.0,1.8965889317595371e-25,1.7297796452572572e-25,1.8687886748851169e-25,1.9571243601318276e-25,1.7624842799925252e-25,1.7647603659762198e-25,1.9587288339798716e-25,1.867130522012107e-25,1.7296732259234689e-25,1.8999720947298973e-25,-7.26564002646984e-26,-6.57548455167036e-26,-7.150498982056482e-26,-7.516062602709073e-26,-6.710860924764861e-26,-6.720064509639533e-26,-7.522572976240043e-26,-7.143805813790558e-26,-6.575002381139824e-26,-7.279376792432219e-26,1.0,1.0,1.0,1.0,1.0,1.0,1.0,1.0,1.0,1.0
160,1.3337471098600968e-24,3.604916247835335e-52,0.0,5.097559836046861e-25,0.0,1.3712935996030436e-25,1.2533022531204558e-25,1.3516355040648672e-25,1.4141149197891367e-25,1.2764323768550917e-25,1.2780530704059153e-25,1.4152562967040068e-25,1.3504542432121421e-25,1.2532289902622275e-25,1.3736998445840808e-25,-5.252953321564934e-26,-4.7647739213680146e-26,-5.171531708202498e-26,-5.43009440342691e-26,-4.8605190313743353e-26,-4.867072955703047e-26,-5.434725372758648e-26,-5.16676278799965e-26,-4.764442356612414e-26,-5.262722501458165e-26,1.0,1.0,1.0,1.0,1.0,1.0,1.0,1.0,1.0,1.0
161,9.64949855024624e-25,1.803767910274555e-52,0.0,3.6879725483547266e-25,0.0,9.915055872382658e-26,9.080453998258684e-26,9.776051253708521e-26,1.0217964606866246e-25,9.244039629558733e-26,9.255579588796773e-26,1.0226084194305112e-25,9.767636360023461e-26,9.079949447246395e-26,9.932170551315826e-26,-3.797880123647778e-26,-3.4525685329458743e-26,-3.740303786940151e-26,-3.923184591025121e-26,-3.5202841389921844e-26,-3.52495111526238e-26,-3.926478772734956e-26,-3.73690607209796e-26,-3.452340455375879e-26,-3.8048278945249826e-26,1.0,1.0,1.0,1.0,1.0,1.0,1.0,1.0,1.0,1.0
162,6.981320816057926e-25,9.025391924873744e-53,0.0,2.6681777341883136e-25,0.0,7.169142417703823e-26,6.578794766079391e-26,7.070851751087183e-26,7.383414116896757e-26,6.694488790287754e-26,6.702705522853776e-26,7.389190379669386e-26,7.064857514791827e-26,6.578447159815785e-26,7.181315741393585e-26,-2.745913454678834e-26,-2.5016592321792925e-26,-2.705199502621338e-26,-2.8345504899694886e-26,-2.5495508392709786e-26,-2.552874065942997e-26,-2.836893814635726e-26,-2.702778845231634e-26,-2.5015022874306097e-26,-2.750854809922241e-26,1.0,1.0,1.0,1.0,1.0,1.0,1.0,1.0,1.0,1.0
163,5.050937649934853e-25,4.515973900004456e-53,0.0,1.9303831661230728e-25,0.0,5.183778350157464e-26,4.766202254259712e-26,5.114277408251112e-26,5.335350380006896e-26,4.8480252363552444e-26,4.85387564085922e-26,5.339459678575378e-26,5.1100076599355464e-26,4.7659626829899656e-26,5.192437207957998e-26,-1.9853640675463588e-26,-1.812592511819679e-26,-1.956574342836071e-26,-2.0480637368898615e-26,-1.8464635539325095e-26,-1.8488298819945555e-26,-2.0497307010940078e-26,-1.95484985485628e-26,-1.81248447682582e-26,-1.9888785334355866e-26,1.0,1.0,1.0,1.0,1.0,1.0,1.0,1.0,1.0,1.0
164,3.6543315328947557e-25,2.2596268086871907e-53,0.0,1.396606117040098e-25,0.0,3.7482855096055495e-26,3.452917985339799e-26,3.6991421825054746e-26,3.855505192954816e-26,3.510785963584443e-26,3.5149514416019e-26,3.858428644610663e-26,3.6961009149071896e-26,3.4527528082560593e-26,3.754444685581665e-26,-1.4354928405519143e-26,-1.3132842689199133e-26,-1.4151352257456374e-26,-1.4798451870520795e-26,-1.3372392727708013e-26,-1.3389241992573204e-26,-1.481031033964715e-26,-1.4139067450283568e-26,-1.3132098747339066e-26,-1.4379925223763337e-26,1.0,1.0,1.0,1.0,1.0,1.0,1.0,1.0,1.0,1.0
165,2.64390213456987e-25,1.1306337856491734e-53,0.0,1.0104293983248863e-25,0.0,2.710352535705986e-26,2.5014281194294257e-26,2.6756042032462846e-26,2.7861982664955404e-26,2.5423541826420974e-26,2.5453199449246172e-26,2.7882781130783964e-26,2.6734380376559806e-26,2.501314189979793e-26,2.7147337525405746e-26,-1.0379329738995635e-26,-9.514898659103732e-27,-1.0235379792591897e-26,-1.0693069264592757e-26,-9.684317809423454e-27,-9.696314966772829e-27,-1.0701505315322664e-26,-1.0226628772512093e-26,-9.514386182762662e-27,-1.0397109330410907e-26,1.0,1.0,1.0,1.0,1.0,1.0,1.0,1.0,1.0,1.0
166,1.912864750988941e-25,5.657273128528664e-54,0.0,7.310373835809287e-26,0.0,1.9598626572068287e-26,1.8120828789844683e-26,1.935293004660274e-26,2.013515025071931e-26,1.8410269964115008e-26,1.843138543069778e-26,2.0149947246921748e-26,1.9337501890920505e-26,1.812004265597647e-26,1.9629792251027567e-26,-7.504898784991576e-27,-6.893452404449573e-27,-7.403111985860106e-27,-7.726832414236093e-27,-7.013271862305968e-27,-7.021814018548392e-27,-7.732833883862216e-27,-7.3968784856393e-27,-6.893099243821462e-27,-7.51754527437818e-27,1.0,1.0,1.0,1.0,1.0,1.0,1.0,1.0,1.0,1.0
167,1.3839633185319919e-25,2.830689827713481e-54,0.0,5.289014324569491e-26,0.0,1.417203080820704e-26,1.3126732618698475e-26,1.3998306824260656e-26,1.4551562240211215e-26,1.3331433331468095e-26,1.3346466765035992e-26,1.4562089671694715e-26,1.3987318730247134e-26,1.3126189950472124e-26,1.4194200912903744e-26,-5.4265957638612465e-27,-4.994096171146209e-27,-5.354623222342085e-27,-5.583588010508095e-27,-5.078836632646913e-27,-5.084918665661788e-27,-5.587857575227033e-27,-5.350183160673371e-27,-4.9938527055043464e-27,-5.4355913381238236e-27,1.0,1.0,1.0,1.0,1.0,1.0,1.0,1.0,1.0,1.0
168,1.0013047789532228e-25,1.4163721351912453e-54,0.0,3.8265853957876917e-26,0.0,1.0248138698406205e-26,9.508763674079711e-27,1.0125305334772854e-26,1.0516616063103088e-26,9.65353319024045e-27,9.664236279026977e-27,1.0524105990679551e-26,1.0117479740333035e-26,9.508388914581051e-27,1.026391001009935e-26,-3.923892109800836e-27,-3.617968944618764e-27,-3.8730014894878015e-27,-4.034946177108127e-27,-3.677900141227644e-27,-3.6822304860090136e-27,-4.037983681015164e-27,-3.869838989914098e-27,-3.617801035891072e-27,-3.930290902804394e-27,1.0,1.0,1.0,1.0,1.0,1.0,1.0,1.0,1.0,1.0
169,7.2445157621689e-26,7.08699976921421e-55,0.0,2.7685320273633273e-26,0.0,7.410785157391212e-27,6.887800727116013e-27,7.323935364980547e-27,7.600704258481224e-27,6.99018509103346e-27,6.997805070394608e-27,7.606033174680957e-27,7.318362230568441e-27,6.887541813933088e-27,7.422004733109452e-27,-2.837353541014993e-27,-2.620962946963698e-27,-2.8013699697923065e-27,-2.9159118046218644e-27,-2.6633480992069904e-27,-2.666431208632369e-27,-2.918072815998595e-27,-2.7991175097645945e-27,-2.6208471006479645e-27,-2.841905276989897e-27,1.0,1.0,1.0,1.0,1.0,1.0,1.0,1.0,1.0,1.0
170,5.241477999051931e-26,3.546070943199057e-55,0.0,2.0030377631169684e-26,0.0,5.35907260040668e-27,4.989148894707187e-27,5.2976657002889426e-27,5.493420422514369e-27,5.061557288768206e-27,5.0669821976586954e-27,5.497211878292304e-27,5.293696806518478e-27,4.988969940578847e-27,5.3670542607856065e-27,-2.0517125569845325e-27,-1.898651832408826e-27,-2.0262696646916047e-27,-2.107283835966855e-27,-1.928627802265254e-27,-1.9308228727359128e-27,-2.1088212963886522e-27,-2.024665424049963e-27,-1.8985718733542406e-27,-2.0549504723238454e-27,1.0,1.0,1.0,1.0,1.0,1.0,1.0,1.0,1.0,1.0
171,3.7922719675066196e-26,1.774321765925045e-55,0.0,1.449206031545312e-26,0.0,3.8754408878098844e-27,3.613782295985178e-27,3.832023710637515e-27,3.970478081317055e-27,3.664990904919687e-27,3.668853021179813e-27,3.973175688407309e-27,3.829197348865304e-27,3.613658553739823e-27,3.881119182204625e-27,-1.4836317125967955e-27,-1.375366598722009e-27,-1.4656419896514273e-27,-1.5229423411973134e-27,-1.396566383848519e-27,-1.3981291764788823e-27,-1.5240361898849947e-27,-1.4644994576531741e-27,-1.3753113868390234e-27,-1.4859350785809813e-27,1.0,1.0,1.0,1.0,1.0,1.0,1.0,1.0,1.0,1.0
172,2.7437621341132616e-26,8.878044170262167e-56,0.0,1.0485098333933577e-26,0.0,2.8025832665305575e-27,2.6175042071985263e-27,2.771885832093664e-27,2.869812403683001e-27,2.653719820455155e-27,2.656469314105981e-27,2.8717317651081863e-27,2.7698731514939633e-27,2.6174186048815024e-27,2.80662297558208e-27,-1.072857621279327e-27,-9.962780887866517e-28,-1.0601378785438513e-27,-1.100665677634054e-27,-1.0112710844645318e-27,-1.012383707073832e-27,-1.101443923299123e-27,-1.0593241973713403e-27,-9.962399488583208e-28,-1.0744962066225453e-27,1.0,1.0,1.0,1.0,1.0,1.0,1.0,1.0,1.0,1.0
173,1.985156207827682e-26,4.442241711222987e-56,0.0,7.586059262855796e-27,0.0,2.0267572645433946e-27,1.8958453944641416e-27,2.0050533171168915e-27,2.0743151360529017e-27,1.921457632413417e-27,1.9234150109228568e-27,2.0756807878486926e-27,2.0036201022712874e-27,1.8957861501443925e-27,2.0296312824988448e-27,-7.758260019871628e-28,-7.216588127343848e-28,-7.668325149767728e-28,-7.954972676300993e-28,-7.322621880417381e-28,-7.3305430318312435e-28,-7.960509772594939e-28,-7.6625304922267595e-28,-7.2163245473710995e-28,-7.769916930832352e-28,1.0,1.0,1.0,1.0,1.0,1.0,1.0,1.0,1.0,1.0
174,1.4362965978717503e-26,2.222731656860598e-56,0.0,5.488596099559317e-27,0.0,1.4657187225038649e-27,1.3731210134794674e-27,1.4503735565306568e-27,1.499361217353721e-27,1.391234332965006e-27,1.3926277844412004e-27,1.5003329082605513e-27,1.449352998900258e-27,1.373079992705051e-27,1.4677634515777264e-27,-5.6103854203952965e-28,-5.227243809846741e-28,-5.5467976058623465e-28,-5.749539186991808e-28,-5.30223299448411e-28,-5.307872264816564e-28,-5.7534787958814125e-28,-5.542671033710294e-28,-5.2270615743934155e-28,-5.618678309211184e-28,1.0,1.0,1.0,1.0,1.0,1.0,1.0,1.0,1.0,1.0
175,1.0391895427166514e-26,1.1121717281619667e-56,0.0,3.97107055155099e-27,0.0,1.059998121041132e-27,9.945011915960351e-28,1.0491488458982692e-27,1.0837969107110875e-27,1.0073111410794479e-27,1.0083031236404093e-27,1.0844882974355498e-27,1.048422147808882e-27,9.94472775850449e-28,1.0614528721052512e-27,-4.057206014627328e-28,-3.7861982188343223e-28,-4.012247106323876e-28,-4.155643066426334e-28,-3.839231918855582e-28,-3.8432466080079108e-28,-4.158446108250014e-28,-4.0093085109137597e-28,-3.786072168546019e-28,-4.063105794724752e-28,1.0,1.0,1.0,1.0,1.0,1.0,1.0,1.0,1.0,1.0
176,7.518765980059799e-27,5.564890659298341e-57,0.0,2.8731294471067135e-27,0.0,7.665932669490902e-28,7.202655249335722e-28,7.589227226186084e-28,7.834286272705443e-28,7.293248460023277e-28,7.300310197726378e-28,7.839205744555482e-28,7.584052812104526e-28,7.202458318245324e-28,7.676282850224859e-28,-2.934048540920418e-28,-2.7423566666246295e-28,-2.9022612327966083e-28,-3.0036828344054324e-28,-2.7798629507712014e-28,-2.782721038677716e-28,-3.0056772298000164e-28,-2.900168665984294e-28,-2.7422694402591657e-28,-2.938245870827652e-28,1.0,1.0,1.0,1.0,1.0,1.0,1.0,1.0,1.0,1.0
177,5.440007587964387e-27,2.7844626106038117e-57,0.0,2.0787583920954132e-27,0.0,5.544089529347281e-28,5.216401307320293e-28,5.489858477693985e-28,5.663183783475513e-28,5.280469543019116e-28,5.285496610105802e-28,5.6666842044991705e-28,5.4861741399982955e-28,5.216264763720861e-28,5.551453520463552e-28,-2.121843140143621e-28,-1.9862539420154296e-28,-2.099368748492099e-28,-2.17110248922993e-28,-2.0127789170041616e-28,-2.0148135876205756e-28,-2.1725215400563113e-28,-2.0978786721062305e-28,-1.9861935545244635e-28,-2.124829329761307e-28,1.0,1.0,1.0,1.0,1.0,1.0,1.0,1.0,1.0,1.0
178,3.935986096557279e-27,1.3932405873630576e-57,0.0,1.5040214914071086e-27,0.0,4.0095966395355734e-28,3.7778144580029847e-28,3.9712553866092282e-28,4.093844722896531e-28,3.823123905762729e-28,3.826702508755543e-28,4.096335450702769e-28,3.9686320793662956e-28,3.7777197401439058e-28,4.014836073797222e-28,-1.5344928898117074e-28,-1.4385868493173078e-28,-1.5186030910847571e-28,-1.5693390605789826e-28,-1.457345637256387e-28,-1.4587941013502584e-28,-1.570348753796401e-28,-1.517542060632e-28,-1.4385450235769552e-28,-1.5366174466663298e-28,1.0,1.0,1.0,1.0,1.0,1.0,1.0,1.0,1.0,1.0
179,2.847794805000477e-27,6.971252582872135e-58,0.0,1.0881912915568014e-27,0.0,2.899854719485948e-28,2.7359094893336435e-28,2.872747744446993e-28,2.9594524961605835e-28,2.767952526740861e-28,2.770499992067497e-28,2.9612247921941257e-28,2.870879942856996e-28,2.735843754234841e-28,2.90358259248328e-28,-1.1097419200496255e-28,-1.0419049686693412e-28,-1.0985076421622353e-28,-1.1343922267359476e-28,-1.0551713790218678e-28,-1.0562025166880466e-28,-1.1351106585086437e-28,-1.0977521365093e-28,-1.0418759859090648e-28,-1.111253481313942e-28,1.0,1.0,1.0,1.0,1.0,1.0,1.0,1.0,1.0,1.0
180,2.060463352262022e-27,3.488152745866496e-58,0.0,7.87331452738455e-28,0.0,2.097281818242366e-28,1.9813194542307306e-28,2.0781175457282817e-28,2.139441844939249e-28,2.0039803722487093e-28,2.005793795314396e-28,2.1407029466305175e-28,2.0767876899817134e-28,1.9812738117791962e-28,2.0999342435250583e-28,-8.025729012435819e-29,-7.545900351029129e-29,-7.946301987187115e-29,-8.200106512213345e-29,-7.639721544921516e-29,-7.64706196753101e-29,-8.205218455636082e-29,-7.940922528752827e-29,-7.545699424556446e-29,-8.03648348958222e-29,1.0,1.0,1.0,1.0,1.0,1.0,1.0,1.0,1.0,1.0
181,1.490809443366534e-27,1.745340422425744e-58,0.0,5.696539088954876e-28,0.0,1.5168485905995295e-28,1.4348257361766444e-28,1.5032998106067117e-28,1.546673042276067e-28,1.4508515557254413e-28,1.452142436840001e-28,1.5475704042025266e-28,1.5023529830691574e-28,1.4347940297068074e-28,1.5187358444624557e-28,-5.804332276428365e-29,-5.464937180540862e-29,-5.748177351215699e-29,-5.927688026631821e-29,-5.531288165232681e-29,-5.536513584743948e-29,-5.931325424279909e-29,-5.744347069125559e-29,-5.464797820723889e-29,-5.811983990626025e-29,1.0,1.0,1.0,1.0,1.0,1.0,1.0,1.0,1.0,1.0
182,1.0786496129274625e-27,8.733026502961842e-59,0.0,4.121598304390716e-28,0.0,1.0970652466689762e-28,1.0390486498705224e-28,1.08748658891583e-28,1.1181634179353028e-28,1.050382094649346e-28,1.0513009978723412e-28,1.1188019588165447e-28,1.0868124799466023e-28,1.0390266137569798e-28,1.0984080808421804e-28,-4.197833439305533e-29,-3.9577708630612205e-29,-4.1581322169088166e-29,-4.285096243407643e-29,-4.004694610760955e-29,-4.008414389676598e-29,-4.2876844538598193e-29,-4.1554050312255504e-29,-3.9576741594982755e-29,-4.2032776362027545e-29,1.0,1.0,1.0,1.0,1.0,1.0,1.0,1.0,1.0,1.0
183,7.80440219570257e-28,4.369677534144295e-59,0.0,2.9820939335720557e-28,0.0,7.934642511562554e-29,7.524278580167856e-29,7.866924254164131e-29,8.083893734181476e-29,7.604428402335778e-29,7.610969488492198e-29,8.088437470985496e-29,7.862124903072316e-29,7.524125354684942e-29,7.944197257378955e-29,-3.0360099551272077e-29,-2.8662079185373686e-29,-3.0079416349941677e-29,-3.097740445171552e-29,-2.8993925441576813e-29,-2.9020404902312134e-29,-3.099582117179951e-29,-3.0059998963937065e-29,-2.8661407828848564e-29,-3.0398835510428485e-29,1.0,1.0,1.0,1.0,1.0,1.0,1.0,1.0,1.0,1.0
184,5.646766951635858e-28,2.1864219596013725e-59,0.0,2.157635244066712e-28,0.0,5.738876168093794e-29,5.448617176240707e-29,5.691001741931671e-29,5.84445861048973e-29,5.505298782359415e-29,5.509954929286257e-29,5.847691872344175e-29,5.687584872165042e-29,5.448510581349686e-29,5.745674782098107e-29,-2.195766343468761e-29,-2.0756614039271487e-29,-2.17592251223246e-29,-2.2394351236917463e-29,-2.0991296199763635e-29,-2.1010145592059414e-29,-2.2407455986413217e-29,-2.174540030907274e-29,-2.0756147733352563e-29,-2.1985224752808477e-29,1.0,1.0,1.0,1.0,1.0,1.0,1.0,1.0,1.0,1.0
185,4.085648834085838e-28,1.0940031053519951e-59,0.0,1.5611181175500203e-28,0.0,4.150790614555785e-29,3.9454845588457064e-29,4.1169453343058804e-29,4.2254812610460597e-29,3.985569448785105e-29,3.988883813781688e-29,4.2277820231115665e-29,4.1145127488599123e-29,3.9454103678016047e-29,4.155628169765072e-29,-1.588085553538009e-29,-1.5031326173950005e-29,-1.5740564076257907e-29,-1.6189773494436702e-29,-1.5197293335743094e-29,-1.5210711155045688e-29,-1.6199098492326083e-29,-1.57307212330513e-29,-1.503100213548081e-29,-1.5900466123330355e-29,1.0,1.0,1.0,1.0,1.0,1.0,1.0,1.0,1.0,1.0
186,2.9561273246175614e-28,5.473978818914071e-60,0.0,1.1295215094682765e-28,0.0,3.0021969907101584e-29,2.8569800042413613e-29,2.9782699269450966e-29,3.0550343891562583e-29,2.885327729431962e-29,2.887686963195125e-29,3.0566716034489456e-29,2.9765381106266807e-29,2.856928341626248e-29,3.0056391867937766e-29,-1.1485936238456266e-29,-1.088504554604345e-29,-1.1386754073607838e-29,-1.1704468718898012e-29,-1.1002417193531434e-29,-1.1011968505865631e-29,-1.1711104196626207e-29,-1.1379746382332316e-29,-1.0884820261753572e-29,-1.149988982971295e-29,1.0,1.0,1.0,1.0,1.0,1.0,1.0,1.0,1.0,1.0
187,2.138878640487276e-28,2.738972396486811e-60,0.0,8.17248684130285e-29,0.0,2.1714600164018117e-29,2.0687453000726969e-29,2.1545448026331075e-29,2.208838124277021e-29,2.0887925456528482e-29,2.0904718860179335e-29,2.2100031679684291e-29,2.153311896943876e-29,2.068709307656178e-29,2.1739093572488597e-29,-8.307369743083466e-30,-7.882347041686643e-30,-8.237251243119891e-30,-8.461962648792372e-30,-7.965351837791136e-30,-7.972150771771916e-30,-8.466684354805166e-30,-8.232262136828045e-30,-7.882190339700698e-30,-8.31729829544917e-30,1.0,1.0,1.0,1.0,1.0,1.0,1.0,1.0,1.0,1.0
188,1.5475690605556738e-28,1.3704783665022224e-60,0.0,5.913095799316023e-29,0.0,1.5706111949456938e-29,1.4979592041671304e-29,1.5586530890331786e-29,1.5970531684773626e-29,1.5121363952233412e-29,1.5133317689660438e-29,1.5978822202371708e-29,1.557775376217118e-29,1.497934116802048e-29,1.572354071487651e-29,-6.00848821456118e-30,-5.7078609590556656e-30,-5.9589171359992885e-30,-6.117849557996583e-30,-5.76656150429507e-30,-5.771401170518897e-30,-6.121209477312585e-30,-5.95536520726758e-30,-5.707751908541298e-30,-6.0155528576120886e-30,1.0,1.0,1.0,1.0,1.0,1.0,1.0,1.0,1.0,1.0
189,1.1197338344599384e-28,6.857356068338087e-61,0.0,4.278352260957354e-29,0.0,1.1360296060987929e-29,1.0846415759118401e-29,1.127575958292184e-29,1.1547351815255863e-29,1.0946675058385828e-29,1.0955183813934295e-29,1.1553251430818601e-29,1.1269511168664283e-29,1.0846240811503923e-29,1.137269794440288e-29,-4.345815888469009e-30,-4.1331762825529035e-30,-4.3107713074099456e-30,-4.423179869517762e-30,-4.1746888938475846e-30,-4.178133875726144e-30,-4.4255707715531066e-30,-4.308242593506897e-30,-4.133100356516557e-30,-4.350842770473628e-30,1.0,1.0,1.0,1.0,1.0,1.0,1.0,1.0,1.0,1.0
190,8.101779369290783e-29,3.431161859504154e-61,0.0,3.0955589753086006e-29,0.0,8.217025434412934e-30,7.853549190615115e-30,8.157263756610284e-30,8.349352572646753e-30,7.924451133310004e-30,7.930507690790143e-30,8.353550822725742e-30,8.152815578092906e-30,7.853427131774355e-30,8.225850381929604e-30,-3.1432706265749947e-30,-2.992866568503286e-30,-3.1184958263115563e-30,-3.19799924260911e-30,-3.0222239250758243e-30,-3.0246761231441515e-30,-3.19970060809286e-30,-3.1166955905713778e-30,-2.9928136797295683e-30,-3.146847562473277e-30,1.0,1.0,1.0,1.0,1.0,1.0,1.0,1.0,1.0,1.0
191,5.862014012322243e-29,1.716823701087489e-61,0.0,2.239765356968542e-29,0.0,5.943517509478745e-30,5.686424831986036e-30,5.9012702721163454e-30,6.037128620059282e-30,5.736565556778151e-30,5.740876608254108e-30,6.0401161709896136e-30,5.898103696685414e-30,5.686339632335662e-30,5.949797224539066e-30,-2.2735079249341894e-30,-2.1671243586290796e-30,-2.2559934844939386e-30,-2.3122239525874708e-30,-2.1878855765318526e-30,-2.1896310825360352e-30,-2.3134346517361283e-30,-2.2547118814074918e-30,-2.1670874994386925e-30,-2.2760531573905374e-30,1.0,1.0,1.0,1.0,1.0,1.0,1.0,1.0,1.0,1.0
192,4.241447570863231e-29,8.590336679661276e-62,0.0,1.620566441459011e-29,0.0,4.299087754177681e-30,4.1172420676917236e-30,4.269222186573579e-30,4.365310394669799e-30,4.152700708766169e-30,4.155769294384833e-30,4.36743640147726e-30,4.266967984159044e-30,4.117182568281248e-30,4.303556348450975e-30,-1.6444297553010638e-30,-1.569182764294312e-30,-1.6320480855427658e-30,-1.6718182253894826e-30,-1.583864848011982e-30,-1.585107313869275e-30,-1.6726797695123536e-30,-1.63113571252637e-30,-1.5691570640544144e-30,-1.6462408760880907e-30,1.0,1.0,1.0,1.0,1.0,1.0,1.0,1.0,1.0,1.0
193,3.068895824712912e-29,4.298279597542957e-62,0.0,1.1725517461503193e-29,0.0,3.1096595103640743e-30,2.9810373126292666e-30,3.0885469852731097e-30,3.156506986306094e-30,3.0061129845916383e-30,3.0082971777977847e-30,3.158019907155933e-30,3.0869422935033617e-30,2.9809957414325776e-30,3.1128393480752788e-30,-1.1894282438136065e-30,-1.136204755062457e-30,-1.1806752013004695e-30,-1.2088034083637047e-30,-1.1465877241745307e-30,-1.1474721165870484e-30,-1.2094164943213275e-30,-1.180025690655682e-30,-1.1361868268486702e-30,-1.1907170003756962e-30,1.0,1.0,1.0,1.0,1.0,1.0,1.0,1.0,1.0,1.0
194,2.220500956055064e-29,2.1506965187087814e-62,0.0,8.48394868657848e-30,0.0,2.249329355056955e-30,2.1583530113001285e-30,2.2344046226788636e-30,2.282470422908414e-30,2.176086006164727e-30,2.177640688709366e-30,2.2835470613863977e-30,2.2332623069122465e-30,2.1583239526152156e-30,2.2515921328183253e-30,-8.603301553071194e-31,-8.22684301329138e-31,-8.54142362594246e-31,-8.740365633976802e-31,-8.300269784269112e-31,-8.30656489088419e-31,-8.744728457695351e-31,-8.536799865911152e-31,-8.226717888173621e-31,-8.612472152569535e-31,1.0,1.0,1.0,1.0,1.0,1.0,1.0,1.0,1.0,1.0
195,1.606647269141594e-29,1.0761271676905978e-62,0.0,6.138536869134702e-30,0.0,1.627034892556562e-30,1.5626860606890474e-30,1.6164844685619767e-30,1.6504797386828922e-30,1.5752264383816876e-30,1.5763330375699925e-30,1.6512459095410327e-30,1.6156713072090975e-30,1.5626657389287239e-30,1.628645099294925e-30,-6.222944625003931e-31,-5.956669506110812e-31,-6.1792015411688675e-31,-6.319906842255218e-31,-6.008595677830395e-31,-6.013076511393734e-31,-6.323011518453652e-31,-6.17590999703149e-31,-5.956582136864918e-31,-6.229470335234004e-31,1.0,1.0,1.0,1.0,1.0,1.0,1.0,1.0,1.0,1.0
196,1.1624943651419056e-29,5.3845331358028e-63,0.0,4.441529039996881e-30,0.0,1.1769125864678662e-30,1.1313978014247012e-30,1.1694544508025583e-30,1.1934980973657078e-30,1.1402660563500028e-30,1.141053713124753e-30,1.194043331855171e-30,1.1688756042188998e-30,1.1313835831521212e-30,1.1780584266572755e-30,-4.501223060886958e-31,-4.3128825926434615e-31,-4.4703001775941845e-31,-4.569816413171845e-31,-4.349603820316847e-31,-4.352793244452394e-31,-4.572025776858616e-31,-4.467957029901978e-31,-4.312821557766027e-31,-4.505866726376494e-31,1.0,1.0,1.0,1.0,1.0,1.0,1.0,1.0,1.0,1.0
197,8.411276251245398e-30,2.6942166011807385e-63,0.0,3.213667400173659e-30,0.0,8.513242345948635e-31,8.191310478580263e-31,8.460520857073014e-31,8.630572837694883e-31,8.254024514032761e-31,8.259630884619608e-31,8.63445293741563e-31,8.456400388833532e-31,8.191210953960913e-31,8.52139631429474e-31,-3.255883518730027e-31,-3.1226675356667485e-31,-3.2340236509525673e-31,-3.3044081359621953e-31,-3.1486360494672676e-31,-3.150906246627922e-31,-3.305980381136081e-31,-3.2323556533554674e-31,-3.122624877560299e-31,-3.2591879522780157e-31,1.0,1.0,1.0,1.0,1.0,1.0,1.0,1.0,1.0,1.0
198,6.086023778330547e-30,1.348084012847679e-63,0.0,2.3252524729148513e-30,0.0,6.158134344415617e-31,5.9304280217279856e-31,6.120865829214861e-31,6.241137286936563e-31,5.9747776878506955e-31,5.978768164678864e-31,6.243898527557075e-31,6.117932733889254e-31,5.930358325340072e-31,6.163936861694476e-31,-2.3551080015330177e-31,-2.260882456852278e-31,-2.3396550278581537e-31,-2.3894355507583197e-31,-2.279246826182065e-31,-2.280862719940745e-31,-2.3905544098585544e-31,-2.3384676549442776e-31,-2.2608526286208416e-31,-2.3574594526002635e-31,1.0,1.0,1.0,1.0,1.0,1.0,1.0,1.0,1.0,1.0
199,4.403581970461782e-30,6.745302119857456e-64,0.0,1.682441807868763e-30,0.0,4.454578550304251e-31,4.2935192296214335e-31,4.428233831618895e-31,4.513297278366208e-31,4.3248820415427955e-31,4.3277223536404345e-31,4.515262300035224e-31,4.426145966462961e-31,4.293470399950261e-31,4.458707753075367e-31,-1.703555794111366e-31,-1.636908792106552e-31,-1.692631997595966e-31,-1.727840008570355e-31,-1.6498956463079e-31,-1.6510458110384297e-31,-1.7286362275218508e-31,-1.6917867674262927e-31,-1.636887925389811e-31,-1.7052291086191084e-31,1.0,1.0,1.0,1.0,1.0,1.0,1.0,1.0,1.0,1.0
200,3.18624525368612e-30,3.375093842867538e-64,0.0,1.2173367167756622e-30,0.0,3.222309945808452e-31,3.1083909122252434e-31,3.203687269104161e-31,3.2638493569238674e-31,3.1305697439623103e-31,3.132591392636307e-31,3.265247759084e-31,3.202201075041585e-31,3.108356686812465e-31,3.225248395262816e-31,-1.2322686044957992e-31,-1.1851283173961903e-31,-1.2245465625147343e-31,-1.2494479214423407e-31,-1.1943122975804854e-31,-1.1951309610041275e-31,-1.2500145409512238e-31,-1.2239448914213768e-31,-1.185113713137796e-31,-1.2334593578125515e-31,1.0,1.0,1.0,1.0,1.0,1.0,1.0,1.0,1.0,1.0
201,2.3054355171378837e-30,1.6887691943732516e-64,0.0,8.808097365482373e-31,0.0,2.3309403479031968e-31,2.250364222433919e-31,2.3177763526402065e-31,2.3603266249790367e-31,2.2660483863933283e-31,2.2674873298480857e-31,2.3613217975825397e-31,2.3167184503854397e-31,2.2503402229223184e-31,2.3330314362907643e-31,-8.913695979052554e-32,-8.580266897913243e-32,-8.859109164639543e-32,-9.035227319448306e-32,-8.645213575689823e-32,-8.651040627882214e-32,-9.039259615014604e-32,-8.854826246561452e-32,-8.580164638901466e-32,-8.922169589720515e-32,1.0,1.0,1.0,1.0,1.0,1.0,1.0,1.0,1.0,1.0
202,1.668120440736998e-30,8.449961763078095e-65,0.0,6.373150764008855e-31,0.0,1.6861573328289913e-31,1.6291650397337522e-31,1.6768520320318922e-31,1.7069461286356407e-31,1.6402563567293724e-31,1.6412805460869152e-31,1.7076543454839548e-31,1.676099001402406e-31,1.6291482036046357e-31,1.68764542083242e-31,-6.447830150742054e-32,-6.211991827001669e-32,-6.409243206083144e-32,-6.533804963433962e-32,-6.257920296639559e-32,-6.262067837611706e-32,-6.536674520985848e-32,-6.406194489830335e-32,-6.211920193176826e-32,-6.453860154583443e-32,1.0,1.0,1.0,1.0,1.0,1.0,1.0,1.0,1.0,1.0
203,1.2069866341130796e-30,4.228040999810642e-65,0.0,4.6113380662391835e-31,0.0,1.219742208406714e-31,1.1794310250035786e-31,1.213164566741738e-31,1.2344488876973725e-31,1.1872744166195353e-31,1.1880033961626215e-31,1.2349528935165956e-31,1.2126285517399065e-31,1.179419209141064e-31,1.2208011861016708e-31,-4.6641512442227733e-32,-4.497340147301736e-32,-4.6368746529015424e-32,-4.7249724093826826e-32,-4.5298194010983715e-32,-4.5327714992429365e-32,-4.7270145196735937e-32,-4.634704496624997e-32,-4.4972899446357166e-32,-4.6684423473074914e-32,1.0,1.0,1.0,1.0,1.0,1.0,1.0,1.0,1.0,1.0
204,8.733295104796287e-31,2.1155516749953856e-65,0.0,3.336571236334508e-31,0.0,8.82350151063617e-32,8.538376947460209e-32,8.777006419039616e-32,8.92754153081215e-32,8.593842548037999e-32,8.59903113424215e-32,8.931128323208685e-32,8.773191032230666e-32,8.538293987403423e-32,8.831037614891814e-32,-3.3739205734309706e-32,-3.2559333025755765e-32,-3.354639248377764e-32,-3.416947346161575e-32,-3.278901618157354e-32,-3.2810028273840655e-32,-3.4184006119572704e-32,-3.3530944851683995e-32,-3.255898104007216e-32,-3.376974246124894e-32,1.0,1.0,1.0,1.0,1.0,1.0,1.0,1.0,1.0,1.0
205,6.3190881600614885e-31,1.0585419852910987e-65,0.0,2.414206944734799e-31,0.0,6.38288127358602e-32,6.181210302550213e-32,6.350015707636594e-32,6.456482787104093e-32,6.22043346251112e-32,6.224126480334687e-32,6.459035360655725e-32,6.347299908507729e-32,6.181152031871734e-32,6.388244285856977e-32,-2.440620237050151e-32,-2.357166644909996e-32,-2.4269907114030226e-32,-2.471058743708056e-32,-2.3734090855268794e-32,-2.3749046539074638e-32,-2.4720929625529606e-32,-2.425891123722937e-32,-2.35714195553169e-32,-2.4427933290348366e-32,1.0,1.0,1.0,1.0,1.0,1.0,1.0,1.0,1.0,1.0
206,4.572263847930618e-31,5.296543477832222e-66,0.0,1.746824312130871e-31,0.0,4.61737763442928e-32,4.474734189155038e-32,4.5941464025513465e-32,4.669445954779538e-32,4.502471252450594e-32,4.5050997797909284e-32,4.6712625223994217e-32,4.592213302786325e-32,4.474693243725417e-32,4.621194197238292e-32,-1.7655036391567395e-32,-1.706476113395175e-32,-1.7558693050852473e-32,-1.7870368323245557e-32,-1.7179622100605262e-32,-1.7190267005437582e-32,-1.7877728382563028e-32,-1.755086605721404e-32,-1.7064587881463165e-32,-1.7670500886186853e-32,1.0,1.0,1.0,1.0,1.0,1.0,1.0,1.0,1.0,1.0
207,3.3083292970776046e-31,2.6501899263035446e-66,0.0,1.2639345508530137e-31,0.0,3.3402332007300406e-32,3.2393404583904744e-32,3.323812167271623e-32,3.3770682191539566e-32,3.258954966224735e-32,3.2608258309014325e-32,3.3783610035394e-32,3.32243619858707e-32,3.2393116756639675e-32,3.342949250313343e-32,-1.2771444336992397e-32,-1.2353937307645636e-32,-1.2703342352797238e-32,-1.292377735625581e-32,-1.2435162862258583e-32,-1.244273948889496e-32,-1.2929015188600213e-32,-1.2697771041992544e-32,-1.2353815680614493e-32,-1.2782449469249487e-32,1.0,1.0,1.0,1.0,1.0,1.0,1.0,1.0,1.0,1.0
208,2.39379382481319e-31,1.3260547653994352e-66,0.0,9.145354722644144e-32,0.0,2.4163558166487645e-32,2.3449937017905123e-32,2.4047486596549954e-32,2.4424142744493577e-32,2.3588642425244403e-32,2.3601958342416832e-32,2.443334304052493e-32,2.4037692585450033e-32,2.3449734610538133e-32,2.4182886951708366e-32,-9.23877384081276e-33,-8.94346756599962e-33,-9.190635076166273e-33,-9.346539447045987e-33,-9.00090723700295e-33,-9.006299966597493e-33,-9.350266994869072e-33,-9.186669400420668e-33,-8.943382146101542e-33,-9.246605551425066e-33,1.0,1.0,1.0,1.0,1.0,1.0,1.0,1.0,1.0,1.0
209,1.7320694655317342e-31,6.635076394323991e-67,0.0,6.617243592814556e-32,0.0,1.7480249545943097e-32,1.69755008815362e-32,1.739820525598723e-32,1.7664596946356667e-32,1.7073587193950057e-32,1.708306480054189e-32,1.7671144493442988e-32,1.7391234008663848e-32,1.6975358489642765e-32,1.7494004937108683e-32,-6.683308620544547e-33,-6.47443613636892e-33,-6.649281340562725e-33,-6.759545798136911e-33,-6.515055231294347e-33,-6.518893541874943e-33,-6.762198547081943e-33,-6.646458576786184e-33,-6.474376120895367e-33,-6.688882014599681e-33,1.0,1.0,1.0,1.0,1.0,1.0,1.0,1.0,1.0,1.0
210,1.2532693205790033e-31,3.319941265432448e-67,0.0,4.7880014495273083e-32,0.0,1.264552769730882e-32,1.2288516097150264e-32,1.2587535709537844e-32,1.2775942176450683e-32,1.2357878233439635e-32,1.2364623905120455e-32,1.2780601861216963e-32,1.258257369149249e-32,1.2288415888455925e-32,1.2655316797727264e-32,-4.834721848634276e-33,-4.686984784385937e-33,-4.810669546449385e-33,-4.888654769905984e-33,-4.7157089605104207e-33,-4.718440895421436e-33,-4.890542632226027e-33,-4.80866031717136e-33,-4.6869426011868395e-33,-4.838688139381419e-33,1.0,1.0,1.0,1.0,1.0,1.0,1.0,1.0,1.0,1.0
211,9.068261572449381e-32,1.661173062390454e-67,0.0,3.4644316333406545e-32,0.0,9.148056026286272e-33,8.895539874973555e-33,9.107065380236595e-33,9.240316373663073e-33,8.944589484066285e-33,8.949390694013618e-33,9.243632533665042e-33,9.103533514168267e-33,8.895469327200801e-33,9.155022516220295e-33,-3.497471671022549e-33,-3.392976222176709e-33,-3.480470329301249e-33,-3.535625802787609e-33,-3.41328874937335e-33,-3.4152332111068373e-33,-3.53696932755192e-33,-3.4790401773242225e-33,-3.392946561255123e-33,-3.500294281506969e-33,1.0,1.0,1.0,1.0,1.0,1.0,1.0,1.0,1.0,1.0
212,6.561515887591474e-32,8.311881953978133e-68,0.0,2.506745684857907e-32,0.0,6.617944921311903e-33,6.4393390703824e-33,6.58897157444401e-33,6.683213602332192e-33,6.474024547777287e-33,6.477441785667723e-33,6.685573620824185e-33,6.586457673062112e-33,6.43928938650132e-33,6.622902693611601e-33,-2.5301111049743685e-33,-2.4562008045911556e-33,-2.5180938057925852e-33,-2.557102771330881e-33,-2.4705649362889984e-33,-2.471948908345895e-33,-2.558058912840857e-33,-2.5170758411061542e-33,-2.456179940699482e-33,-2.5321198226086945e-33,1.0,1.0,1.0,1.0,1.0,1.0,1.0,1.0,1.0,1.0
213,4.747717120149098e-32,4.158951552705969e-68,0.0,1.8137987674423756e-32,0.0,4.7876225137642304e-33,4.6612938535638926e-33,4.76714346864832e-33,4.8337962544809286e-33,4.685821667124591e-33,4.688253864353041e-33,4.8354758174204556e-33,4.765354138614849e-33,4.661258851107022e-33,4.791150772413646e-33,-1.8303224075476728e-33,-1.7780452168185075e-33,-1.82182810579569e-33,-1.849417347851263e-33,-1.7882028806526964e-33,-1.7891879213146814e-33,-1.8500978034037294e-33,-1.8211035344472632e-33,-1.7780305353942973e-33,-1.8317519211979545e-33,1.0,1.0,1.0,1.0,1.0,1.0,1.0,1.0,1.0,1.0
214,3.435310348672196e-32,2.0809821954527845e-68,0.0,1.3124067714769014e-32,0.0,3.463530521156956e-33,3.37417779896149e-33,3.449055544459862e-33,3.496195753550697e-33,3.391522588290287e-33,3.393253685535255e-33,3.497391056713332e-33,3.447781950623876e-33,3.374153131251285e-33,3.4660414561789217e-33,-1.3240919926072743e-33,-1.2871160546024021e-33,-1.3180879241884586e-33,-1.3376005009302313e-33,-1.2942990788343042e-33,-1.2950001788177856e-33,-1.338084760707124e-33,-1.317572187990973e-33,-1.287105719855737e-33,-1.3251093162347245e-33,1.0,1.0,1.0,1.0,1.0,1.0,1.0,1.0,1.0,1.0
215,2.485693647098245e-32,1.0412448748185183e-68,0.0,9.496167015739513e-33,0.0,2.5056502589017497e-33,2.442450797516486e-33,2.495419138971081e-33,2.528759033154381e-33,2.45471609971551e-33,2.4559481921168122e-33,2.529609702384774e-33,2.494512634810251e-33,2.442433407383305e-33,2.5074372060280995e-33,-9.578802622552067e-34,-9.31727001445004e-34,-9.536364054887808e-34,-9.674367203963163e-34,-9.368064885747769e-34,-9.373054934184428e-34,-9.67781354328558e-34,-9.53269315813625e-34,-9.3171972386798e-34,-9.586042501508223e-34,1.0,1.0,1.0,1.0,1.0,1.0,1.0,1.0,1.0,1.0
216,1.798579744219443e-32,5.209996106762752e-69,0.0,6.87113902878802e-33,0.0,1.812692539332367e-33,1.7679913932394655e-33,1.805461085676639e-33,1.8290406861665835e-33,1.7766647359264e-33,1.777541664593647e-33,1.8296460886712426e-33,1.804815866773325e-33,1.767979129661373e-33,1.8139642521533867e-33,-6.929577195693827e-34,-6.744594042770205e-34,-6.899580532944421e-34,-6.997183469877976e-34,-6.7805136378911e-34,-6.784065275231651e-34,-6.999636137135312e-34,-6.896967680369262e-34,-6.744542777219318e-34,-6.934729538747128e-34,1.0,1.0,1.0,1.0,1.0,1.0,1.0,1.0,1.0,1.0
217,1.3014043504175775e-32,2.6068853480188616e-69,0.0,4.971753938018656e-33,0.0,1.3113845297615551e-33,1.2797673132951063e-33,1.3062733028093795e-33,1.3229499284442652e-33,1.2859006073284975e-33,1.2865247508479737e-33,1.3233807808290451e-33,1.3058140594777747e-33,1.2797586622579661e-33,1.3122895691242103e-33,-5.013080095708118e-34,-4.882240799443591e-34,-4.991877828672596e-34,-5.060907577223182e-34,-4.907641285979026e-34,-4.910169137456735e-34,-5.062653078421975e-34,-4.9900180729555016e-34,-4.88220467403407e-34,-5.016746830291764e-34,1.0,1.0,1.0,1.0,1.0,1.0,1.0,1.0,1.0,1.0
218,9.416624668665143e-33,1.3043870378038976e-69,0.0,3.5974188355106315e-33,0.0,9.487201594406077e-34,9.263572501851705e-34,9.451075430711496e-34,9.569020401436833e-34,9.306943567149371e-34,9.311385826462022e-34,9.57208669374699e-34,9.447806714660969e-34,9.263511456542097e-34,9.493642499683857e-34,-3.6266437032094733e-34,-3.5341006310993587e-34,-3.6116575973823e-34,-3.6604788830058196e-34,-3.5520625061356036e-34,-3.5538616820177157e-34,-3.6617211145434605e-34,-3.610333880116777e-34,-3.534075166037564e-34,-3.629253191558247e-34,1.0,1.0,1.0,1.0,1.0,1.0,1.0,1.0,1.0,1.0
219,6.813632517506894e-33,6.526660601878772e-70,0.0,2.602992151158247e-33,0.0,6.863542361316391e-34,6.7053692469646615e-34,6.838008550083764e-34,6.9214247080743744e-34,6.736038656559909e-34,6.739200370852259e-34,6.923606932132706e-34,6.8356820120596385e-34,6.70532615800073e-34,6.868126179024514e-34,-2.6236592330896862e-34,-2.558203254887043e-34,-2.6130668806277318e-34,-2.647595693362458e-34,-2.5709049105894626e-34,-2.572185455609763e-34,-2.6484797616142837e-34,-2.6121247026013306e-34,-2.5581852985413674e-34,-2.625516320659343e-34,1.0,1.0,1.0,1.0,1.0,1.0,1.0,1.0,1.0,1.0
220,4.930177819314208e-33,3.265694810013046e-70,0.0,1.8834546981926866e-33,0.0,4.965472460145449e-34,4.853596512714651e-34,4.947425396344929e-34,5.006421108312083e-34,4.875284026135486e-34,4.877534327296065e-34,5.007974159703361e-34,4.94576946702316e-34,4.853566089442276e-34,4.968734646024624e-34,-1.8980699011709423e-34,-1.8517727342500104e-34,-1.8905831537388353e-34,-1.9150035997622915e-34,-1.8607546304244233e-34,-1.8616660435561946e-34,-1.9156327724293457e-34,-1.8899125450364785e-34,-1.8517600685584547e-34,-1.8993915329998901e-34,1.0,1.0,1.0,1.0,1.0,1.0,1.0,1.0,1.0,1.0
221,3.567359526273857e-33,1.6340305636904802e-70,0.0,1.3628182930403513e-33,0.0,3.592318711531782e-34,3.5131888358188317e-34,3.5795632971993394e-34,3.6212877083188184e-34,3.528524871930143e-34,3.530126486463722e-34,3.622392990037925e-34,3.578384681621724e-34,3.5131673491820387e-34,3.5946403306342434e-34,-1.3731537486136667e-34,-1.340407676895819e-34,-1.3678620991455898e-34,-1.3851333999932645e-34,-1.3467591542053425e-34,-1.3474078408323424e-34,-1.385581169665436e-34,-1.367384785401436e-34,-1.3403987402602371e-34,-1.3740943153903805e-34,1.0,1.0,1.0,1.0,1.0,1.0,1.0,1.0,1.0,1.0
222,2.5812590346011626e-33,8.176073146616128e-71,0.0,9.86100491672694e-34,0.0,2.5989092952701365e-34,2.5429407603496412e-34,2.589894005578225e-34,2.6194033451166645e-34,2.553785409281636e-34,2.554925330194821e-34,2.62018995752205e-34,2.5890551226606848e-34,2.5429255811053077e-34,2.600561538932461e-34,-9.934094162616452e-35,-9.702480754691905e-35,-9.896692916211143e-35,-1.0018843632021539e-34,-9.747394626485068e-35,-9.75201156268901e-35,-1.0022030325158748e-34,-9.89329558961039e-35,-9.70241768076731e-35,-9.940787917017824e-35,1.0,1.0,1.0,1.0,1.0,1.0,1.0,1.0,1.0,1.0
223,1.8677412023067638e-33,4.090999011711206e-71,0.0,7.13517832294399e-34,0.0,1.8802228213523945e-34,1.8406363226258733e-34,1.8738510248766448e-34,1.8947213043870854e-34,1.8483049367018874e-34,1.8491162541799792e-34,1.8952811254216049e-34,1.8732539492125196e-34,1.8406255963827771e-34,1.8813986879268723e-34,-7.18686473917742e-35,-7.023044377237679e-35,-7.160429807015802e-35,-7.246820407295793e-35,-7.054804725797487e-35,-7.05809076014842e-35,-7.249088321004451e-35,-7.158011734481652e-35,-7.022999847225306e-35,-7.191628510055886e-35,1.0,1.0,1.0,1.0,1.0,1.0,1.0,1.0,1.0,1.0
224,1.3514569086354492e-33,2.046981865667051e-71,0.0,5.162842936713148e-34,0.0,1.3602834345836753e-34,1.3322839560144378e-34,1.3557800276873963e-34,1.3705403738336745e-34,1.3377066771848279e-34,1.3382841165122614e-34,1.3709387911673708e-34,1.3553550596322311e-34,1.3322763744729648e-34,1.361120275265651e-34,-5.199393867687193e-35,-5.083523666114356e-35,-5.180709971892485e-35,-5.241809305534108e-35,-5.105982595170595e-35,-5.108321376677177e-35,-5.243423342542339e-35,-5.178988895802884e-35,-5.083492219098123e-35,-5.202784126612212e-35,1.0,1.0,1.0,1.0,1.0,1.0,1.0,1.0,1.0,1.0
225,9.778856884804896e-34,1.0242326847570079e-71,0.0,3.7357122015495945e-34,0.0,9.84127458453094e-35,9.643234777500024e-35,9.80944598297254e-35,9.91383728587264e-35,9.681580477399039e-35,9.685690283444919e-35,9.916672773804114e-35,9.80642128410673e-35,9.643181176060444e-35,9.847230222357577e-35,-3.761559761305815e-35,-3.6796047826443535e-35,-3.748354293901423e-35,-3.7915664524641055e-35,-3.695486294449241e-35,-3.6971508816776963e-35,-3.792715137869593e-35,-3.7471293122155824e-35,-3.6795825686692036e-35,-3.7639725302989324e-35,1.0,1.0,1.0,1.0,1.0,1.0,1.0,1.0,1.0,1.0
226,7.0757805192806695e-34,5.124875052000941e-72,0.0,2.703076365524227e-34,0.0,7.11991975345904e-35,6.979846652018633e-35,7.097424494687519e-35,7.171254277494678e-35,7.00696199258879e-35,7.009887059191027e-35,7.173272262448802e-35,7.095271678301914e-35,6.979808746611892e-35,7.124158276004403e-35,-2.7213548310718994e-35,-2.6633881254813906e-35,-2.71202148828502e-35,-2.742583008377963e-35,-2.67461848481025e-35,-2.675803224253891e-35,-2.743400511355312e-35,-2.711149605804814e-35,-2.6633724294485517e-35,-2.7230719463531735e-35,1.0,1.0,1.0,1.0,1.0,1.0,1.0,1.0,1.0,1.0
227,5.119894162798348e-34,2.5642947786374504e-72,0.0,1.9558863564823227e-34,0.0,5.151107550254992e-35,5.05203423530065e-35,5.135208854955056e-35,5.187424224831169e-35,5.071208223414102e-35,5.073290074584919e-35,5.188860403804207e-35,5.133676600582182e-35,5.05200742335093e-35,5.154124036905262e-35,-1.9688122032040475e-35,-1.9278124167179826e-35,-1.9622156397324637e-35,-1.9838300526635083e-35,-1.9357537691746876e-35,-1.9365969846061076e-35,-1.9844118586445953e-35,-1.9615950777197318e-35,-1.9278013232609615e-35,-1.9700342390991412e-35,1.0,1.0,1.0,1.0,1.0,1.0,1.0,1.0,1.0,1.0
228,3.70465672743934e-34,1.2830767370051915e-72,0.0,1.4152374353590068e-34,0.0,3.7267294592470325e-35,3.65665522765536e-35,3.7154930117857416e-35,3.7524217628349156e-35,3.6702136399401885e-35,3.671695349585838e-35,3.753443877693211e-35,3.7144024410926454e-35,3.656636258195243e-35,3.72887624636323e-35,-1.424378091007959e-35,-1.3953790076452905e-35,-1.4197158431693143e-35,-1.4350024619962534e-35,-1.4009945834739142e-35,-1.401594724999081e-35,-1.435416526110996e-35,-1.419274159489537e-35,-1.3953711651556873e-35,-1.4252477905420315e-35,1.0,1.0,1.0,1.0,1.0,1.0,1.0,1.0,1.0,1.0
229,2.6806203645044813e-34,6.420034040763477e-73,0.0,1.0240363629348594e-34,0.0,2.6962291941668344e-35,2.646665953635685e-35,2.688287857636201e-35,2.714405283582772e-35,2.6562534277752246e-35,2.6573079993644877e-35,2.7151327137634477e-35,2.6875116536119593e-35,2.6466525297652596e-35,2.697757031742941e-35,-1.030500265080198e-35,-1.0099892740196747e-35,-1.0272051541495406e-35,-1.0380164792521437e-35,-1.0139602121649641e-35,-1.0143873502213501e-35,-1.0383111639297634e-35,-1.0268907874806858e-35,-1.0099837284299832e-35,-1.031119214620289e-35,1.0,1.0,1.0,1.0,1.0,1.0,1.0,1.0,1.0,1.0
230,1.939648324516387e-34,3.212344012112164e-73,0.0,7.409720399880943e-35,0.0,1.95068615361583e-35,1.9156302841704122e-35,1.9450736685316177e-35,1.9635448898988412e-35,1.922409798120262e-35,1.923160363581959e-35,1.9640625961229145e-35,1.944521213275854e-35,1.9156207826378067e-35,1.9517734952083728e-35,-7.455430405510044e-36,-7.31035669465273e-36,-7.432141891045833e-36,-7.508603936839307e-36,-7.338436296549625e-36,-7.341476357825286e-36,-7.51070117640533e-36,-7.429904403361053e-36,-7.310317471274527e-36,-7.459835365345681e-36,1.0,1.0,1.0,1.0,1.0,1.0,1.0,1.0,1.0,1.0
231,1.4034954660787098e-34,1.6073364114461697e-73,0.0,5.361528584376774e-35,0.0,1.41130088212882e-35,1.3865060317540192e-35,1.407334324107921e-35,1.420397847914986e-35,1.3912999639914417e-35,1.3918341600184884e-35,1.4207662956524344e-35,1.406941120478438e-35,1.386499305090719e-35,1.412074729649829e-35,-5.3938527148701005e-36,-5.29124252416393e-36,-5.377393444236965e-36,-5.431470419838552e-36,-5.3110983412882044e-36,-5.313262035634706e-36,-5.432963004704801e-36,-5.375800927974161e-36,-5.2912147754708775e-36,-5.3969876555854375e-36,1.0,1.0,1.0,1.0,1.0,1.0,1.0,1.0,1.0,1.0
232,1.0155454395219484e-34,8.042508644728928e-74,0.0,3.879500265567611e-35,0.0,1.0210650383470259e-35,1.0035277702754988e-35,1.0182617393447602e-35,1.0275007305482127e-35,1.0069176492853346e-35,1.0072978494659943e-35,1.0277629523639691e-35,1.017981881715933e-35,1.0035230071406396e-35,1.0216157767321172e-35,-3.9023584378179404e-36,-3.829782614785204e-36,-3.89072584763161e-36,-3.928971173667734e-36,-3.843823147061071e-36,-3.8453631055249417e-36,-3.930033432884653e-36,-3.8895923876250484e-36,-3.8297629795007946e-36,-3.904589529177117e-36,1.0,1.0,1.0,1.0,1.0,1.0,1.0,1.0,1.0,1.0
233,7.348319433431917e-35,4.024169902828567e-74,0.0,2.807134961787568e-35,0.0,7.387351184220475e-36,7.263311089631633e-36,7.367539471579465e-36,7.43288084345557e-36,7.287281500305458e-36,7.289987474115077e-36,7.434747060483355e-36,7.365547624287209e-36,7.263277355437766e-36,7.391270730803161e-36,-2.8232991992497843e-36,-2.7719666131233553e-36,-2.8150779218681367e-36,-2.842126462026557e-36,-2.7818949925478884e-36,-2.782991020544866e-36,-2.842882463156336e-36,-2.8142711928721218e-36,-2.77195271596863e-36,-2.824887036518012e-36,1.0,1.0,1.0,1.0,1.0,1.0,1.0,1.0,1.0,1.0
234,5.317126673965227e-35,2.013543888215599e-74,0.0,2.0311927594666905e-35,0.0,5.344727851491785e-36,5.256995062402272e-36,5.330726447371877e-36,5.37693809183045e-36,5.2739449068417116e-36,5.275870810155497e-36,5.3782662685363636e-36,5.329308780410402e-36,5.2569711661805665e-36,5.3475173544313404e-36,-2.0426233327286907e-36,-2.006316027229361e-36,-2.036813024207588e-36,-2.05594275162512e-36,-2.013336593463746e-36,-2.0141166639595805e-36,-2.0564807919469912e-36,-2.0362388438768067e-36,-2.0063061892571995e-36,-2.04375337637182e-36,1.0,1.0,1.0,1.0,1.0,1.0,1.0,1.0,1.0,1.0
235,3.8473907213948264e-35,1.0075019873952373e-74,0.0,1.4697359525704003e-35,0.0,3.8669087632612015e-36,3.804855949045879e-36,3.8570137103649766e-36,3.8896961205065116e-36,3.816841414905528e-36,3.818212123101706e-36,3.890641377585374e-36,3.856004709085455e-36,3.804839018661262e-36,3.8688940274303675e-36,-1.4778190882305832e-36,-1.4521391133563932e-36,-1.4737127370069005e-36,-1.4872419713239384e-36,-1.4571034919361837e-36,-1.457658687053791e-36,-1.4876248909509896e-36,-1.473304071324947e-36,-1.4521321475193046e-36,-1.478623327000973e-36,1.0,1.0,1.0,1.0,1.0,1.0,1.0,1.0,1.0,1.0
236,2.783914410246393e-35,5.041163035842604e-75,0.0,1.0634763111484328e-35,0.0,2.7977164709646374e-36,2.7538269614790228e-36,2.7907235021134757e-36,2.8138375603640436e-36,2.7623020272446292e-36,2.7632775899557193e-36,2.814510295901369e-36,2.7900053630270606e-36,2.7538149642652414e-36,2.7991293671487346e-36,-1.0691922922965643e-36,-1.051028987566856e-36,-1.0662902082515009e-36,-1.0758585601424678e-36,-1.0545393876608988e-36,-1.0549345331459867e-36,-1.0761310816840051e-36,-1.0659993460583944e-36,-1.0510240543960207e-36,-1.069764660281633e-36,1.0,1.0,1.0,1.0,1.0,1.0,1.0,1.0,1.0,1.0
237,2.014400207445055e-35,2.522409512560774e-75,0.0,7.695142028013387e-36,0.0,2.0241602266540705e-36,1.9931175136352967e-36,2.0192182351278438e-36,2.0355652253840595e-36,1.999110319168179e-36,1.9998046477480326e-36,2.0360440088440153e-36,2.0187071128741482e-36,1.9931090107302165e-36,2.025165774284686e-36,-7.735562443105669e-37,-7.607094478437262e-37,-7.71505266985632e-37,-7.782723349799843e-37,-7.631917080764501e-37,-7.634729422076866e-37,-7.784662870573538e-37,-7.712982501529125e-37,-7.607059535350248e-37,-7.739635928640485e-37,1.0,1.0,1.0,1.0,1.0,1.0,1.0,1.0,1.0,1.0
238,1.4575918191143103e-35,1.2621194781967882e-75,0.0,5.568083883307444e-36,0.0,1.4644935251630036e-36,1.4425372679203559e-36,1.4610010018603675e-36,1.4725620943145376e-36,1.4467748316052242e-36,1.4472689995538427e-36,1.4729028430328068e-36,1.460637220519507e-36,1.4425312405890657e-36,1.4652091665843927e-36,-5.5966670149106695e-37,-5.505802457149408e-37,-5.582172332674762e-37,-5.630031310695219e-37,-5.523354875629548e-37,-5.525356481941899e-37,-5.6314116581120846e-37,-5.5806989235464124e-37,-5.505777701411507e-37,-5.599566077002932e-37,1.0,1.0,1.0,1.0,1.0,1.0,1.0,1.0,1.0,1.0
239,1.0546937355519213e-35,6.315174633509852e-76,0.0,4.0289808356238906e-36,0.0,1.05957420150838e-36,1.0440447310170382e-36,1.0571060402797698e-36,1.0652823891233254e-36,1.047041140969588e-36,1.0473928502283714e-36,1.0655248991125897e-36,1.0568471263129974e-36,1.0440404578378968e-36,1.0600835191292564e-36,-4.049193236546236e-37,-3.984925369033176e-37,-4.0389496158059766e-37,-4.072797051912122e-37,-3.997336906356363e-37,-3.998761493254713e-37,-4.07377943920217e-37,-4.037900942065096e-37,-3.984907827511689e-37,-4.051256474551363e-37,1.0,1.0,1.0,1.0,1.0,1.0,1.0,1.0,1.0,1.0
240,7.631626095211916e-36,3.1598777594682537e-76,0.0,2.9153112603072965e-36,0.0,7.666137700215843e-37,7.556299177876279e-37,7.648695365350343e-37,7.706520867840607e-37,7.577486943390283e-37,7.579990127176081e-37,7.708246806395076e-37,7.6468526001934e-37,7.556268877849322e-37,7.669762485831932e-37,-2.9296043148679585e-37,-2.8841481322941034e-37,-2.9223650374473555e-37,-2.9463030233926467e-37,-2.892924466305598e-37,-2.893938375107633e-37,-2.9470021847308217e-37,-2.9216186629365733e-37,-2.8841357005296464e-37,-2.9310727054606326e-37,1.0,1.0,1.0,1.0,1.0,1.0,1.0,1.0,1.0,1.0
241,5.5221483495745424e-36,1.5810850143051878e-76,0.0,2.109477745637374e-36,0.0,5.5465527455385205e-37,5.468865019192755e-37,5.5342264499555134e-37,5.575122266194738e-37,5.483846957818688e-37,5.485628521675754e-37,5.5763506138803465e-37,5.532914902578029e-37,5.468843531071377e-37,5.5491324878397016e-37,-2.119584954677322e-37,-2.0874341586835238e-37,-2.114468915394829e-37,-2.1313986016458685e-37,-2.093639985571595e-37,-2.094361605500327e-37,-2.1318961925147295e-37,-2.1139376976153714e-37,-2.0874253467779447e-37,-2.120629997992231e-37,1.0,1.0,1.0,1.0,1.0,1.0,1.0,1.0,1.0,1.0
242,3.995759274083877e-36,7.911160322903998e-77,0.0,1.5263890754906645e-36,0.0,4.013016460916264e-37,3.958068720738516e-37,4.004305674165778e-37,4.033228305748597e-37,3.968662472506e-37,3.969930444854117e-37,4.034102519362471e-37,4.003372210377415e-37,3.9580534796808005e-37,4.0148524524888185e-37,-1.5335362846222564e-37,-1.5107962984542394e-37,-1.5299207757897356e-37,-1.5418939604461417e-37,-1.5151844853126891e-37,-1.515698076821637e-37,-1.5422480945178753e-37,-1.5295426922006136e-37,-1.5107900513905764e-37,-1.534280035350883e-37,1.0,1.0,1.0,1.0,1.0,1.0,1.0,1.0,1.0,1.0
243,2.891284434768069e-36,3.958450082632151e-77,0.0,1.1044748393158087e-36,0.0,2.903487557170946e-37,2.864623605715158e-37,2.8973318349473317e-37,2.917786679679247e-37,2.8721144451525377e-37,2.8730168842772556e-37,2.9184088568605793e-37,2.896667464220137e-37,2.864612794095339e-37,2.9047942255621597e-37,-1.1095289037453182e-37,-1.0934451150233582e-37,-1.1069738392184457e-37,-1.11544162606935e-37,-1.0965480273534622e-37,-1.0969135605768616e-37,-1.1156936625018917e-37,-1.1067047461572784e-37,-1.093440685585461e-37,-1.1100582269266589e-37,1.0,1.0,1.0,1.0,1.0,1.0,1.0,1.0,1.0,1.0
244,2.0921006289874292e-36,1.9806611527699176e-77,0.0,7.991838057806396e-37,0.0,2.1007298374016176e-37,2.0732417978223334e-37,2.096379755275958e-37,2.110845940545464e-37,2.0785385553874326e-37,2.0791808374650678e-37,2.1112887438386284e-37,2.0959069056553598e-37,2.073234127329626e-37,2.101659789152806e-37,-8.027577197693282e-38,-7.913818078928246e-38,-8.009520796713739e-38,-8.06940739133783e-38,-7.935758897651052e-38,-7.93836046812188e-38,-8.071201130219511e-38,-8.007605585647775e-38,-7.91378666765713e-38,-8.031344364093536e-38,1.0,1.0,1.0,1.0,1.0,1.0,1.0,1.0,1.0,1.0
245,1.5138211412418345e-36,9.91049209105023e-78,0.0,5.782794877455949e-37,0.0,1.5199231098511307e-37,1.5004811396737788e-37,1.5168490473795719e-37,1.5270798877747781e-37,1.5042264569006497e-37,1.5046835803043224e-37,1.5273950309045678e-37,1.5165125085629847e-37,1.5004756970226344e-37,1.5205849540439268e-37,-5.808067275504869e-38,-5.727606581485546e-38,-5.795307078963861e-38,-5.837660527706858e-38,-5.74312098486783e-38,-5.744972571607453e-38,-5.838937129340607e-38,-5.793943970923751e-38,-5.727584303069918e-38,-5.810748351088793e-38,1.0,1.0,1.0,1.0,1.0,1.0,1.0,1.0,1.0,1.0
246,1.0953850285755721e-36,4.958842101910792e-78,0.0,4.184361126662626e-37,0.0,1.099699901358116e-37,1.0859488320975486e-37,1.0975275768918322e-37,1.1047630685057286e-37,1.0885971250209673e-37,1.0889224675851281e-37,1.1049873560077911e-37,1.0972880540903348e-37,1.0859449697580578e-37,1.1001709344402148e-37,-4.202232084930147e-38,-4.145323075762302e-38,-4.193214704877396e-38,-4.223168192690496e-38,-4.156293318796824e-38,-4.1576111271919434e-38,-4.2240767489677673e-38,-4.192244544726499e-38,-4.145307272645766e-38,-4.2041401960371185e-38,1.0,1.0,1.0,1.0,1.0,1.0,1.0,1.0,1.0,1.0
247,7.926094918736557e-37,2.4812205294587224e-78,0.0,3.0277553670191626e-37,0.0,7.956606522341346e-38,7.859346949642178e-38,7.941255636221427e-38,7.992426673985825e-38,7.878072833478961e-38,7.880388351143551e-38,7.994022929914719e-38,7.939550896184069e-38,7.859319537616434e-38,7.959958856837056e-38,-3.0403924912398137e-38,-3.0001413713333084e-38,-3.0340201326968945e-38,-3.055204011071461e-38,-3.0078984167307114e-38,-3.0088363247077314e-38,-3.055850630163192e-38,-3.0333296447192793e-38,-3.0001301599641437e-38,-3.041750487565092e-38,1.0,1.0,1.0,1.0,1.0,1.0,1.0,1.0,1.0,1.0
248,5.735244870225383e-37,1.24151073109974e-78,0.0,2.190850048511174e-37,0.0,5.756820380607895e-38,5.688029964775873e-38,5.745972648839523e-38,5.782161920873233e-38,5.701270865112883e-38,5.702918857137933e-38,5.783297978030679e-38,5.744759346385821e-38,5.688010507562086e-38,5.759206232927897e-38,-2.1997861417334503e-38,-2.171316984866305e-38,-2.1952829873819035e-38,-2.2102647531125915e-38,-2.1768019683660776e-38,-2.1774694940056177e-38,-2.2107249518840405e-38,-2.1947915497982482e-38,-2.1713090300543482e-38,-2.2007526239091593e-38,1.0,1.0,1.0,1.0,1.0,1.0,1.0,1.0,1.0,1.0
249,4.149969303865602e-37,6.21205963278745e-79,0.0,1.5852755663597806e-37,0.0,4.165225846410276e-38,4.116571325439828e-38,4.1575603349579385e-38,4.1831541430272533e-38,4.1259338202239716e-38,4.127106722734086e-38,4.1839626765701385e-38,4.1566968005964135e-38,4.1165575131030744e-38,4.1669238555930377e-38,-1.5915945341976191e-38,-1.571458639336045e-38,-1.588412313881585e-38,-1.5990077778459801e-38,-1.5753370448889118e-38,-1.5758121344038468e-38,-1.59933530146054e-38,-1.5880625457894075e-38,-1.5714529944590113e-38,-1.592282377334859e-38,1.0,1.0,1.0,1.0,1.0,1.0,1.0,1.0,1.0,1.0
250,3.0028803055928653e-37,3.1082846326926354e-79,0.0,1.1470889982727367e-37,0.0,3.0136685348772147e-38,2.9792558818918885e-38,3.0082517694898325e-38,3.0263522209281054e-38,2.985875981663124e-38,2.986710754938132e-38,3.026927655689501e-38,3.0076371733616935e-38,2.979246075734314e-38,3.014877007354845e-38,-1.1515573115330614e-38,-1.1373154435479395e-38,-1.1493085654681058e-38,-1.1568019220991482e-38,-1.1400578385608476e-38,-1.140395967795954e-38,-1.1570350208806374e-38,-1.1490596272347198e-38,-1.1373114373687603e-38,-1.1520468482381929e-38,1.0,1.0,1.0,1.0,1.0,1.0,1.0,1.0,1.0,1.0
251,2.172858133313633e-37,1.555270640798981e-79,0.0,8.300221722792321e-38,0.0,2.1804867045105173e-38,2.1561471404298373e-38,2.1766590248623225e-38,2.189460008352683e-38,2.1608281157133838e-38,2.1614222368142353e-38,2.1898695464700377e-38,2.1762216038109503e-38,2.15614017778805e-38,2.1813467743843118e-38,-8.331818303666973e-39,-8.231087414620512e-39,-8.315927446275098e-39,-8.368922125754224e-39,-8.250478659497403e-39,-8.252885181238968e-39,-8.370581092194636e-39,-8.314155695507433e-39,-8.231058979462639e-39,-8.33530232970533e-39,1.0,1.0,1.0,1.0,1.0,1.0,1.0,1.0,1.0,1.0
252,1.5722620457882678e-37,7.781999420197204e-80,0.0,6.005960875253652e-38,0.0,1.5776563474162657e-38,1.560441343654365e-38,1.5749515933221567e-38,1.5840046804100052e-38,1.5637511838193787e-38,1.5641740288628381e-38,1.5842961496588102e-38,1.574640271747417e-38,1.5604363995111432e-38,1.5782684594802977e-38,-6.028303570942515e-39,-5.957057967754724e-39,-6.017074315401657e-39,-6.054553279426776e-39,-5.970769318940052e-39,-5.972482079513971e-39,-6.055733968112275e-39,-6.015813320635332e-39,-5.957037782769069e-39,-6.03078314904014e-39,1.0,1.0,1.0,1.0,1.0,1.0,1.0,1.0,1.0,1.0
253,1.1376762532592295e-37,3.893825121404177e-80,0.0,4.345857925290383e-38,0.0,1.1414906532431482e-38,1.1293147515670401e-38,1.1395794071315389e-38,1.1459819056335627e-38,1.1316550786019473e-38,1.1319560237497823e-38,1.1461893450693972e-38,1.1393578333095068e-38,1.129311240426391e-38,1.1419262938599797e-38,-4.361656941731175e-39,-4.3112659208732496e-39,-4.353721861906179e-39,-4.380227747764426e-39,-4.320961052174314e-39,-4.322180051130558e-39,-4.38106804589413e-39,-4.352824384379102e-39,-4.311251590847522e-39,-4.363421656203179e-39,1.0,1.0,1.0,1.0,1.0,1.0,1.0,1.0,1.0,1.0
254,8.232138237424295e-38,1.948326421087049e-80,0.0,3.1446242951679993e-38,0.0,8.259110427640543e-39,8.172992251027524e-39,8.245605195790907e-39,8.290884703486036e-39,8.189540228620137e-39,8.191682099508918e-39,8.292361055990815e-39,8.244028211434941e-39,8.172967314036664e-39,8.262210886706471e-39,-3.155796104790939e-39,-3.120155264642876e-39,-3.150188875524481e-39,-3.16893435284959e-39,-3.1270105573993353e-39,-3.127878137988904e-39,-3.1695323947031567e-39,-3.149550121660126e-39,-3.1201450902272473e-39,-3.157052051893326e-39,1.0,1.0,1.0,1.0,1.0,1.0,1.0,1.0,1.0,1.0
255,5.956714850943461e-38,9.748707196737337e-81,0.0,2.2754233864808347e-38,0.0,5.975787243069397e-39,5.914877298929803e-39,5.966244262227207e-39,5.998266621607465e-39,5.926578006860603e-39,5.928102407347509e-39,5.999317346358207e-39,5.965121892255129e-39,5.914859586546697e-39,5.977993844232593e-39,-2.2833231845711462e-39,-2.258114952097721e-39,-2.2793609335636998e-39,-2.2926180818785714e-39,-2.2629622217595336e-39,-2.26357969216141e-39,-2.2930437096326085e-39,-2.278906319179812e-39,-2.2581077274899666e-39,-2.2842170424738776e-39,1.0,1.0,1.0,1.0,1.0,1.0,1.0,1.0,1.0,1.0
256,4.31023706583917e-38,4.87789404660203e-81,0.0,1.6464777851042908e-38,0.0,4.3237233742360406e-39,4.2806428224675486e-39,4.316980227438898e-39,4.339626898647642e-39,4.2889161112973525e-39,4.290001048806012e-39,4.34037470303378e-39,4.3161814157278974e-39,4.280630240584955e-39,4.325293816151576e-39,-1.652063868833356e-39,-1.6342344764622542e-39,-1.649264034788309e-39,-1.658639722959823e-39,-1.637661895563251e-39,-1.6381013585414965e-39,-1.6589426433244276e-39,-1.648940476527231e-39,-1.6342293459617416e-39,-1.6527000280810168e-39,1.0,1.0,1.0,1.0,1.0,1.0,1.0,1.0,1.0,1.0
257,3.1188586303225657e-38,2.440718702674499e-81,0.0,1.191378435516605e-38,0.0,3.128394931676054e-39,3.097924823783616e-39,3.123630208132752e-39,3.139646236747499e-39,3.1037746512812416e-39,3.104546816489952e-39,3.14017845185165e-39,3.123061679228613e-39,3.09791588561508e-39,3.1295126184191955e-39,-1.1953284425599861e-39,-1.1827179986839328e-39,-1.193350019306146e-39,-1.1999806619001432e-39,-1.1851414600161109e-39,-1.1854542323160604e-39,-1.2001962511821295e-39,-1.1931197364992845e-39,-1.1827143549698752e-39,-1.1957811977323806e-39,1.0,1.0,1.0,1.0,1.0,1.0,1.0,1.0,1.0,1.0
258,2.25678613041134e-38,1.2212459206450625e-81,0.0,8.620724999112252e-39,0.0,2.2635293266946103e-39,2.2419783774125707e-39,2.2601625888062796e-39,2.2714893229546415e-39,2.246114627138711e-39,2.2466641877554962e-39,2.2718681025004175e-39,2.259757956617625e-39,2.2419720272567856e-39,2.2643247869762632e-39,-8.648656049814439e-40,-8.559464463710452e-40,-8.634676193264726e-40,-8.681569137928573e-40,-8.576600241425308e-40,-8.578826287344556e-40,-8.683103493512324e-40,-8.63303722610988e-40,-8.559438583582945e-40,-8.651878314429323e-40,1.0,1.0,1.0,1.0,1.0,1.0,1.0,1.0,1.0,1.0
259,1.6329966589942927e-38,6.110666107885273e-82,0.0,6.237894714170473e-39,0.0,1.6377648164176463e-39,1.622522236032203e-39,1.6353859098407174e-39,1.6433963058167154e-39,1.6254468547447634e-39,1.6258379844917552e-39,1.6436658847635785e-39,1.6350979260324007e-39,1.6225177242113478e-39,1.6383309475917995e-39,-6.25764510276964e-40,-6.1945614138036754e-40,-6.247766789655621e-40,-6.280930171379262e-40,-6.206677723939477e-40,-6.208262032637409e-40,-6.282022177368392e-40,-6.246600305852243e-40,-6.1945430304543785e-40,-6.259938393844637e-40,1.0,1.0,1.0,1.0,1.0,1.0,1.0,1.0,1.0,1.0
260,1.1816268805628806e-38,3.0575531403677076e-82,0.0,4.5136977843141203e-39,0.0,1.1849984671134195e-39,1.1742176852607331e-39,1.1833175669334065e-39,1.188982602826427e-39,1.1762855901553139e-39,1.176563962424438e-39,1.1891744633169142e-39,1.1831126039251088e-39,1.1742144793628311e-39,1.1854013843102138e-39,-4.527663493042268e-40,-4.4830455077147e-40,-4.520683429073109e-40,-4.5441370299028855e-40,-4.491612645894494e-40,-4.492740220673172e-40,-4.544914214466644e-40,-4.519853221072919e-40,-4.483032448485166e-40,-4.529295632815857e-40,1.0,1.0,1.0,1.0,1.0,1.0,1.0,1.0,1.0,1.0
261,8.55018669736064e-39,1.5298875329755044e-82,0.0,3.266082108268166e-39,0.0,8.574027286176707e-40,8.497776961729084e-40,8.562150391892277e-40,8.602214063396776e-40,8.512398419158539e-40,8.51437963127364e-40,8.603579543095743e-40,8.560691635788273e-40,8.497754180524187e-40,8.576894860571172e-40,-3.2759573849574878e-40,-3.2443998908782466e-40,-3.2710252774417887e-40,-3.2876119648674938e-40,-3.2504574823945997e-40,-3.25125999297074e-40,-3.2881650900733992e-40,-3.2704344034628143e-40,-3.2443906131041246e-40,-3.2771189825309674e-40,1.0,1.0,1.0,1.0,1.0,1.0,1.0,1.0,1.0,1.0
262,6.186870129550264e-39,7.65499708946296e-83,0.0,2.363316567810376e-39,0.0,6.203727839356235e-40,6.149797543141066e-40,6.195335940083511e-40,6.223669309412084e-40,6.160135853263953e-40,6.161545907665026e-40,6.2246411276816734e-40,6.1942977193951795e-40,6.149781353706113e-40,6.205768701797797e-40,-2.3702994468204727e-40,-2.3479794185880177e-40,-2.3668144518087663e-40,-2.378544753984691e-40,-2.3522625658945863e-40,-2.352833723608615e-40,-2.3789384154140695e-40,-2.3663939163930933e-40,-2.347972826818074e-40,-2.3711261587733745e-40,1.0,1.0,1.0,1.0,1.0,1.0,1.0,1.0,1.0,1.0
263,4.4767883631438365e-39,3.8302805687419966e-83,0.0,1.7100817664064264e-39,0.0,4.488708441076097e-40,4.450564673634265e-40,4.4827789965283955e-40,4.502816568329927e-40,4.457874502814944e-40,4.458878056602863e-40,4.503508216098588e-40,4.4820400781427186e-40,4.4505531679204206e-40,4.490160930290152e-40,-1.715019398280138e-40,-1.6992328695068011e-40,-1.7125569435551154e-40,-1.7208527410821573e-40,-1.7022613504490095e-40,-1.7026678510621629e-40,-1.7211329115830852e-40,-1.7122576412524612e-40,-1.699228185785692e-40,-1.7156077715076456e-40,1.0,1.0,1.0,1.0,1.0,1.0,1.0,1.0,1.0,1.0
264,3.239382911396856e-39,1.9165324554571306e-83,0.0,1.2374054517469812e-39,0.0,3.2478115713923056e-40,3.22083330522982e-40,3.243622052893637e-40,3.2577927543717483e-40,3.2260017951540815e-40,3.2267160370771365e-40,3.2582850035568206e-40,3.2430961530071976e-40,3.2208251277168356e-40,3.248845313568977e-40,-1.2408968696837914e-40,-1.2297313684044455e-40,-1.2391569436347587e-40,-1.245023813958179e-40,-1.2318727076608622e-40,-1.2321620195257262e-40,-1.2452232125417675e-40,-1.2389439251355208e-40,-1.2297280402035852e-40,-1.2413156167211747e-40,1.0,1.0,1.0,1.0,1.0,1.0,1.0,1.0,1.0,1.0
265,2.344003009386102e-39,9.58962894433426e-84,0.0,8.953799020107535e-40,0.0,2.3499628807787164e-40,2.3308817480945935e-40,2.347002752467817e-40,2.3570243507957906e-40,2.334536171678116e-40,2.335044506572836e-40,2.357374687089967e-40,2.3466284613684793e-40,2.3308759357189666e-40,2.3506985992957417e-40,-8.978486906135894e-41,-8.899515571352266e-41,-8.966193004258201e-41,-9.007684035759579e-41,-8.914656234759652e-41,-8.916715305043007e-41,-9.009103164668537e-41,-8.964676916387182e-41,-8.899491919978689e-41,-8.981467142732351e-41,1.0,1.0,1.0,1.0,1.0,1.0,1.0,1.0,1.0,1.0
266,1.6961107029286722e-39,4.798300719660177e-84,0.0,6.478923064574298e-40,0.0,1.7003248932732515e-40,1.686829239324551e-40,1.6982334154846532e-40,1.7053207350604638e-40,1.6894131223754877e-40,1.6897749105887324e-40,1.7055700712703984e-40,1.6979670268152717e-40,1.6868251078045456e-40,1.7008485072893696e-40,-6.496379875054649e-41,-6.440525087700423e-41,-6.487693369831636e-41,-6.517036157353268e-41,-6.451230493026286e-41,-6.452695959841034e-41,-6.518046158195685e-41,-6.486614345532075e-41,-6.44050827914421e-41,-6.498500920063721e-41,1.0,1.0,1.0,1.0,1.0,1.0,1.0,1.0,1.0,1.0
267,1.2272989783944559e-39,2.400894944668535e-84,0.0,4.688117245342168e-40,0.0,1.2302788002906412e-40,1.2207336366131376e-40,1.228801079972392e-40,1.2338132571863083e-40,1.222560582023402e-40,1.2228180711028145e-40,1.2339907111349195e-40,1.2286114871765122e-40,1.2207306997152887e-40,1.2306514587291418e-40,-4.700460929826102e-41,-4.660956027114134e-41,-4.69432335512261e-41,-4.715074778741554e-41,-4.668525403520856e-41,-4.66956839485918e-41,-4.71579360135479e-41,-4.693555396387594e-41,-4.66094408089257e-41,-4.701970485602279e-41,1.0,1.0,1.0,1.0,1.0,1.0,1.0,1.0,1.0,1.0
268,8.880689700838933e-40,1.2013204973674389e-84,0.0,3.3923000831056237e-40,0.0,8.901759740824237e-41,8.834249059866854e-41,8.891319092389051e-41,8.926765333995926e-41,8.847166517008843e-41,8.84899909779545e-41,8.928028283740277e-41,8.889969732629937e-41,8.834228181828518e-41,8.90441196831025e-41,-3.401028262082175e-41,-3.3730873062645213e-41,-3.3966917073348696e-41,-3.411367237867158e-41,-3.3784393032251776e-41,-3.379181613232695e-41,-3.411878827608918e-41,-3.396145139135185e-41,-3.3730788153243696e-41,-3.4021026189811677e-41,1.0,1.0,1.0,1.0,1.0,1.0,1.0,1.0,1.0,1.0
269,6.426036090893062e-40,6.010971285485687e-85,0.0,2.454653609945873e-40,0.0,6.44093447953442e-41,6.393185811869632e-41,6.433557834088822e-41,6.45862546773028e-41,6.402319101306673e-41,6.403623370873434e-41,6.459524316349172e-41,6.4325974752775e-41,6.393170969217176e-41,6.442822082683505e-41,-2.4608252612898176e-41,-2.441063247997222e-41,-2.4577612583002293e-41,-2.4681398662656454e-41,-2.44484741570217e-41,-2.4453757269220155e-41,-2.4685039673911047e-41,-2.4573722573524375e-41,-2.441057212611342e-41,-2.461589885626746e-41,1.0,1.0,1.0,1.0,1.0,1.0,1.0,1.0,1.0,1.0
270,4.64985878389279e-40,3.0076718840527125e-85,0.0,1.7761773070002713e-40,0.0,4.660393240012179e-41,4.626621791686769e-41,4.6551814545695e-41,4.672909295681919e-41,4.633079465983356e-41,4.634007729995162e-41,4.673549011548208e-41,4.654497953575295e-41,4.626611239232747e-41,4.661736656642764e-41,-1.7805412395222406e-41,-1.7665640201828626e-41,-1.7783763795193216e-41,-1.7857161720483615e-41,-1.7692396353233172e-41,-1.7696156408782725e-41,-1.7859753048009646e-41,-1.778099521702205e-41,-1.766559729984429e-41,-1.7810854260407402e-41,1.0,1.0,1.0,1.0,1.0,1.0,1.0,1.0,1.0,1.0
271,3.3646237191791696e-40,1.504929986315635e-85,0.0,1.28523506471362e-40,0.0,3.372072476252788e-41,3.348186787341941e-41,3.3683902514557644e-41,3.380927369776683e-41,3.3527526597291953e-41,3.3534133160439e-41,3.3813826594147564e-41,3.367903794255084e-41,3.3481792846914014e-41,3.3730285928301855e-41,-1.2883207637593909e-41,-1.278435004344828e-41,-1.2867912031137355e-41,-1.291981925905236e-41,-1.2803268062541601e-41,-1.280594413951262e-41,-1.2921663521334512e-41,-1.2865941593202115e-41,-1.2784319545413454e-41,-1.2887080638125787e-41,1.0,1.0,1.0,1.0,1.0,1.0,1.0,1.0,1.0,1.0
272,2.434632264865825e-40,7.530124784502965e-86,0.0,9.299914543133455e-41,0.0,2.4398991563371795e-41,2.423005427748366e-41,2.437297618246117e-41,2.44616384750378e-41,2.4262336996717447e-41,2.426703896391365e-41,2.446487879938748e-41,2.436951399970868e-41,2.423000093239064e-41,2.440579629611013e-41,-9.321733199156086e-42,-9.251813595935753e-42,-9.310926332096474e-42,-9.347635222729029e-42,-9.265189600574509e-42,-9.267094196525352e-42,-9.348947794760082e-42,-9.30952394284216e-42,-9.251791914523373e-42,-9.324489632191728e-42,1.0,1.0,1.0,1.0,1.0,1.0,1.0,1.0,1.0,1.0
273,1.761693587774162e-40,3.767802141157706e-86,0.0,6.729386770916627e-41,0.0,1.7654177088092537e-41,1.753469222037273e-41,1.7635797060026699e-41,1.7698498792883896e-41,1.755751744961626e-41,1.7560863893370532e-41,1.77008049520242e-41,1.7633332977704901e-41,1.7534654289574327e-41,1.76590200537501e-41,-6.744814475279258e-42,-6.695362057110928e-42,-6.737179122434471e-42,-6.763139682153905e-42,-6.704819547101184e-42,-6.706175070543116e-42,-6.76407384736328e-42,-6.73618102200378e-42,-6.695346642816312e-42,-6.746776242360029e-42,1.0,1.0,1.0,1.0,1.0,1.0,1.0,1.0,1.0,1.0
274,1.2747572789672852e-40,1.8852721096323193e-86,0.0,4.869363088068765e-41,0.0,1.27739052875074e-41,1.268939687309178e-41,1.276091980144127e-41,1.2805262230533672e-41,1.2705535213708393e-41,1.2707916915583301e-41,1.280690353869817e-41,1.275916608119796e-41,1.2689369901504178e-41,1.277735205346241e-41,-4.880271800585139e-42,-4.845295347280949e-42,-4.874877258585428e-42,-4.893236562350223e-42,-4.851982235907869e-42,-4.8529469777872324e-42,-4.893901413326029e-42,-4.8741668965069405e-42,-4.8452843880701484e-42,-4.8816680002876896e-42,1.0,1.0,1.0,1.0,1.0,1.0,1.0,1.0,1.0,1.0
275,9.224115897854418e-41,9.433221583457532e-87,0.0,3.523456891818437e-41,0.0,9.242735018755321e-42,9.18296455169964e-42,9.233560859418671e-42,9.264919610897193e-42,9.194374962718119e-42,9.196070046636007e-42,9.266087740557656e-42,9.232312713674561e-42,9.182945372196389e-42,9.24518810199061e-42,-3.531170268752078e-42,-3.5064323213921404e-42,-3.527358942022598e-42,-3.540342619636479e-42,-3.511160250990274e-42,-3.511846868947294e-42,-3.540815798140515e-42,-3.5268533675234e-42,-3.50642452930779e-42,-3.532163951471799e-42,1.0,1.0,1.0,1.0,1.0,1.0,1.0,1.0,1.0,1.0
276,6.674552025385127e-41,4.720044237972994e-87,0.0,2.549563872469289e-41,0.0,6.687717154553356e-42,6.64544318856809e-42,6.68123573190076e-42,6.7034124557485e-42,6.653510751698105e-42,6.65471716175135e-42,6.704243821319242e-42,6.680347410400928e-42,6.645429549526836e-42,6.689463028384114e-42,-2.555017864201965e-42,-2.5375213631315506e-42,-2.552325127517911e-42,-2.5615071551486942e-42,-2.5408642110200144e-42,-2.5413528848846564e-42,-2.5618439192384146e-42,-2.5519653032736332e-42,-2.5375158226695524e-42,-2.5557250736064966e-42,1.0,1.0,1.0,1.0,1.0,1.0,1.0,1.0,1.0,1.0
277,4.829693962659477e-41,2.3617403107329115e-87,0.0,1.8448580627256508e-41,0.0,4.839002681376428e-42,4.809103521610698e-42,4.8344236842589465e-42,4.8501069084877613e-42,4.8148075558051726e-42,4.8156661711255165e-42,4.850698596919548e-42,4.83379145449247e-42,4.809093822200455e-42,4.840245230317775e-42,-1.8487144731769283e-42,-1.8363396669573916e-42,-1.846812047641813e-42,-1.8533055472607385e-42,-1.8387031958929318e-42,-1.8390509906258342e-42,-1.8535452243996943e-42,-1.846555955908458e-42,-1.8363357273263812e-42,-1.8492177980663388e-42,1.0,1.0,1.0,1.0,1.0,1.0,1.0,1.0,1.0,1.0
278,3.494758882615031e-41,1.18172998773289e-87,0.0,1.3349350800444461e-41,0.0,3.501340816463777e-42,3.480194018396722e-42,3.498105875731291e-42,3.509196925366312e-42,3.484226946902569e-42,3.484838032802912e-42,3.5096180340320545e-42,3.497655909831226e-42,3.4801871204284846e-42,3.502225146194962e-42,-1.3376618649126506e-42,-1.3289095032139765e-42,-1.3363178085276554e-42,-1.3409099831214496e-42,-1.3305806089026037e-42,-1.3308281383226048e-42,-1.3410805628874935e-42,-1.3361355446612444e-42,-1.3289067017719705e-42,-1.3380200841228127e-42,1.0,1.0,1.0,1.0,1.0,1.0,1.0,1.0,1.0,1.0
279,2.52880263598399e-41,5.912952793960108e-88,0.0,9.659562466310409e-42,0.0,2.533456524058311e-42,2.5185000268342556e-42,2.5311711453126093e-42,2.539014634019954e-42,2.5213514230676075e-42,2.5217863395229735e-42,2.539314339948126e-42,2.5308508989778176e-42,2.5184951210230376e-42,2.5340859070752088e-42,-9.678842924054658e-43,-9.61693991562466e-43,-9.669347304186817e-43,-9.701822913463577e-43,-9.628755238349613e-43,-9.630516932799383e-43,-9.703036940839284e-43,-9.668050108534083e-43,-9.61691999405447e-43,-9.681392391197534e-43,1.0,1.0,1.0,1.0,1.0,1.0,1.0,1.0,1.0,1.0
280,1.8298385131188936e-41,2.9586296769052866e-88,0.0,6.989641228650968e-42,0.0,1.833129128802819e-42,1.8225508548169597e-42,1.8315145996039824e-42,1.837061434355144e-42,1.8245668674844568e-42,1.8248764022008675e-42,1.8372747371472505e-42,1.831286676348577e-42,1.822547365714834e-42,1.833577064714043e-42,-7.00327395255492e-43,-6.959491720172961e-43,-6.9965654570862675e-43,-7.0195319966481015e-43,-6.967845555831508e-43,-6.969099373221058e-43,-7.0203960280087555e-43,-6.995642226292407e-43,-6.9594775530820346e-43,-7.005088423611656e-43,1.0,1.0,1.0,1.0,1.0,1.0,1.0,1.0,1.0,1.0
281,1.3240692526057853e-41,1.480392407350719e-88,0.0,5.057692605131083e-42,0.0,1.326395935476268e-42,1.3189142513885058e-42,1.3252553457562866e-42,1.3291780042581898e-42,1.3203396212412269e-42,1.3205599204013897e-42,1.3293298133553146e-42,1.3250931300056054e-42,1.3189117698033136e-42,1.3267147343717517e-42,-5.06733193326551e-43,-5.036366034284538e-43,-5.062592538476959e-43,-5.0788343009695425e-43,-5.0422724624323e-43,-5.043164817994779e-43,-5.079449237919359e-43,-5.061935463429717e-43,-5.036355959115205e-43,-5.068623303422913e-43,1.0,1.0,1.0,1.0,1.0,1.0,1.0,1.0,1.0,1.0
282,9.58095372377662e-42,7.40735454002778e-89,0.0,3.659738802281232e-42,0.0,9.59740486437454e-43,9.544489284796387e-43,9.589347206979612e-43,9.617087758496366e-43,9.554566963296559e-43,9.556134855754353e-43,9.618168194635179e-43,9.588192697997655e-43,9.544471634303894e-43,9.599673777131653e-43,-3.66655449038814e-43,-3.644653229088672e-43,-3.663206250583254e-43,-3.674692284085533e-43,-3.64882924911571e-43,-3.649464348259543e-43,-3.6751299389179675e-43,-3.662738602058398e-43,-3.644646063729243e-43,-3.6674735665858646e-43,1.0,1.0,1.0,1.0,1.0,1.0,1.0,1.0,1.0,1.0
283,6.932771520620974e-42,3.706375858158746e-89,0.0,2.648182203155646e-42,0.0,6.9444034999066e-43,6.906978019628219e-43,6.938711250737028e-43,6.958328991608685e-43,6.9141031372492944e-43,6.9152190228038765e-43,6.959097945772405e-43,6.937889572983099e-43,6.90696546522446e-43,6.946018300296068e-43,-2.6530013644679407e-43,-2.6375112651681676e-43,-2.6506359562425835e-43,-2.6587587668876804e-43,-2.6404638260472647e-43,-2.6409158329504773e-43,-2.6590702488627737e-43,-2.650303125014556e-43,-2.6375061690794338e-43,-2.6536554768355853e-43,1.0,1.0,1.0,1.0,1.0,1.0,1.0,1.0,1.0,1.0
284,5.016549865657189e-42,1.8545383949952908e-89,0.0,1.916221654963785e-42,0.0,5.024774375085998e-43,4.998304564147545e-43,5.020753183806861e-43,5.0346265613246695e-43,5.003342146695066e-43,5.00413633410347e-43,5.0351738315837835e-43,5.020168386096878e-43,4.998295634249599e-43,5.025923639478015e-43,-1.919629124820603e-43,-1.908673455480675e-43,-1.9179580669301674e-43,-1.9237024302840153e-43,-1.9107609905542288e-43,-1.9110826887004064e-43,-1.9239241141886217e-43,-1.9177211868862213e-43,-1.9086698309748606e-43,-1.920094660818053e-43,1.0,1.0,1.0,1.0,1.0,1.0,1.0,1.0,1.0,1.0
285,3.629973696865482e-42,9.279450181884942e-90,0.0,1.3865761687917065e-42,0.0,3.635788903537709e-43,3.61706769304783e-43,3.632948230491238e-43,3.642759263086607e-43,3.6206293402849496e-43,3.621194571707948e-43,3.643148759339586e-43,3.632532023163507e-43,3.617061341090476e-43,3.63660684290497e-43,-1.388985471548289e-43,-1.3812368710997154e-43,-1.3878049533156232e-43,-1.3918672982380628e-43,-1.3827128064101165e-43,-1.3829417623955219e-43,-1.3920250722441976e-43,-1.3876363629333706e-43,-1.3812342931591234e-43,-1.389316796573045e-43,1.0,1.0,1.0,1.0,1.0,1.0,1.0,1.0,1.0,1.0
286,2.6266482575264646e-42,4.643107142199244e-90,0.0,1.003325439339017e-42,0.0,2.6307599352405973e-43,2.6175190616055653e-43,2.6287532307545557e-43,2.6356914262396886e-43,2.620037191965017e-43,2.6204394729999364e-43,2.6359686336022446e-43,2.6284570112107497e-43,2.6175145432658656e-43,2.6313420683804276e-43,-1.0050289682971119e-43,-9.995486314422645e-44,-1.0041949997366824e-43,-1.007067836846918e-43,-1.0005921483199322e-43,-1.0007550987080116e-43,-1.0071801257373416e-43,-1.0040750119527575e-43,-9.995467978246103e-44,-1.0052647745245423e-43,1.0,1.0,1.0,1.0,1.0,1.0,1.0,1.0,1.0,1.0
287,1.900642577964866e-42,2.323246075240439e-90,0.0,7.260056795615989e-43,0.0,1.903549756679262e-43,1.894184946451743e-43,1.9021321974682556e-43,1.9070387634123728e-43,1.8959652911074197e-43,1.8962515986452207e-43,1.9072360539590225e-43,1.9019213746443124e-43,1.894181732347311e-43,1.9039640649337395e-43,-7.272101785613351e-44,-7.233341151538225e-44,-7.266210332863002e-44,-7.286526628273157e-44,-7.240719008575975e-44,-7.241878743547157e-44,-7.28732579643222e-44,-7.265356365664371e-44,-7.233328109185548e-44,-7.273780034466881e-44,1.0,1.0,1.0,1.0,1.0,1.0,1.0,1.0,1.0,1.0
288,1.3753051877991842e-42,1.1624700312740296e-90,0.0,5.253373901656816e-43,0.0,1.377360714575402e-43,1.370737315171032e-43,1.3763593445818786e-43,1.3798291733096893e-43,1.3719960333982245e-43,1.3721998013919244e-43,1.3799695864745575e-43,1.3762092995991623e-43,1.370735028780167e-43,1.3776555807098054e-43,-5.261890421038599e-44,-5.23447631280711e-44,-5.25772852886377e-44,-5.272095901026835e-44,-5.239692577091953e-44,-5.240517972532963e-44,-5.272664674844649e-44,-5.257120750451501e-44,-5.234467035671442e-44,-5.26308484223934e-44,1.0,1.0,1.0,1.0,1.0,1.0,1.0,1.0,1.0,1.0
289,9.951711981811264e-43,5.816588844301099e-91,0.0,3.8013398961805794e-43,0.0,9.966245584465775e-44,9.919400661461833e-44,9.95917193590143e-44,9.983709854541774e-44,9.928299872520892e-44,9.929750109991828e-44,9.984709185670675e-44,9.958104048983974e-44,9.919384396615557e-44,9.968344167958902e-44,-3.807361561288246e-44,-3.787972490248488e-44,-3.804421509917355e-44,-3.814581878555119e-44,-3.791660461461353e-44,-3.792247903927417e-44,-3.8149866790748995e-44,-3.803988947007649e-44,-3.7879658911861123e-44,-3.808211639139151e-44,1.0,1.0,1.0,1.0,1.0,1.0,1.0,1.0,1.0,1.0
290,7.20106288510364e-43,2.910415631875096e-91,0.0,2.7506490967076248e-43,0.0,7.21133883915984e-44,7.178207138171257e-44,7.206342086096102e-44,7.223694771243136e-44,7.184498910981663e-44,7.185531059614883e-44,7.224406002831588e-44,7.205582059143609e-44,7.178195567513025e-44,7.212832416281292e-44,-2.754906745305935e-44,-2.7411935232905763e-44,-2.7528298498053297e-44,-2.760015083298638e-44,-2.7438009615392295e-44,-2.744219050376945e-44,-2.760303182839087e-44,-2.752521989840365e-44,-2.741188829102532e-44,-2.75551175167761e-44,1.0,1.0,1.0,1.0,1.0,1.0,1.0,1.0,1.0,1.0
291,5.210693098944702e-43,1.456269356671688e-91,0.0,1.990369786158938e-43,0.0,5.217958669826702e-44,5.194525849976768e-44,5.214429051389922e-44,5.226700474424438e-44,5.19897413992037e-44,5.199708730457942e-44,5.227206663409709e-44,5.213888131858078e-44,5.194517618563199e-44,5.219021659619884e-44,-1.993380169333138e-44,-1.9836812881944886e-44,-1.99191303470618e-44,-1.9969942968186984e-44,-1.9855247710612925e-44,-1.9858223291569407e-44,-1.9971993394218785e-44,-1.991693927285531e-44,-1.9836779489498262e-44,-1.9938107566614082e-44,1.0,1.0,1.0,1.0,1.0,1.0,1.0,1.0,1.0,1.0
292,3.77046114745367e-43,7.286659181494593e-92,0.0,1.4402319514910312e-43,0.0,3.7755982240872714e-44,3.7590250768514997e-44,3.773104990001782e-44,3.7817830458440623e-44,3.76217001176114e-44,3.762692827180215e-44,3.782143304459176e-44,3.77272001167751e-44,3.7590192208836264e-44,3.77635476179042e-44,-1.4423604457394306e-44,-1.4355007731252683e-44,-1.4413240613881392e-44,-1.4449174285803753e-44,-1.43680412815923e-44,-1.4370159032777276e-44,-1.445063358950533e-44,-1.4411681201805681e-44,-1.4354983976795722e-44,-1.4426668978294644e-44,1.0,1.0,1.0,1.0,1.0,1.0,1.0,1.0,1.0,1.0
293,2.728308822922305e-43,3.6459881446743715e-92,0.0,1.042152324531365e-43,0.0,2.731940950097075e-44,2.7202194003318784e-44,2.7301798106830685e-44,2.736316713131809e-44,2.7224428573797715e-44,2.722814950307978e-44,2.736573111991523e-44,2.729905817448724e-44,2.720215234223901e-44,2.7324793836273235e-44,-1.0436572739901965e-44,-1.0388056765196212e-44,-1.0429251793187136e-44,-1.0454663327122535e-44,-1.0397271543813684e-44,-1.0398778768722372e-44,-1.0455701924676528e-44,-1.0428141942287861e-44,-1.0388039866597257e-44,-1.0438753781630964e-44,1.0,1.0,1.0,1.0,1.0,1.0,1.0,1.0,1.0,1.0
294,1.9742068992326384e-43,1.824324530580542e-92,0.0,7.54101923689667e-44,0.0,1.9767749567187307e-44,1.9684847627372695e-44,1.9755309584894173e-44,1.9798708139084202e-44,1.970056732998064e-44,1.97032155521507e-44,1.980053294983962e-44,1.9753359545659377e-44,1.968481798795874e-44,1.9771581639136363e-44,-7.551659933783443e-45,-7.517346375946087e-45,-7.546488521936513e-45,-7.564458992233886e-45,-7.523861243817076e-45,-7.524933950929076e-45,-7.565198170075608e-45,-7.545698628827865e-45,-7.51733435428027e-45,-7.553212197136872e-45,1.0,1.0,1.0,1.0,1.0,1.0,1.0,1.0,1.0,1.0
295,1.4285382773507423e-43,9.128280869960489e-93,0.0,5.456686218818957e-44,0.0,1.4303539900034042e-44,1.424490665143183e-44,1.429475289062258e-44,1.4325443150089163e-44,1.4256020344403365e-44,1.4257905110197317e-44,1.4326741882269622e-44,1.429336502694019e-44,1.424488556439042e-44,1.430626721469571e-44,-5.4642096671532663e-45,-5.439940975940865e-45,-5.460556694271594e-45,-5.4732649889950397e-45,-5.444546985577277e-45,-5.4453104419533835e-45,-5.47379106757e-45,-5.4599945187191875e-45,-5.4399324235683186e-45,-5.4653144244406524e-45,1.0,1.0,1.0,1.0,1.0,1.0,1.0,1.0,1.0,1.0
296,1.0336920469199158e-43,4.567472516246283e-93,0.0,3.948462304308265e-44,0.0,1.0349758197313905e-44,1.0308289267591172e-44,1.0343551541200156e-44,1.0365254808102994e-44,1.0316146524273556e-44,1.0317487930568683e-44,1.0366179126075465e-44,1.0342563783948803e-44,1.030827426492851e-44,1.035169924798834e-44,-3.953781702720137e-45,-3.936617383840658e-45,-3.951201349422423e-45,-3.960188341986169e-45,-3.939873820129809e-45,-3.940417179628635e-45,-3.960562756194158e-45,-3.950801242991387e-45,-3.93661129946191e-45,-3.95456796670737e-45,1.0,1.0,1.0,1.0,1.0,1.0,1.0,1.0,1.0,1.0
297,7.479809603358687e-44,2.28540379008228e-93,0.0,2.857110865840471e-44,0.0,7.488886301518193e-45,7.459557028444537e-45,7.484502312109038e-45,7.499850210312647e-45,7.465112001460442e-45,7.466066693419201e-45,7.500508054767476e-45,7.483799314905515e-45,7.459546354439312e-45,7.49026776221051e-45,-2.8608718957957125e-45,-2.848732239146635e-45,-2.859049229091118e-45,-2.8654045977903465e-45,-2.851034522813113e-45,-2.851421237149481e-45,-2.8656710713079876e-45,-2.8587644690432874e-45,-2.8487279104891975e-45,-2.8614314857778313e-45,1.0,1.0,1.0,1.0,1.0,1.0,1.0,1.0,1.0,1.0
298,5.41240123915863e-44,1.143536409187335e-93,0.0,2.0674083642000568e-44,0.0,5.418818744963284e-45,5.3980753721963763e-45,5.415722206437511e-45,5.426575759937886e-45,5.402002648180393e-45,5.402682111733283e-45,5.4270439530958633e-45,5.415221875998021e-45,5.398067777811866e-45,5.4198019412318164e-45,-2.0700675565549086e-45,-2.0614816562481614e-45,-2.0687801056715268e-45,-2.0732744503747617e-45,-2.0631093532800495e-45,-2.0633845816859187e-45,-2.073464101671613e-45,-2.0685774389074944e-45,-2.0614785766274456e-45,-2.0704658209786936e-45,1.0,1.0,1.0,1.0,1.0,1.0,1.0,1.0,1.0,1.0
299,3.916422150581239e-44,5.72185837014535e-94,0.0,1.4959790885773913e-44,0.0,3.920959511171381e-45,3.906288601520043e-45,3.918772360940629e-45,3.926447640984637e-45,3.9090651121118053e-45,3.9095486929063513e-45,3.9267808578158935e-45,3.918416270583621e-45,3.9062831981638314e-45,3.9216592596141923e-45,-1.497859233791903e-45,-1.4917867706763337e-45,-1.4969498454968822e-45,-1.5001281189532485e-45,-1.4929375360685877e-45,-1.493133418826931e-45,-1.5002630952799696e-45,-1.4968056054144004e-45,-1.4917845796480348e-45,-1.4981426816176244e-45,1.0,1.0,1.0,1.0,1.0,1.0,1.0,1.0,1.0,1.0
300,2.8339297588428143e-44,2.863019230302155e-94,0.0,1.0824923917384237e-44,0.0,2.8371377928063087e-45,2.826761688980408e-45,2.8355929800945537e-45,2.8410206789272165e-45,2.828724622905025e-45,2.8290687920254247e-45,2.8412578320344906e-45,2.8353395469212885e-45,2.826757844477318e-45,2.8376358092561134e-45,-1.083821718365073e-45,-1.0795269125396351e-45,-1.0831793808460755e-45,-1.0854269620574208e-45,-1.08034048920678e-45,-1.0804799008809265e-45,-1.085523025781403e-45,-1.0830767236623322e-45,-1.0795253536865136e-45,-1.0840234503580792e-45,1.0,1.0,1.0,1.0,1.0,1.0,1.0,1.0,1.0,1.0
