step,J,D,stress,movement,active_directed_pairs,x_0,x_1,x_2,x_3,x_4,x_5,x_6,x_7,x_8,x_9,v_0,v_1,v_2,v_3,v_4,v_5,v_6,v_7,v_8,v_9,y_0,y_1,y_2,y_3,y_4,y_5,y_6,y_7,y_8,y_9
1,0.028848205782978927,0.00011928152672273942,0.0,0.09517489732842763,0.0,-0.00023514065234111602,0.0028092629940141413,-0.0007392683174254778,-0.0052624755371995305,0.0036408297375413704,0.0036673418936035013,-0.00573123219027994,-0.0015566925338662977,0.004551271404052265,-0.0006546905226552857,-0.005202282182453443,0.004191906005725988,-0.0072161536984324025,-0.020492774101279785,0.00598236348477473,0.006008711463095307,-0.021523360345353855,-0.009231039825395386,0.009246015263401786,-0.006080290958514933,1.0000029417734002,0.9999922852604374,1.000000477127347,1.0000098712384142,0.9999899723222849,0.9999867496795947,1.0000117426974804,1.0000013412500568,0.9999922645788701,1.000007738905784
2,0.04734172159202354,6.59738462120965e-05,0.0,0.060617511339566506,0.0,-0.002311490031156735,-0.007659352767978954,-0.0044789824818717554,-0.002492876287898533,-0.007571923438310124,-0.00792683695049917,-0.0021075397035312735,-0.003970865345000006,-0.007614245599097657,-0.0012076089866793335,-0.002076349378815619,-0.010468615761993096,-0.003739714164446278,0.0027695992493009976,-0.011212753175851494,-0.011594178844102672,0.003623692486748667,-0.002414172811133708,-0.012165517003149922,-0.0005529184640240478,0.9999644965419819,0.999959448467499,0.9999424116397627,0.9999259132298524,0.9999322863532624,0.9999287337405957,0.9999097969414414,0.9999227580888476,0.9999423770103001,0.9999480673674996
3,0.04952101970096399,4.284282311316901e-05,0.0,0.04238496442935729,0.0,-0.007348572125628809,-0.0023653075243455814,-0.005127380781818066,-0.007046136121976371,-0.0034116541319746292,-0.0029793535735689984,-0.006955513670062977,-0.00487743582855712,-0.001913210365788275,-0.007496455577243164,-0.005037082094472074,0.005294045243633373,-0.0006483982999463101,-0.0045532598340778385,0.004160269306335495,0.004947483376930172,-0.004847973966531704,-0.0009065704835571138,0.005701035233309382,-0.00628884659056383,0.9999641728604723,0.9999499044348253,0.9999422282130284,0.9999447748853034,0.9999297203577451,0.9999246831433538,0.9999329249563486,0.9999153006405723,0.999922674540667,0.9999414544275761
4,0.014819377793185392,3.0491769340684817e-05,0.0,0.05235916455019833,0.0,0.001697228297610107,-0.00235283069587635,-0.00013423364368045018,0.0023580889500620077,-0.0005112221687921595,-0.0007138325380126685,0.002263807313463642,-0.0003652870598256242,-0.00283777582586941,0.0015850712999929736,0.009045800423238916,1.2476828469231566e-05,0.004993147138137616,0.00940422507203838,0.0029004319631824697,0.00226552103555633,0.009219320983526619,0.004512148768731496,-0.0009245654600811351,0.009081526877236137,0.9999985279860629,1.0000033031161868,1.000002152866307,0.9999980948725736,1.000007912860666,1.0000070860165746,0.9999933718925993,0.9999998717581166,1.000001638493648,0.9999955262139018
5,0.04854613175609281,2.349579983559827e-05,0.0,0.04755711782702074,0.0,0.0033739190381742853,0.007069627064700186,0.005548067162376248,0.0032554893247685388,0.005780748667211145,0.005738024898785877,0.0029627409714018584,0.005170302384730846,0.006828609419475199,0.002818602824468627,0.0016766907405641783,0.009422457760576536,0.005682300806056698,0.000897400374706531,0.006291970836003305,0.006451857436798545,0.0006989336579382166,0.00553558944455647,0.009666385245344609,0.0012335315244756534,1.0000383006492797,1.0000448930151624,1.0000578996996636,1.0000675465205866,1.0000644112585824,1.0000695478721655,1.0000844656259542,1.0000809717259855,1.000066770114361,1.0000587707137383
6,0.04969865212348332,2.0033878575618293e-05,0.0,0.027034626149116784,0.0,0.006967175548641583,0.0034294087011121892,0.004430418651856012,0.00622195042220043,0.003785530725058479,0.0037625914285852585,0.006288987306883677,0.004470091868232359,0.0033162853315720654,0.0070262121393412655,0.0035932565104672973,-0.003640218363587997,-0.001117648510520236,0.0029664610974318916,-0.0019952179421526663,-0.0019754334702006184,0.0033262463354818183,-0.0007002105164984869,-0.0035123240879031334,0.0042076093148726386,1.0000358291054903,1.0000484285550952,1.0000569459992266,1.0000568527260216,1.000068431673046,1.0000735319381873,1.0000713787873767,1.0000865748092156,1.00007726239543,1.0000602821297013
7,0.01128631301297552,1.5544111994281174e-05,0.0,0.05152279095333659,0.0,-0.001990750480360199,0.0011375468987204016,0.00020883752306814947,-0.0015368199427278316,0.0006070224711513411,0.0007012843128979445,-0.0013776761407254187,0.0005006470905081148,0.0015757487952151698,-0.0016499793576009473,-0.008957926029001782,-0.0022918618023917876,-0.004221581128787863,-0.007758770364928262,-0.003178508253907138,-0.003061307115687314,-0.007666663447609095,-0.003969444777724244,-0.0017405365363568955,-0.008676191496942213,0.9999991032579965,0.9999959911976125,0.9999973569981726,1.0000017801899954,0.99999626882805,0.9999973573132482,1.0000054329823371,0.9999984985014452,0.9999967628227708,1.0000004825483508
8,0.04879830946031846,1.2403004082882544e-05,0.0,0.04697417063046518,0.0,-0.0037639424848783364,-0.006490957325831116,-0.005517342185344246,-0.0036599535614211523,-0.005380413635363826,-0.005355744310604892,-0.0035247080608602913,-0.005339373701217849,-0.006322192801951485,-0.0034436813928452725,-0.0017731920045181374,-0.0076285042245515175,-0.005726179708412395,-0.0021231336186933207,-0.005987436106515167,-0.006057028623502836,-0.0021470319201348726,-0.005840020791725964,-0.007897941597166655,-0.0017937020352443251,0.9999620219470621,0.9999546105411001,0.9999425046104206,0.9999343304656064,0.9999350370116303,0.9999293505594878,0.9999168470581236,0.9999173305641024,0.999930586031271,0.9999401027430354
9,0.04902535694225833,1.0524029734163148e-05,0.0,0.01980359543573211,0.0,-0.006106815130154935,-0.0035143601607684344,-0.0043128497698678055,-0.005919327700714483,-0.004329886520715195,-0.004350331684326751,-0.006036690372891575,-0.004461247233763656,-0.003649074613975449,-0.0063447737550800486,-0.002342872645276599,0.0029765971650626815,0.0012044924154764403,-0.0022593741392933305,0.0010505271146486316,0.0010054126262781403,-0.002511982312031284,0.0008781264674541933,0.002673118187976036,-0.002901092362234776,0.9999655359071717,0.9999535492685778,0.9999438070239062,0.9999412841534132,0.9999305202066596,0.9999252341880867,0.9999257262416466,0.9999140548748947,0.9999248219458134,0.9999411210098202
10,0.008650591181426252,9.29220419059566e-06,0.0,0.05080828772587938,0.0,0.0016976840350467533,-0.0007824795280936803,-0.00016363959742942118,0.0011419362245311225,-0.0004384469895308478,-0.0005054986950212555,0.0009979594899948594,-0.0004201353725546246,-0.001123630016272777,0.0013791812329509105,0.007804499165201689,0.002731880632674754,0.004149210172438384,0.007061263925245606,0.003891439531184347,0.003844832989305496,0.007034649862886435,0.004041111861209031,0.002525444597702672,0.007723954988030959,1.000001144985753,1.000003457406608,1.0000024709008815,0.9999989279181639,1.0000028548140436,1.0000019204693542,0.9999960686139483,1.000001709856336,1.0000029609656063,1.0000002664749832
11,0.048617403567211406,7.517216995602486e-06,0.0,0.046834472783590375,0.0,0.0037299154942887847,0.005950078445166405,0.005318016912997316,0.004008370106078284,0.005375954998989213,0.005370103203323016,0.003978834535013181,0.005296136686472763,0.005938521580702575,0.003651471604179876,0.0020322314592420314,0.0067325579732600855,0.005481656510426737,0.0028664338815471615,0.005814401988520061,0.005875601898344272,0.0029808750450183216,0.005716272059027388,0.007062151596975352,0.0022722903712289657,1.0000367288739394,1.0000448458234041,1.0000569417221519,1.000065197341663,1.0000665688213564,1.0000724875907208,1.0000830769842353,1.0000833048021516,1.0000700137967233,1.0000592709434788
12,0.04882620754561775,6.398971184363272e-06,0.0,0.01552939038247044,0.0,0.005738860589748064,0.0037264457892278984,0.004355757429636337,0.00565765841819795,0.004474831076831619,0.004521243699097299,0.005801793584875278,0.004557985044975563,0.003952255585850519,0.00603937632717722,0.002008945095459279,-0.0022236326559385063,-0.0009622594833609789,0.001649288312119666,-0.0009011239221575944,-0.0008488595042257172,0.0018229590498620965,-0.0007381516414972002,-0.001986265994852056,0.0023879047229973436,1.0000343460475984,1.0000458028058952,1.000055871175818,1.0000593137921772,1.0000691094827383,1.0000746012256216,1.0000755940724202,1.0000859085976015,1.0000747185194463,1.000059053676767
13,0.006652439622165586,5.530052456098955e-06,0.0,0.050293222921953575,0.0,-0.0012337856025243952,0.0006899839124894238,0.0001695166773157718,-0.000939375000935258,0.00023656271721739144,0.0002746376587648199,-0.0008525249457238225,0.0003266511128548434,0.0008953600442726298,-0.0010340419500672292,-0.006972646192272459,-0.0030364618767384746,-0.004186240752320565,-0.006597033419133208,-0.004238268359614227,-0.004246606040332479,-0.0066543185305991005,-0.0042313339321207195,-0.0030568955415778893,-0.007073418277244449,0.9999993951478702,0.9999974929134933,0.999998025179607,1.0000003705183758,0.9999969819763602,0.9999976323008462,1.0000023549193624,0.9999983327616673,0.9999976530334619,0.9999999548508153
14,0.04869549691165051,4.803683888026392e-06,0.0,0.04722848153531468,0.0,-0.0038608899658792058,-0.005659192658796134,-0.005187209026612828,-0.004180852419770261,-0.005280010422920193,-0.005297882854010035,-0.004228783059009101,-0.005278076206611296,-0.005771789806830092,-0.00395081049121136,-0.0026271043633548105,-0.006349176571285559,-0.0053567257039286,-0.0032414774188350023,-0.005516573140137584,-0.005572520512774855,-0.003376258113285279,-0.00560472731946614,-0.006667149851102722,-0.0029167685411441305,0.9999637273576086,0.9999552611314585,0.999943381108007,0.9999354810493972,0.9999329765635755,0.9999268751669191,0.9999171602551776,0.9999157062932214,0.999928818553285,0.9999402362675444
15,0.0488267749755571,4.176070478926999e-06,0.0,0.012497508551569343,0.0,-0.005612375261491311,-0.003971881919289761,-0.00445005346609951,-0.005455230621107471,-0.00450079979913232,-0.004546446034182034,-0.005582100832066094,-0.0046336640054764205,-0.004188200507769158,-0.005886022528943017,-0.0017514852956121056,0.0016873107395063737,0.0007371555605133178,-0.0012743782013372108,0.0007792106237878727,0.0007514368198280009,-0.0013533177730569936,0.0006444122011348757,0.0015835892990609338,-0.001935212037731658,0.9999652739376405,0.9999542270956326,0.9999441002960846,0.999940424548753,0.9999316085905293,0.9999260652195523,0.9999239192299606,0.9999141807034734,0.999925433157408,0.9999405048296546
16,0.005294582538117159,3.5284064891019706e-06,0.0,0.050167558665843964,0.0,0.000945210715941348,-0.0005964542365670547,-0.000164481876288417,0.00075201695376979,-0.00016642263725318712,-0.00017709091414286424,0.000732169171825104,-0.00021078568262569534,-0.0006616640770379261,0.0008882862726657722,0.0065575859774326594,0.003375427682722706,0.004285571589811093,0.006207247574877261,0.004334377161879133,0.00436935512003917,0.006314270003891198,0.004422878322850725,0.0035265364307312318,0.0067743088016087895,1.0000003766258911,1.0000018994602227,1.0000015250092888,0.9999998106748098,1.0000027269469962,1.0000024064662518,0.9999987993900779,1.0000021718071819,1.0000026101071944,1.0000006332504305
17,0.04885272066484186,3.1398181381063623e-06,0.0,0.04751193697455498,0.0,0.004047695225627656,0.005502127091184894,0.005113730817701695,0.004287895447302615,0.00517248542792618,0.005202920506856865,0.004371878433217557,0.005256630780576569,0.005675248394668405,0.004222108539779425,0.003102484509686308,0.0060985813277519485,0.005278212693990112,0.0035358784935328245,0.005338908065179367,0.0053800114209997295,0.0036397092613924533,0.005467416463202264,0.00633691247170633,0.0033338222671136526,1.0000362060240295,1.0000448890123104,1.0000565271045232,1.000063939944223,1.0000670781658243,1.0000732490953854,1.0000824431395479,1.0000850546636568,1.0000721774354024,1.0000603733636326
18,0.04875679739081409,2.7648291441559625e-06,0.0,0.010149437824621894,0.0,0.00550049769535931,0.004153329424645385,0.004536452103443432,0.005343439934644938,0.004561495300152559,0.004593363179476095,0.005426497046364748,0.004656874428204,0.0042989480336683,0.0056859002448553155,0.0014528024697316537,-0.001348797666539509,-0.0005772787142582633,0.0010555444873423235,-0.0006109901277736212,-0.0006095573273807702,0.00105461861314719,-0.0005997563523725685,-0.0013763003610001044,0.0014637917050758912,1.0000349760776344,1.0000457965435021,1.0000560599079273,1.0000600028099078,1.0000681128580893,1.0000735686020055,1.000076289822444,1.000085216371345,1.0000738477974758,1.0000591962554506
19,0.004319619521665804,2.3829669984353637e-06,0.0,0.05005634650006549,0.0,-0.0007615561221898867,0.0005062721848877573,0.00015290117441896147,-0.0005966608254385341,0.0001436611187116462,0.00013325993137719514,-0.000629781977919958,0.00011167209993414966,0.00046226869687748806,-0.000821585389910227,-0.006262053817549197,-0.0036470572397576274,-0.00438355092902447,-0.005940100760083472,-0.0044178341814409125,-0.0044601032480989,-0.006056279024284706,-0.0045452023282698505,-0.003836679336790812,-0.0065074856347655426,0.9999996888159259,0.9999984805777544,0.9999988038152716,1.0000001617343668,0.9999976639443351,0.9999977153631134,1.0000003797476802,0.999997283659472,0.999996953841142,0.9999986542524824
20,0.04893462303377775,2.1301132404065224e-06,0.0,0.04763507392452634,0.0,-0.0041908071634828535,-0.005389821794449639,-0.005070753254210148,-0.004393245449333312,-0.0051201806637562715,-0.00515111067710907,-0.004477084991524454,-0.005210610191917671,-0.005559747802317098,-0.0043712610456772254,-0.0034292510412929672,-0.005896093979337397,-0.005223654428629109,-0.0037965846238947787,-0.005263841782467918,-0.005284370608486265,-0.003847303013604496,-0.005322282291851821,-0.006022016499194586,-0.0035496756557669984,0.9999638333053451,0.9999549369833102,0.9999434165768167,0.9999363251675616,0.9999327260074107,0.9999266123284569,0.9999179954449146,0.9999147628453788,0.9999275118443046,0.9999395999737818
21,0.048668113259340375,1.8527831876670037e-06,0.0,0.00836886717020028,0.0,-0.005410116733605148,-0.004296342357424445,-0.004613061579914435,-0.005276910810871862,-0.004626611179202237,-0.004640284601741652,-0.005308867638455302,-0.004656760570638976,-0.00435147562251933,-0.005487682164966992,-0.0012193095701222953,0.0010934794370251943,0.00045769167429571267,-0.0008836653615385492,0.0004935694845540342,0.0005108260753674179,-0.000831782646930848,0.0005538496212786946,0.0012082721797977676,-0.0011164211192897667,0.9999648330618648,0.9999541473174728,0.9999437374423196,0.9999395563955207,0.9999319891921098,0.9999266716782845,0.9999236502744656,0.999915539222312,0.9999270239267013,0.9999413578693251
22,0.0035507391042879297,1.6569132301759318e-06,0.0,0.049911434395654874,0.0,0.0006142834425485275,-0.0004355021499043311,-0.00013751134862768476,0.000490922050473212,-0.00011114288677359536,-8.92091721212563e-05,0.0005521757955161272,-4.882499107446755e-05,-0.0003315184354853798,0.0007396488317633482,0.006024400176153676,0.003860840207520114,0.00447555023128675,0.005767832861345074,0.004515468292428642,0.004551075429620396,0.005861043433971429,0.004607935579564509,0.00401995718703395,0.00622733099673034,1.0000002535343977,1.0000012476515499,1.0000009975800546,0.9999999475047061,1.0000021242952402,1.0000022290025687,1.0000001906023448,1.0000029369886472,1.0000031577813482,1.0000016669067002
23,0.04897926560228347,1.4713094171916278e-06,0.0,0.047735944465968974,0.0,0.004314846191083959,0.005316700817019515,0.005052935171762334,0.00449210238459876,0.005094111285960666,0.005116719604876812,0.004551742445035308,0.0051529497386704586,0.0054394753910173175,0.004447682572258343,0.0037005627485354317,0.005752202966923846,0.005190446520390019,0.004001180334125548,0.005205254172734261,0.005205928776998069,0.003999566649519181,0.005201774729744926,0.005770993826502697,0.0037080337404949942,1.0000361856435593,1.000045282150888,1.0000567439012815,1.0000635827399456,1.0000674986407605,1.0000734757354368,1.0000815135755898,1.0000850627538778,1.0000723988728557,1.0000601091682542
24,0.048611617293460356,1.2844755984744834e-06,0.0,0.007004622885658116,0.0,0.005352904792575221,0.004418328442723546,0.0046781048512690195,0.005222347983635107,0.004670000702689906,0.00466775046086092,0.005211747269783035,0.004657074839873636,0.004395497114649461,0.005337860835400507,0.0010380586014912619,-0.0008983723742959689,-0.00037483032049331465,0.0007302455990363466,-0.00042411058327075993,-0.00044896914401589254,0.0006600048247477276,-0.0004958748987968229,-0.0010439782763678566,0.0008901782631421649,1.0000353609968222,1.000045936251489,1.0000564437530701,1.0000607700139907,1.000067882864322,1.0000730842194963,1.0000763547807405,1.000083862559479,1.0000723098770883,1.0000582381594598
25,0.0029356454105451835,1.1669709892356875e-06,0.0,0.04979824506106159,0.0,-0.0005094470759420535,0.0003661807604257066,0.00011171936886984497,-0.0004206383199975867,7.665913742970105e-05,5.2731192734695696e-05,-0.0004848906698136507,1.5849602009855232e-05,0.00025136876000217065,-0.0006461605233199184,-0.005862351868517275,-0.00405214768229784,-0.0045663854823991745,-0.005642986303632694,-0.004593341565260205,-0.004615019268126224,-0.005696637939596686,-0.0046412252378637804,-0.00414412835464729,-0.005984021358720426,0.9999997444594844,0.9999988926668864,0.9999990651499456,0.9999998834132001,0.999997997473694,0.9999978427389159,0.9999994863431079,0.9999971330682825,0.9999970025585805,0.9999983117633889
26,0.04902318568166732,1.0259211948674608e-06,0.0,0.04783655791406608,0.0,-0.004435784755635202,-0.005275976551266928,-0.0050513469278945225,-0.004575067341429703,-0.005071791054793451,-0.005082304173188755,-0.00460118766210081,-0.005097339287718693,-0.005334004083553111,-0.004498383844086139,-0.003926337679693148,-0.0056421573116926345,-0.005163066296764367,-0.004154429021432116,-0.005148450192223152,-0.005135035365923451,-0.004116296992287159,-0.005113188889728548,-0.005585372843555282,-0.003852223320766221,0.999963724911545,0.9999544604001785,0.9999430488703053,0.9999364584768967,0.9999323449332773,0.999926527640331,0.9999189900388342,0.9999152195232337,0.9999277982260623,0.99994022143275
27,0.04857307453489362,9.179446898417504e-07,0.0,0.005917808265881036,0.0,-0.0053035352389319435,-0.0045112221189856855,-0.004724504601432882,-0.005172757973265578,-0.0046996930968137875,-0.004687488119575371,-0.005136843231283097,-0.0046648975309556895,-0.004440996904324681,-0.0052311357193249065,-0.0008677504832967412,0.0007647544322812424,0.00032684232646164064,-0.0005976906318358758,0.00037209795797966353,0.0003948160536133838,-0.000535655569182288,0.0004324417567630034,0.0008930071792284302,-0.0007327518752387671,0.9999645000267012,0.9999540251918053,0.9999434508823375,0.9999390091218141,0.999932244819927,0.9999271041029316,0.9999235897975789,0.999916509023994,0.99992811055709,0.9999419800338144
28,0.0024452461868298804,8.27285442048675e-07,0.0,0.04971858558725918,0.0,0.0004475250325713387,-0.00029135362867830066,-7.622241218748285e-05,0.00037174798708873753,-4.857402122176915e-05,-2.9684362022061074e-05,0.00042083246773718004,-2.3937590793365535e-06,-0.00020163938404321215,0.0005552731322004617,0.005751060271503282,0.004219868490307385,0.004648282189245399,0.005544505960354316,0.004651119075592018,0.00465780375755331,0.005557675699020277,0.004662503771876353,0.004239357520281469,0.005786408851525368,1.0000003354358753,1.0000010882255492,1.0000009789340014,1.0000003013064114,1.0000018964360395,1.000002026634636,1.0000006386809026,1.0000026220192715,1.0000026954880674,1.0000015592404046
29,0.04906296361994445,7.28683911204419e-07,0.0,0.0479174525675789,0.0,0.00454099507300173,0.005248166310649672,0.005053250314044851,0.004642438689352941,0.005052740633944471,0.005051954732649026,0.004638188735013977,0.0050503791957715585,0.005247008387221678,0.004537841548294551,0.004093470040430391,0.005539519939327973,0.005129472726232334,0.004270690702264203,0.00510131465516624,0.005081639094671087,0.004217356267276797,0.005052772954850895,0.0054486477712648905,0.0039825684160940894,1.0000363702790716,1.0000457712174176,1.0000571398838438,1.0000635131284585,1.0000677703761038,1.0000734468846864,1.00008057402276,1.0000845205715592,1.000072016983596,1.0000594938740113
30,0.048538856548598755,6.645248665399746e-07,0.0,0.005033691672667145,0.0,0.005247053222091644,0.004572750986014668,0.004751013061582505,0.005126622985097213,0.004722790420502288,0.004707407003191883,0.0050839029384557415,0.004681367989712744,0.004489270741270746,0.005156677200679321,0.0007060581490899148,-0.0006754153246350042,-0.0003022372524623465,0.0004841842957442723,-0.00032995021344218306,-0.00034454772945714286,0.00044571420344176457,-0.0003690112060588148,-0.0007577376459509321,0.0006188356523847702,1.0000355552590723,1.0000459366706171,1.0000565629490634,1.0000611302595463,1.0000676547146772,1.0000727958925364,1.0000765556838265,1.0000833331909327,1.0000716823585998,1.000057955820666
31,0.0020476683929517093,5.902600197311536e-07,0.0,0.049653087258953246,0.0,-0.0004111487703419006,0.0002184535463841744,3.8124787047584714e-05,-0.00033693182619780326,2.4781813095736335e-05,1.4345977695826885e-05,-0.0003625545484786403,-3.9899357752622155e-08,0.00017101271707528707,-0.0004702745072770031,-0.005658201992433545,-0.0043542974396304935,-0.00471288827453492,-0.005463554811295016,-0.004698008607406551,-0.004693061025496056,-0.005446457486934382,-0.004681407889070496,-0.004318258024195459,-0.0056269517079563245,0.9999995508732399,0.9999988685862918,0.9999989243453713,0.999999514902506,0.9999981919408897,0.9999981231995674,0.9999993441765742,0.9999977012410326,0.9999976657347378,0.9999986446320187
32,0.04909405031987482,5.295153609116655e-07,0.0,0.04797981960952033,0.0,-0.00462122724070454,-0.005220048531780977,-0.005050518613756119,-0.004695362872607349,-0.005037359370792695,-0.005028979875680863,-0.004671416884362026,-0.0050156908764301174,-0.005179626251102901,-0.004573819802657232,-0.004210078470362639,-0.005438502078165151,-0.005088643400803704,-0.004358431046409546,-0.005062141183888431,-0.00504332585337669,-0.0043088623358833854,-0.005015650977072365,-0.005350638968178188,-0.004103545295380229,0.9999635736948119,0.9999540655849949,0.9999427315264107,0.9999365234579932,0.999932132208843,0.9999265522465343,0.9999197445336603,0.9999156419504106,0.9999280886756029,0.9999407015011907
33,0.04850923203622792,4.81600106853888e-07,0.0,0.004309433674688047,0.0,-0.0051854970466315865,-0.0046104431678003046,-0.004762360652712938,-0.005082651459314061,-0.004739914207498162,-0.004726786736125401,-0.005047433311603181,-0.004704902345396703,-0.0045406904308426905,-0.005108552678302892,-0.0005642698059270469,0.000609605363980672,0.0002881579610431815,-0.00038728858670671225,0.00029744516329453276,0.0003021931395554619,-0.0003760164272411555,0.0003107885310334145,0.0006389358202602106,-0.0005347328756456597,0.9999644520439375,0.9999541596747323,0.9999434948677655,0.9999387964916064,0.9999324298696545,0.999927240279469,0.999923229473817,0.9999166529154946,0.9999283517126665,0.9999419797826078
34,0.001719252269886961,4.2680854047244024e-07,0.0,0.04959663728753453,0.0,0.0003847182160262447,-0.00015516242253190392,-4.137345336689344e-06,0.00031026700853469154,-3.952316512006483e-06,-1.9843573836409237e-06,0.00031319552697857064,-9.086649569532007e-07,-0.00014977840256898307,0.0003951480090572772,0.005570215262657831,0.004455280745268401,0.004758223307376248,0.005392918467848753,0.004735961890986156,0.00472480237874176,0.005360628838581752,0.00470399368043975,0.0043909120282737074,0.005503700687360169,1.000000554966098,1.00000118325679,1.000001174364078,1.000000650083202,1.0000017400919403,1.0000017448813168,1.0000006447886565,1.0000019873058992,1.0000019922171837,1.0000011465892609
35,0.049119038363594145,3.8976656956750463e-07,0.0,0.04803163311228753,0.0,0.004677402057083633,0.005187715903907073,0.005040813085005706,0.004734602446022415,0.005023425439888129,0.005012104263694174,0.004703736004209329,0.004994249490486814,0.005132256097976255,0.004612733575320617,0.004292683841057388,0.005342878326438977,0.005044950430342396,0.004424335437487724,0.005027377756400136,0.005014088621077815,0.0043905404772307585,0.004995158155443767,0.005282034500545238,0.004217585566263339,1.000036436019281,1.0000460235892341,1.000057326296474,1.0000634167617495,1.0000679461964121,1.0000734809126188,1.0000800599493744,1.0000843252179512,1.0000719202598987,1.0000592201726872
36,0.048485116443557505,3.4951944619484794e-07,0.0,0.0037107366173006343,0.0,0.0051249388015033315,0.004633531480143949,0.004764947022600028,0.005041664063613537,0.004752047382844094,0.0047441955900949205,0.005021476859723466,0.004731426202443088,0.004592087334163436,0.0050788017064276585,0.0004475367444196983,-0.0005541844237631245,-0.0002758660624056783,0.00030706161759112144,-0.00027137805704403536,-0.0002679086735992535,0.0003177408555141365,-0.0002628232880437257,-0.0005401687638128183,0.00046606813110704193,1.0000355089601656,1.0000457183298943,1.0000564104365057,1.0000612336532093,1.0000674938286493,1.0000727563456508,1.0000770120510245,1.0000834609001723,1.0000717190160868,1.0000581610285657
37,0.0015344419573084713,3.140613015422872e-07,0.0,0.04954965278186059,0.0,-0.0003597856262520724,0.00010508825453132975,-2.1877618801222076e-05,-0.0002867974814402168,-1.3118160324127569e-05,-8.921639724255616e-06,-0.00027376660404230396,-4.0924260832908566e-07,0.0001298645549713635,-0.0003348127746132506,-0.005484724427755404,-0.004528443225612619,-0.00478682464140125,-0.0053284615450537535,-0.004765165543168221,-0.004753117229819176,-0.0052952434637657695,-0.004731835445051417,-0.004462222779192073,-0.005413614481040909,0.9999993678431628,0.999998787078263,0.9999987575624022,0.9999992211919393,0.9999983165081074,0.9999983546907867,0.9999993445290348,0.9999982440517812,0.9999982661328395,0.9999990053026704
38,0.04914026615232829,2.8717303233686896e-07,0.0,0.048075729814025206,0.0,-0.0047143897362850054,-0.005151874403082849,-0.005025316358171122,-0.004762463319116682,-0.005009904582308829,-0.004999637494084643,-0.00473530341490375,-0.004983895308647686,-0.0051018485145356935,-0.00465563302119203,-0.004354604110032933,-0.005256962657614179,-0.0050034387393699,-0.004475665837676465,-0.004996786421984701,-0.004990715854360388,-0.004461536810861446,-0.004983486066039357,-0.005231713069507057,-0.0043208202465787795,0.9999635912054078,0.9999539472171866,0.9999426749318764,0.9999366652552225,0.9999319941381871,0.999926461813854,0.9999200349792544,0.9999155945031181,0.9999279686059159,0.9999407539251363
39,0.04846516251453318,2.5595681248549525e-07,0.0,0.003210676671705979,0.0,-0.0050703683491041315,-0.004649615833084275,-0.004764497221340544,-0.005005677583688594,-0.004761319511746738,-0.004759295261842975,-0.005001392464876271,-0.004756284175388329,-0.0046385745026774165,-0.005058137610783905,-0.000355978612819126,0.0005022585699985737,0.0002608191368305779,-0.0002432142645719124,0.00024858507056209084,0.00024034223224166876,-0.00026608904997252065,0.00022761113325935663,0.000463274011858277,-0.00040250458959187503,0.9999645366990181,0.9999544002019111,0.9999436872330096,0.9999387529745078,0.9999325723597898,0.9999272363235753,0.9999227613109988,0.9999164030654638,0.9999281823212368,0.9999416860808921
40,0.001397608297923623,2.3376457128762545e-07,0.0,0.049510653840351165,0.0,0.00033248371420430134,-6.879868774135791e-05,3.879857869361087e-05,0.0002639194730892575,2.617010146491964e-05,1.9050724733552307e-05,0.00024385961122323947,6.457345684449459e-06,-0.00010725979831146138,0.00029081026277747325,0.005402852063308433,0.0045808171453429174,0.004803295800034155,0.0052695970567778515,0.0047874896132116575,0.004778345986576527,0.00524525207609951,0.004762741521072779,0.004531314704365955,0.005348947873561378,1.000000673857821,1.000001208294754,1.0000012671774825,1.0000008654750119,1.0000016322538954,1.0000015813041898,1.0000007089988923,1.000001631600801,1.000001584450257,1.0000009260293068
41,0.04915831282419274,2.1130671613142892e-07,0.0,0.04811282149837476,0.0,0.004738091200841341,0.0051152290955322225,0.0050069394496386165,0.004782409228288233,0.004997191076515175,0.0049904125102480735,0.004765159063152033,0.00498060567063948,0.0050829115828628655,0.0046993639464747,0.0044056074866370394,0.0051840277832735805,0.004968140870945006,0.004518489755198976,0.004971020975050255,0.004971361785514521,0.004521299451928793,0.00497414832495503,0.005190171381174327,0.004408553683697226,1.0000363598949993,1.0000460442736867,1.0000572879536087,1.0000632428014506,1.0000680522450955,1.000073608025673,1.0000799348184717,1.0000845514918688,1.000072200220906,1.0000593342914355
42,0.04844820821107323,1.9008319416547827e-07,0.0,0.002789820415229717,0.0,0.005025319811500587,0.004664213532844775,0.00476512338675335,0.004976101574374255,0.004769338834555747,0.004771876327265805,0.004983856221687562,0.004776163852200932,0.0046766109376412115,0.005039603732249009,0.0002872286106592459,-0.0004510155626874478,-0.00024181606288526617,0.00019369234608602147,-0.00022785224195942793,-0.0002185361829822683,0.0002186971585355288,-0.0002044418184385475,-0.00040630064522165395,0.00034023978577430933,1.0000354288990723,1.0000455055047603,1.0000562365171382,1.0000612627293026,1.000067373004787,1.0000727660619586,1.000077420780724,1.0000836984309425,1.0000718880370325,1.0000584316252341
43,0.0012819686893809192,1.7426878424149295e-07,0.0,0.049477681950595084,0.0,-0.00030218258630157306,4.4540867216515644e-05,-4.7735450639798185e-05,-0.00024118065527728525,-3.585510523284197e-05,-2.8795754280041934e-05,-0.0002220431045163694,-1.6920474551181466e-05,8.17066077130179e-05,-0.00026100808365229437,-0.00532750239780216,-0.004619672665628259,-0.0048128588373931485,-0.00521728222965154,-0.004805193939788589,-0.004800672081545847,-0.005205899326203931,-0.004793084326752114,-0.004594904329928194,-0.005300611815901303,0.9999993166606764,0.9999988282698495,0.9999987475958627,0.9999990842728624,0.9999984146046144,0.9999984510360375,0.9999991968026787,0.9999983965743832,0.999998467843875,0.9999990673602571
44,0.04917354490085275,1.562648473909408e-07,0.0,0.04814407116133089,0.0,-0.004754543731410879,-0.005081163869873253,-0.004988978203165368,-0.004797772282972082,-0.004985879043984694,-0.004983284303274471,-0.004791906000371128,-0.004980233442265342,-0.005069892107413367,-0.004739891916122164,-0.004452361145109306,-0.005125704737089769,-0.00494124275252557,-0.004556591627694797,-0.004950023938751852,-0.004954488548994429,-0.0045698628958547585,-0.004963312967714161,-0.005151598715126385,-0.004478883832469869,0.9999636937501413,0.9999539782612682,0.9999427600334192,0.9999368450388061,0.9999319097257001,0.9999263227036471,0.9999200680323819,0.9999152891250139,0.9999276227536645,0.9999405608998655
45,0.048433761350299316,1.4262568552055237e-07,0.0,0.002433654310396386,0.0,-0.004991276239502396,-0.004680365343616795,-0.004768873692610017,-0.004953148371938121,-0.004776861403965188,-0.004781822207213324,-0.004966961997423477,-0.004789760842837175,-0.004705028549259086,-0.005019662701933735,-0.00023673250809151756,0.00040079852625645764,0.00022010451055535108,-0.000155376088966039,0.00020901764001950585,0.00020146209606114636,-0.00017505599705234902,0.00019047259942816738,0.0003648635581542806,-0.00027977078581157156,0.9999645851296839,0.9999545550042307,0.9999438070660718,0.9999387102790323,0.9999326710570554,0.9999272449792369,0.9999224542647599,0.9999162608412998,0.9999280958512626,0.9999415066486557
46,0.001183794568582204,1.2964313299924796e-07,0.0,0.049449579910298816,0.0,0.00027067140405213994,-2.8955984714477273e-05,5.120305944521144e-05,0.00021929537485579787,4.3082413456617744e-05,3.8067155595883535e-05,0.00020617011260197493,2.989490722978428e-05,-5.5032019576873106e-05,0.00024142213705344393,0.005261947643554536,0.004651409358902318,0.004820076752055228,0.005172443746793919,0.004819943817421806,0.004819889362809208,0.005173132110025452,0.004819655750066959,0.004649996529682213,0.005261084838987179,1.0000006711597553,1.0000011152328894,1.0000012121683197,1.0000009409781343,1.0000015432431144,1.000001538520211,1.0000009210962153,1.0000016389604975,1.0000015447442874,1.0000009880849834
47,0.049186485430763816,1.1681614974372665e-07,0.0,0.04817066687076431,0.0,0.004768671642475785,0.005052417605867665,0.004974000520651454,0.004811042969767753,0.0049763185135638585,0.004977228735154353,0.004814418390583483,0.00497962626300672,0.005058570682194095,0.004774190107498648,0.004498000238423645,0.005081373590582142,0.004922797461206243,0.004591747594911955,0.004933236100107241,0.00493916157955847,0.004608248277981508,0.0049497313557769354,0.005113602701770968,0.004532767970445204,1.0000362615665959,1.0000460039286097,1.000057200645265,1.0000630815796672,1.0000681229515926,1.0000737351574747,1.0000799272931098,1.0000848434680671,1.0000725248269475,1.000059525897293
48,0.04842146148136046,1.0724040728107006e-07,0.0,0.0021307326479936273,0.0,0.0049674150731259656,0.0046986847860245205,0.004775868627679166,0.004936035177219751,0.004784125777987709,0.004789380056401699,0.0049501644371607164,0.004797535176990695,0.004724689596655863,0.00499756277211437,0.0001987434306501808,-0.0003537328198431446,-0.00019813189297228796,0.00012499220745199827,-0.00019219273557614935,-0.00018784867875265478,0.00013574604657723335,-0.0001820910860160247,-0.0003338810855382313,0.00022337266461572216,1.0000354212527776,1.0000454167240114,1.0000561810070119,1.0000613287123028,1.000067293727745,1.000072729954608,1.0000776172556036,1.000083719746959,1.0000718660313193,1.000058500587339
49,0.001100053104822656,9.66612525684932e-08,0.0,0.04942560041054375,0.0,-0.0002407175915720202,1.826446812510686e-05,-5.20690116393354e-05,-0.0001993352327563664,-4.871043614127369e-05,-4.650039856754929e-05,-0.0001939703700839972,-4.303600680645014e-05,2.969261969457647e-05,-0.00022775696943598024,-0.005208132664697986,-0.004680420317899414,-0.004827937639318502,-0.0051353704099761175,-0.004832836214128983,-0.004835880454969248,-0.005144134807244714,-0.004840571183797145,-0.004694996976961287,-0.005225319741550351,0.9999993497385027,0.9999989460846563,0.999998836486175,0.9999990463664372,0.9999984938799007,0.9999984617238017,0.9999989589094,0.9999982998281096,0.999998414916596,0.9999989386365953
50,0.04919756334027197,8.814319743600473e-08,0.0,0.04819342441108868,0.0,-0.004783383313461008,-0.00503025352272747,-0.0049632591961892136,-0.004823682286268747,-0.0049686142547237565,-0.004971606971711809,-0.004832302427392464,-0.004977071561534285,-0.005046522863164894,-0.004800866943098327,-0.004542665721888987,-0.005048517990852577,-0.004911190184549878,-0.00462434705351238,-0.004919903818582483,-0.00492510657314426,-0.004638332057308467,-0.004934035554727835,-0.0050762154828594705,-0.004573109973662347,0.9999637669418858,0.9999539989852562,0.999942819603183,0.9999369724434012,0.9999318478761455,0.9999262238083813,0.999920095217992,0.9999150716741321,0.9999273764013871,0.999940423617941
51,0.04841094122740104,8.045897595546518e-08,0.0,0.0018719495921426512,0.0,-0.004951309884524254,-0.004718122944356756,-0.00478495241457234,-0.0049233788692562,-0.00479106491692664,-0.004795084023610991,-0.004933842998550801,-0.004801075690011233,-0.00473774252806668,-0.004974366957525154,-0.0001679265710632467,0.00031213057837071404,0.00017830678161687326,-9.969658298745326e-05,0.0001775493377971166,0.00017652294810081848,-0.00010154057115833656,0.00017599587152305161,0.00030878033509821375,-0.00017350001442682696,0.9999645581406175,0.9999545882984072,0.9999438084023441,0.9999386248377298,0.9999327345052711,0.999927304273224,0.9999223502264708,0.9999163416340523,0.9999282094670107,0.9999415308431068
52,0.0010283294613593627,7.26401943547489e-08,0.0,0.04940507542776501,0.0,0.0002147047206068342,-9.33347249828815e-06,5.2689363305734316e-05,0.00018219261596660614,5.3450551570503706e-05,5.3771735638363793e-05,0.00018359735934166121,5.4403264135641054e-05,-7.764157999411679e-06,0.00021642222029631848,0.0051660146051310885,0.004708789471858468,0.004837641777878075,0.005105571485222806,0.004844515468497144,0.004848855759249354,0.005117440357892462,0.004855478954146874,0.004729978370067269,0.005190789177821472,1.0000006314465804,1.0000010003866278,1.0000011206503687,1.0000009638840417,1.000001474297131,1.0000015385858247,1.0000011451886797,1.000001755349932,1.0000016222648864,1.0000011265520161
53,0.04920707583876169,6.668997033975088e-08,0.0,0.048212941638397726,0.0,0.004799567840999799,0.005014413726546529,0.0049567029811389916,0.004836201476559844,0.00496263335024457,0.004966176751989718,0.004845923383449946,0.004972238962055291,0.005033037815224345,0.004820179550552656,0.0045848631203929645,0.005023747199044817,0.004904013617833257,0.004654008860593238,0.004909182798674066,0.004912405016351354,0.0046623260241082844,0.00491783569791965,0.005040801973223757,0.004603757330256338,1.0000362213692664,1.0000460146772563,1.0000571806022944,1.0000629924731703,1.0000681787646861,1.000073800498284,1.0000798612594122,1.0000849634403572,1.000072672152896,1.0000595881597607
54,0.04840189983707912,6.039254417773105e-08,0.0,0.0016500541176506347,0.0,0.004939997394922795,0.004736968443392661,0.004794494295023096,0.0049136281678169155,0.004797449227673588,0.004799538114942564,0.004918747851794667,0.004802359745231769,0.0047467787012691635,0.004951937895011899,0.0001404295539229961,-0.00027744528315386784,-0.0001622086861158955,7.742669125707178e-05,-0.00016518412257098165,-0.00016663863704715395,7.282446834472149e-05,-0.0001698792168235222,-0.00028625911395518174,0.00013175834445924243,1.0000354682216135,1.0000454183186533,1.0000562125794155,1.0000614224397668,1.0000672423336685,1.0000726591461921,1.0000776614020612,1.0000835799316947,1.0000717010748603,1.0000584204556604
55,0.0009859696775969522,5.50324222282429e-08,0.0,0.04938743424865361,0.0,-0.00019391640340431747,2.1763301123051138e-07,-5.446697365985714e-05,-0.00016827732632204977,-5.7782739392530855e-05,-5.974035468458202e-05,-0.00017389037509105837,-6.291912798622821e-05,-9.635809616831068e-06,-0.00020512293442826682,-0.005133913798327112,-0.004736750810381431,-0.004848961268682953,-0.005081905494138965,-0.004855231967066119,-0.004859278469627146,-0.0050926382268857255,-0.004865278873217997,-0.004756414510885995,-0.005157060829440166,0.9999993789261616,0.9999990381645758,0.9999989081534122,0.9999990220831789,0.9999985522363942,0.9999984662384974,0.999998776647283,0.9999982143685429,0.9999983622259208,0.9999988317299334
56,0.04921526124137404,5.036812495287573e-08,0.0,0.04822972682979955,0.0,-0.004816674728773072,-0.005003577577931545,-0.00495337168906913,-0.004848428992699957,-0.004958050203332068,-0.004960962882208209,-0.004856160277930168,-0.004965780881303034,-0.005018652023167926,-0.0048336019849589355,-0.004622758325368755,-0.0050037952109427755,-0.0048989047154092726,-0.004680151666377907,-0.004900267463939537,-0.0049012225275236266,-0.004682269902839109,-0.004902861753316806,-0.005009016213551095,-0.004628479050530669,0.9999637774540783,0.999953959385368,0.9999428037724105,0.9999370279001609,0.9999317969020958,0.9999261880620582,0.9999201973768955,0.9999150395831538,0.9999273179662872,0.9999404295990376
57,0.04839410842726143,4.557808742613918e-08,0.0,0.0014591960942613846,0.0,-0.0049308504853725595,-0.004753658324921348,-0.004803042951916419,-0.004905442687186634,-0.004803042542745127,-0.004803264096723578,-0.004905562469425921,-0.004803124326385505,-0.004754088560132935,-0.004932031982451402,-0.00011417575659948727,0.00024991925301019735,0.00015032873715271032,-5.701369448667722e-05,0.0001550076605869406,0.00015769878548463085,-4.9402191495753756e-05,0.0001626565549175292,0.0002645634630349912,-9.84299974924668e-05,0.9999645072262963,0.9999545737048546,0.9999437668591334,0.9999385354286494,0.9999327774218436,0.9999273737605024,0.9999223319029795,0.9999164931407599,0.9999283812193993,0.9999416262380668
58,0.0009781177607040038,4.182613583129025e-08,0.0,0.049372226187965426,0.0,0.00017842333879714966,9.799417660338178e-06,5.7814952447807905e-05,0.00015745743985943333,6.192891242918531e-05,6.445956056873141e-05,0.00016437245659522634,6.843469073668229e-05,2.246383357542691e-05,0.0001929631580340225,0.005109273824169709,0.004763457742581686,0.004860857904364227,0.005062900127046068,0.004864971455174312,0.004867723657292309,0.005069934926021148,0.0048715590171221875,0.004776552393708362,0.005124995140485425,1.0000006208269627,1.0000009396782785,1.0000010790183314,1.0000009976842363,1.0000014260557863,1.0000015221603424,1.0000012740701025,1.0000017859807078,1.0000016264432954,1.0000011826376627
59,0.049222323856049056,3.801752035925452e-08,0.0,0.048244206095345056,0.0,0.004833459228421675,0.004995979404261917,0.004951921143744933,0.004859866736402836,0.0049544558331875216,0.004956120270779706,0.0048640821514377,0.0049587937031926235,0.0050044990532774345,0.004843146331342712,0.004655035889624525,0.0049861799866015785,0.004894106191297125,0.004702409296543403,0.004892526920758336,0.004891660710210974,0.004699709694842473,0.004890359012455941,0.0049820352197020076,0.00465018317330869,1.0000362305992778,1.000046071829419,1.0000572193550439,1.0000629605827556,1.0000682249370028,1.0000738159505258,1.0000797388924025,1.0000849369856462,1.0000726705879759,1.000059537566167
60,0.048387380075096846,3.463215126829065e-08,0.0,0.0012945920151135014,0.0,0.004922081516761037,0.004767251454954194,0.004809706176418514,0.004897917870282827,0.004807713486181055,0.004806625933614854,0.0048946545112152715,0.004804495156544995,0.004761209302697664,0.004915724666426431,8.862228833936194e-05,-0.00022872794930772246,-0.00014221496732641937,3.805113387999031e-05,-0.00014674234700646615,-0.0001494943371648516,3.057235977757186e-05,-0.00015429854664762883,-0.00024328975057977004,7.257833508371881e-05,1.0000355106839833,1.0000454289676706,1.0000562463230145,1.0000614979121527,1.0000672050582913,1.0000726007355067,1.0000776802611229,1.0000834534765282,1.0000715570773424,1.0000583415101623
61,0.0009717069413997378,3.175076893044064e-08,0.0,0.049359087016496585,0.0,-0.00016735810520340268,-2.0492416285157813e-05,-6.239711245062396e-05,-0.00014919313653312914,-6.590716639674754e-05,-6.813073279352509e-05,-0.0001550816083382804,-7.150438041198751e-05,-3.1502301945967454e-05,-0.0001801399810409162,-0.0050894396219644394,-0.004787743871239352,-0.004872103288869138,-0.005047111006815956,-0.004873620652577803,-0.004874756666408379,-0.005049736119553552,-0.004875999536956982,-0.004792711604643632,-0.005095864647467347,0.9999993711839853,0.9999990690678837,0.9999989207767593,0.9999989780866377,0.9999985916418509,0.9999984948063406,0.9999986976901909,0.9999982380088793,0.999998406632443,0.9999988253527855
62,0.04922843283935746,2.8796252047334116e-08,0.0,0.04825672589795772,0.0,-0.0048486460445046915,-0.004989961634021026,-0.004951089777055724,-0.004870009072461694,-0.0049514702860589815,-0.004951820345662988,-0.004870663574495608,-0.004952335280354668,-0.00499171619535806,-0.004850720629384017,-0.004681287939301289,-0.004969469217735868,-0.0048886926646051,-0.004720815935928565,-0.004885563119662234,-0.004883689612869463,-0.004715581966157328,-0.00488083089994268,-0.004960213893412092,-0.004670580648343101,0.9999637602193688,0.9999538984509971,0.9999427576428535,0.9999370475596581,0.9999317559575805,0.9999261823384842,0.9999203202008405,0.99991508982686,0.9999273455822155,0.9999404963738666
63,0.048381557083774174,2.640573000123869e-08,0.0,0.0011522990069596254,0.0,-0.004912874900297828,-0.004777562136727405,-0.004814246468065161,-0.004890628406921648,-0.004811469437612818,-0.004809810796532162,-0.00488600869696653,-0.004806901236953644,-0.0047688160613488,-0.004903238942348173,-6.422885579313638e-05,0.0002123994972936206,0.00013684330899056338,-2.0619334459953155e-05,0.00014000084844616352,0.0001420095491308261,-1.5345122470922234e-05,0.00014543404340102394,0.00022290013400926012,-5.251831296415599e-05,0.9999644796585182,0.9999545761359941,0.9999437503297596,0.9999384784291535,0.999932810866037,0.9999274163235615,0.9999222980754923,0.9999165754502964,0.9999284797320179,0.9999416719554997
64,0.0009661551180818089,2.407453196079465e-08,0.0,0.04934771220185598,0.0,0.00015937433094822314,3.113160647234565e-05,6.749176203245996e-05,0.00014275741829652706,6.962321944614311e-05,7.102907749047347e-05,0.00014633021029551285,7.303022179849968e-05,3.7942193234215965e-05,0.00016744507806740801,0.005072249231246051,0.004808693743199751,0.004881738230097621,0.005033385825218175,0.004881092657058961,0.004880839874022635,0.005032338907262043,0.004879931458752144,0.004806758254583016,0.005070684020415581,1.0000006412901092,1.0000009303738813,1.000001087026125,1.000001047667745,1.0000013937270327,1.0000014858552597,1.0000013162893964,1.0000017247642912,1.0000015489673242,1.0000011538757565
65,0.049233727030453645,2.193141024309085e-08,0.0,0.04826757191237184,0.0,0.004861372353414999,0.004984334816471491,0.004949997249579397,0.00487854576780005,0.004948813463712152,0.004948172659693525,0.004876604121987613,0.00494711658149325,0.004981059644354159,0.004857710371947012,0.004701998022466776,0.0049532032099991454,0.004882505487546937,0.004735788349503523,0.004879190244266009,0.004877143582203052,0.0047302739116921,0.00487408635969475,0.004943117451119943,0.004690265293879604,1.0000362460689938,1.0000461251241737,1.000057259954467,1.0000629438291226,1.000068260332916,1.0000738206538675,1.0000796319365675,1.0000848918787795,1.0000726451514468,1.0000594783203174
66,0.048376507875994054,2.0122561583671362e-08,0.0,0.001029045738527014,0.0,0.004903225347464983,0.004785028796433719,0.004816958719553863,0.004883534662839352,0.0048144327917256004,0.004812857594008617,0.004879298980551778,0.0048102067010996705,0.0047768773659892004,0.004894086916327271,4.185299404998403e-05,-0.00019930602003777245,-0.00013303853002553413,4.988895039302263e-06,-0.0001343806719865514,-0.00013531506568490847,2.6948585641643416e-06,-0.00013690988039357938,-0.0002041822783649585,3.637654438025904e-05,1.0000355227917332,1.0000454119494255,1.0000562444232068,1.0000615368915329,1.000067174578426,1.0000725739073315,1.0000777319133423,1.0000834169829034,1.0000715051603581,1.0000583310531108
67,0.0009613386225139024,1.829128996518971e-08,0.0,0.049337846498507955,0.0,-0.0001531068529360951,-4.090751925095882e-05,-7.234047744797151e-05,-0.00013744756523831336,-7.2956765469364e-05,-7.342631151611902e-05,-0.00013847657596178196,-7.392041771569439e-05,-4.297652074774713e-05,-0.00015577961622985706,-0.005056332200401078,-0.0048259363156846775,-0.004889299197001835,-0.0050209822280776655,-0.0048873895571949644,-0.004886283905524736,-0.0050177755565135596,-0.004884127118815365,-0.004819853886736948,-0.005049866532557128,0.9999993456872309,0.9999990673559113,0.999998903203189,0.9999989281673195,0.9999986187099071,0.9999985327055447,0.999998675660824,0.9999983140573415,0.9999984957874626,0.9999988696742177
68,0.04923832250022382,1.6760446861857267e-08,0.0,0.04827698387770993,0.0,-0.004871360437848798,-0.00497850276595195,-0.004948244673839437,-0.004885433412968011,-0.004946328269846813,-0.004945192303772914,-0.004882271899509533,-0.0049433951987094835,-0.004972763641655763,-0.004864829896121123,-0.004718253584912703,-0.004937595246700992,-0.004875904196391465,-0.004747985847729698,-0.004873371504377449,-0.004871765992256795,-0.004743795323547751,-0.004869474780993789,-0.004929787120908016,-0.004709050279891266,0.9999637522941912,0.9999538592915299,0.9999427300529228,0.999937067038562,0.9999317260462897,0.9999261734557464,0.9999204022529364,0.9999151126906441,0.999927352041596,0.9999405341757247
69,0.04837212269519969,1.531455141532397e-08,0.0,0.0009557978639026113,0.0,-0.004893614346842765,-0.00479044022310766,-0.004818434899337377,-0.00487682208660965,-0.004816789566195641,-0.0048157142978886664,-0.004874033989511644,-0.004813952702240007,-0.004784945566899889,-0.004887375016566397,-2.225390899396676e-05,0.00018806254284429048,0.00012980977450205954,8.611326358360857e-06,0.00012953870365117227,0.00012947800588424766,8.237909997889023e-06,0.00012944249646947622,0.00018781807475587442,-2.2545120445274097e-05,0.999964479393093,0.9999546038283675,0.9999437660518437,0.9999384535383246,0.9999328385899043,0.9999274309610691,0.9999222339472588,0.9999165768331018,0.999928495725989,0.9999416556177607
70,0.0009571535233551367,1.3956479519075677e-08,0.0,0.04932927621855483,0.0,0.00014750041422709453,4.923084095628024e-05,7.639016686404425e-05,0.00013272945167528468,7.582218902807327e-05,7.553469409371776e-05,0.00013176644825784942,7.485354042441848e-05,4.751626408422676e-05,0.00014580951374414727,0.005041114761069859,0.00483967106406394,0.004894825066201421,0.005009551538284935,0.004892611755223714,0.004891248991982384,0.005005800437769494,0.004888806242664426,0.004832461830984115,0.005033184530310544,1.0000006649432367,1.0000009337203764,1.0000011043203016,1.0000010921431104,1.000001370373946,1.0000014518182516,1.0000013327173438,1.0000016542245274,1.0000014672761595,1.000001111506749
71,0.04924231728143086,1.28092446784528e-08,0.0,0.048285163758075705,0.0,0.004878859598766764,0.004972390294179431,0.004945851443055686,0.004890861350046656,0.004943966189469618,0.004942808426726542,0.004887749792157102,0.004941033266679275,0.004966599550529621,0.004872197369820158,0.004731359184539669,0.004923159453223151,0.004869461276191642,0.004758131898371372,0.004868144000441545,0.004867273732632824,0.004755983343899253,0.004866179726254857,0.004919083286445395,0.004726387856076011,1.0000362449275733,1.000046148921807,1.0000572728457333,1.0000629198361313,1.0000682852458567,1.0000738352355643,1.0000795760299146,1.0000848957721113,1.0000726623212552,1.0000594653968164
72,0.048368309021299814,1.1666708136984857e-08,0.0,0.0009054906830247263,0.0,0.004884665660041802,0.004794644417982254,0.004819319052805035,0.00487073802642418,0.004818734070252302,0.004818299092952812,0.004869709204743289,0.004817607130327427,0.00479245984577875,0.004882132519991962,5.806061275038556e-06,-0.0001777458761971773,-0.00012653239025065075,-2.0123323622476402e-05,-0.000125232119217316,-0.0001245093337737301,-1.804058741381332e-05,-0.00012342613635184848,-0.00017413970475087161,9.93515017180379e-06,1.000035516691871,1.0000453799363744,1.0000562220880327,1.0000615530796466,1.000067149729541,1.0000725664561023,1.0000777994601129,1.00008343450571,1.0000715092154548,1.000058361000602
73,0.000953512263406054,1.068343574971668e-08,0.0,0.04932182128470586,0.0,-0.00014195409939237076,-5.586530096395644e-05,-7.93960122653552e-05,-0.00012829519523056485,-7.819701291755278e-05,-7.74830252035898e-05,-0.00012626475012919233,-7.618017851003609e-05,-5.2069124046957675e-05,-0.0001378075647464781,-0.005026619759434173,-0.00485050971894621,-0.004898715065070391,-0.004999033221654745,-0.004896931083169855,-0.004895782118156402,-0.004995973954872481,-0.004893787308837463,-0.0048445289698257074,-0.00501994008473844,0.9999993282490324,0.999999068451262,0.9999988925079829,0.9999988923755297,0.9999986394485534,0.9999985595343533,0.9999986553143829,0.999998366157131,0.9999985579276184,0.9999988988424438
74,0.04924579432582815,9.777718261345092e-09,0.0,0.0482922820624221,0.0,-0.004884450939744348,-0.004966256334522141,-0.00494309881196033,-0.0048951573792294575,-0.004941750532565274,-0.004940897130089934,-0.004892939634421908,-0.004939649568399602,-0.0049620518162794254,-0.004879542178615737,-0.004742496840351977,-0.004910391033558185,-0.004863702799694974,-0.004766862183998893,-0.004863553519647721,-0.004863414104886344,-0.004766674884292716,-0.0048634693898895656,-0.004909982692232468,-0.004741734613869259,0.9999637607681741,0.9999538480744812,0.9999427291357829,0.9999370944241546,0.9999317053408685,0.9999261544437424,0.999920436674214,0.9999150871580595,0.9999273158784565,0.9999405268154694
75,0.048364988359971606,8.915816250692243e-09,0.0,0.0008808059658565485,0.0,-0.004876881723225093,-0.004798329032637062,-0.0048201249091839975,-0.004865470465087713,-0.004820426331674057,-0.004820547029821093,-0.004865919406575039,-0.004820750832252719,-0.004798975423952373,-0.004877563205562461,7.569216519254587e-06,0.00016792730188507944,0.00012297390277633217,2.9686914141744195e-05,0.00012132420089121677,0.00012035010026884094,2.702022784686897e-05,0.00011889873614688226,0.00016307639232705264,1.978973053276545e-06,0.999964486616476,0.9999546340387842,0.9999437880795379,0.9999384410159655,0.9999328604017941,0.9999274359304463,0.9999221717355526,0.9999165559189802,0.9999284867728789,0.9999416247552767
76,0.0009503405683531849,8.182210633846465e-09,0.0,0.0493153289283248,0.0,0.00013629958354782236,6.091243959261902e-05,8.140247223964014e-05,0.0001240448365910198,8.012109114204254e-05,7.932134400498968e-05,0.0001218658228997957,7.794540909194896e-05,5.6763553647707146e-05,0.00013166401559559955,0.0050131813067729155,0.004859241472229681,0.004901527381423638,0.004989515301678733,0.0049005474228161,0.004899868373826083,0.004987785229474835,0.004898696241344668,0.00485573897760008,0.00500922722115806,1.000000674738074,1.0000009259288682,1.0000011062013234,1.000001118517212,1.0000013516178414,1.000001433083713,1.0000013606981129,1.0000016247917105,1.000001428471384,1.000001099433662
77,0.04924882405381873,7.465590385056076e-09,0.0,0.048298483485465546,0.0,0.004888816215964594,0.004960480819689032,0.004940353766005278,0.004898680148002802,0.004939733907964865,0.004939320696885679,0.0048976774546702784,0.0049387923488281625,0.004958522684115169,0.004886446011692873,0.004752516632416772,0.004899568380096413,0.004858951293765638,0.004774635311411782,0.004859612816822822,0.004859999352880689,0.004775811631770483,0.004860846939736214,0.004901759130467462,0.004754781996097274,1.000036232533936,1.0000461523612356,1.0000572667625285,1.000062891679362,1.0000683026511985,1.00007385598204,1.0000795555011952,1.0000849328551917,1.0000727080364669,1.0000594843073394
78,0.04836209392939637,6.833280069300097e-09,0.0,0.0008867301244223609,0.0,0.004870506518927652,0.004801912484756721,0.004821147033922666,0.004861087746590855,0.004821970607729079,0.004822434486289529,0.0048624118549528235,0.004823169545659766,0.004804280275772375,0.004873173374794905,-1.830969703694226e-05,-0.0001585683349323106,-0.00011920673208261172,-3.759240141194657e-05,-0.00011776330023578578,-0.00011688621059614997,-3.5265599717454986e-05,-0.0001156228031683965,-0.00015424240834279422,-1.3272636897968329e-05,1.000035511999344,1.000045355702031,1.0000562051358983,1.0000615654774514,1.0000671309772962,1.0000725606835563,1.000077850463738,1.0000834479900107,1.000071512464657,1.0000583839526487
79,0.00094757511925464,6.260516833240509e-09,0.0,0.049309669048651,0.0,-0.0001306722773847472,-6.470204285206112e-05,-8.264784292977018e-05,-0.00012002071086913806,-8.167654144065287e-05,-8.104391847713749e-05,-0.00011835257352165937,-7.998704554655362e-05,-6.146543991942307e-05,-0.000127006726313497,-0.005001178796312399,-0.004866614527608782,-0.0049037948768524365,-0.004981108457459993,-0.004903647149169732,-0.0049034784047666665,-0.004980764428474483,-0.00490315659120632,-0.004865745715691798,-0.005000180101108402,0.999999325114462,0.9999990820725225,0.9999988983003042,0.9999988741241804,0.9999986564779495,0.9999985712819585,0.9999986207077622,0.9999983758322792,0.9999985764159774,0.9999988959679259
80,0.04925146652906086,5.712904973911016e-09,0.0,0.048303891409806225,0.0,-0.0048925480977091325,-0.004955392173103011,-0.004937928269812474,-0.004901733549666314,-0.004937963280624017,-0.0049379597804229125,-0.004901825063215082,-0.0049380774715742865,-0.004955498132094305,-0.0048925407108393265,-0.004761875820324385,-0.00489069013025095,-0.004855280426882704,-0.004781712838797176,-0.004856286739183364,-0.004856915861945775,-0.0047834724896934225,-0.004858090426027733,-0.004894032692174882,-0.0047655339845258295,0.9999637735153925,0.9999538475049543,0.999942737087573,0.9999371205770483,0.9999316903920502,0.9999261347863315,0.9999204509776536,0.9999150490701358,0.9999272705205924,0.9999405054482631
81,0.0483595687217743,5.241569508686511e-09,0.0,0.0008918978072865631,0.0,-0.004865510613440165,-0.0048055409505496334,-0.004822460194502885,-0.004857535419912157,-0.004823414640297675,-0.004823982365604221,-0.0048590838352317225,-0.004824856964106194,-0.004808404318797303,-0.004868779419332343,2.703748426896753e-05,0.00014985122255337796,0.00011546807530958894,4.419812975415757e-05,0.0001145486403263422,0.0001139774148186919,4.274122798335941e-05,0.00011322050746809253,0.00014709381329700184,2.376129150698323e-05,0.9999644871852895,0.9999546506760643,0.9999437979931236,0.9999384270760968,0.9999328762767388,0.9999274439984689,0.99992213403409,0.9999165545864904,0.9999284939428453,0.9999416134692004
82,0.000945161772356015,4.7893340437153056e-09,0.0,0.04930473049413031,0.0,0.00012534503943410075,6.765038341415442e-05,8.344421557902361e-05,0.00011632739785237284,8.296068561316865e-05,8.261855843027643e-05,0.00011547129765255865,8.20579547603931e-05,6.592563894685516e-05,0.0001233606006731114,0.004990855652874266,0.004873191333963788,0.0049059044100819085,0.00497386281776453,0.004906375325910844,0.004906600924034497,0.004974555132884281,0.004906914918866587,0.0048743299577441584,0.004992140020005455,1.0000006735725242,1.0000009091355049,1.0000010957970475,1.0000011310621764,1.0000013362853262,1.0000014261052559,1.0000013982080378,1.0000016278885224,1.0000014234075905,1.0000011116350866
83,0.04925377317132773,4.3825433736643125e-09,0.0,0.04830861139897171,0.0,0.004896042162454627,0.0049511693784342154,0.004936001265950868,0.004904520635213961,0.004936459616816483,0.004936731607192762,0.004905320967563268,0.004937264325130959,0.004952640477985654,0.004897622734584929,0.004770697123020526,0.004883518995020061,0.004852557050371844,0.004788193237361588,0.0048534989312033145,0.0048541130487624855,0.004789849669910709,0.004855206370370566,0.004886714839038799,0.004774262133911818,1.0000362220853156,1.000046153739602,1.0000572607737397,1.0000628695275482,1.0000683158023898,1.000073872498262,1.0000795416614814,1.0000849641040728,1.000072745693345,1.0000595013267324
84,0.048357363889065766,4.0178805267050735e-09,0.0,0.0008964092822619646,0.0,0.00486166182507841,0.00480915838770866,0.0048239787040320154,0.004854671762661317,0.004824763408467802,0.0048252443599581555,0.004855942645710404,0.004825957338660521,0.0048115543390633885,0.004864431117725087,-3.4380337376216895e-05,-0.00014201099072555512,-0.00011202256191885241,-4.984887255264376e-05,-0.00011169620834868086,-0.00011148724723460644,-4.93783218528639e-05,-0.0001113069864704377,-0.00014108613892226552,-3.3191616859841976e-05,1.0000355153361384,1.0000453460464578,1.000056201764127,1.000061581000454,1.0000671176211366,1.000072550384685,1.0000778760705338,1.0000834378078869,1.000071495328096,1.0000583842829527
85,0.0009430540941735262,3.669283993636785e-09,0.0,0.04930041798323928,0.0,-0.00012058207220554985,-7.013695834184007e-05,-8.4074579367115e-05,-0.00011306362963571948,-8.40621570179145e-05,-8.401235342127104e-05,-0.00011299557237142484,-8.393078053494339e-05,-6.99078832265259e-05,-0.00012028810805122213,-0.00498224389728396,-0.0048792953460505,-0.0049080532833991304,-0.004967735392297037,-0.004908825565485717,-0.004909256713379427,-0.004968938218081829,-0.0049098881191954645,-0.004881462222289914,-0.004984719225776309,0.9999993279278278,0.9999990989739777,0.9999989098341244,0.9999988646893472,0.9999986700670112,0.999998575903721,0.9999985846477388,0.9999983678152274,0.9999985757458021,0.9999988808338476
86,0.049255788125865715,3.3654461916154415e-09,0.0,0.048312734031692194,0.0,-0.00489947492452413,-0.004947820968393072,-0.0049346044710483926,-0.004907137624036189,-0.0049352127565639985,-0.004935593393808197,-0.0049081902819387135,-0.004936268324952315,-0.004949805053866457,-0.004901680326734257,-0.00477889285231858,-0.004877684010051232,-0.0048505298916812776,-0.004794073994400469,-0.004851150599546084,-0.004851581040386926,-0.004795194709567289,-0.004852337544417371,-0.004879897170639931,-0.004781392218683035,0.999963780388457,0.9999538434347683,0.999942739206066,0.9999371379035645,0.9999316786078285,0.9999261223110258,0.9999204673787949,0.9999150284363945,0.9999272440300441,0.9999404961438053
87,0.04835543744666468,3.0786464135067936e-09,0.0,0.0009003506792010481,0.0,-0.004858633207816498,-0.004812606925554583,-0.004825539913563831,-0.004852318899638252,-0.004825999051726596,-0.004826288642711547,-0.004853050828964396,-0.004826683572033227,-0.004814017639557895,-0.004860298765097849,4.084171670763227e-05,0.00013521404283848865,0.00010906455748456185,5.481872439793648e-05,0.00010921370483740235,0.00010930475109665033,5.513945297431783e-05,0.00010958475291908756,0.00013578741430856234,4.1381561636408444e-05,0.999964481301729,0.9999546553559572,0.9999437968580909,0.9999384109485306,0.9999328875672002,0.9999274554895964,0.9999221172798036,0.9999165722693377,0.9999285173337285,0.9999416205709667
88,0.0009412121477575409,2.8169015067042456e-09,0.0,0.04929664959442222,0.0,0.0001165464567891997,7.24286468143558e-05,8.47304000649654e-05,0.00011028071034643264,8.50460350093037e-05,8.520805188091257e-05,0.00011076443018534152,8.546184441574067e-05,7.326839416297443e-05,0.00011747717808831444,0.0049751796646056974,0.004885035572368939,0.004910270313628796,0.004962599609984685,0.0049110450867359,0.0049114966945924595,0.004963815259149737,0.004912145416448968,0.004887286033720869,0.004977775943186163,1.0000006712398084,1.0000008945582468,1.0000010859118256,1.0000011394640373,1.00000132445288,1.000001421914055,1.000001429391058,1.0000016345229552,1.0000014236330268,1.0000011245690654
89,0.04925754939401385,2.583382557748129e-09,0.0,0.04831633724625631,0.0,0.004902846668939749,0.004945221194023777,0.004933654934057378,0.004909597103951352,0.004934187746996282,0.004934534610879581,0.004910524719119017,0.004935126969397993,0.004947000501158729,0.004904854945489991,0.004786300212150549,0.004872792547209421,0.004848924533992413,0.004799316393604919,0.0048491417119869784,0.004849326558998669,0.004799760288933676,0.004849665124982252,0.004873732106995755,0.004787377767401677,1.000036218764725,1.0000461606988604,1.0000572626212911,1.00006285675145,1.0000683264448111,1.0000738811123153,1.0000795222297585,1.0000849741927686,1.0000727612196068,1.0000595028028652
90,0.04835375322087103,2.361095823408432e-09,0.0,0.000903796173142824,0.0,0.004856105473710266,0.004815720246799974,0.004826980905065175,0.004850309725879878,0.0048270996073265186,0.004827180440806836,0.004850476260945804,0.004827241825790841,0.004816071973542742,0.004856566761002992,-4.674119522948307e-05,-0.00012950094722380314,-0.00010667402899220291,-5.928737807147418e-05,-0.00010708813966976358,-0.00010735417007274543,-6.004845817321296e-05,-0.00010788514360715248,-0.00013092852761598713,-4.828818448699909e-05,1.0000355220338617,1.0000453439110566,1.000056204885173,1.0000615964143746,1.0000671079408905,1.0000725390576017,1.0000778878071235,1.0000834177458255,1.0000714704742344,1.00005837418833
91,0.0009396014968439618,2.164906085016791e-09,0.0,0.04929335471771499,0.0,-0.00011326905940166592,-7.465745871748988e-05,-8.549407488851746e-05,-0.0001079699655743378,-8.594939231659424e-05,-8.620974578108734e-05,-0.00010869211546712942,-8.660990438670232e-05,-7.598123202898991e-05,-0.00011476854828144749,-0.004969374533111932,-0.0048903777055174635,-0.004912474979953693,-0.004958279691454215,-0.004913048999643113,-0.004913390186587923,-0.004959168376412934,-0.004913851730177543,-0.004892053205571732,-0.0049713353092844395,0.9999993285819475,0.9999991099427673,0.9999989165566345,0.9999988561007439,0.9999986802175297,0.9999985807728942,0.9999985600711935,0.9999983661134758,0.9999985794825966,0.9999988729513084
92,0.049259089768739266,1.9821170914806147e-09,0.0,0.048319488271895306,0.0,-0.004906056561155103,-0.004943174210309181,-0.004933009866341709,-0.004911864842280272,-0.004933336959076977,-0.004933563710543916,-0.00491244839807781,-0.004933943871314252,-0.004944321678942321,-0.004907369670697723,-0.004792787501753437,-0.0048685167515916915,-0.004847515791453191,-0.004803894876705934,-0.004847387566760382,-0.004847353964762829,-0.004803756282610681,-0.00484733396692755,-0.0048683404469133315,-0.0047926011224162755,0.9999637810642161,0.9999538345379105,0.9999427345297526,0.9999371471359265,0.9999316690246329,0.9999261166565688,0.9999204885695857,0.9999150262051051,0.9999272367752886,0.9999405003859635
93,0.048352279975916804,1.8137008728462642e-09,0.0,0.0009068097928224611,0.0,-0.004853836608164215,-0.004818386625023787,-0.004828189381027176,-0.00484851854790976,-0.004828051896160798,-0.004827970228914196,-0.004848259052419022,-0.004827781699430363,-0.004817925236936825,-0.004853360699930661,5.221995299088764e-05,0.00012478758528539427,0.00010482048531453275,6.334629437051206e-05,0.00010528506291617844,0.00010559348162972066,6.418934565878814e-05,0.00010616217188388899,0.00012639644200549641,5.400897076706171e-05,0.9999644752774082,0.9999546570273486,0.9999437939105823,0.9999383973636867,0.9999328960231797,0.9999274655025947,0.9999221072881579,0.999916590312562,0.9999285395388785,0.99994162983832
94,0.000938192383563595,1.6635850637248e-09,0.0,0.049290472359480406,0.0,0.00011066700115403439,7.684099730592437e-05,8.635667939994266e-05,0.00010607290705389686,8.678526003133222e-05,8.703991763711616e-05,0.00010675561265184857,8.741941060204719e-05,7.812039673145421e-05,0.00011213420099599834,0.00496450360931825,0.0048952276223297115,0.004914546060427119,0.0049545914549636565,0.0049148371561921304,0.004915010146551312,0.0049550146650708705,0.00491520111003241,0.004896045633668279,0.00496549490092666,1.0000006725147588,1.0000008873123956,1.0000010825792305,1.0000011486025753,1.0000013158181587,1.0000014160779116,1.0000014473595247,1.0000016305456179,1.0000014151218217,1.0000011268816675
95,0.04926043760764332,1.5215224204508895e-09,0.0,0.048322245224079734,0.0,0.004908979009393349,0.004941478885803551,0.004932521055415155,0.004913895839653395,0.004932612581065636,0.004932694680564573,0.004914083955960698,0.004932833401834611,0.00494188244577372,0.004909455752178638,0.0047983120082393145,0.004864637888497627,0.004846164376015212,0.004807822932599498,0.004845827321034304,0.004845654762927457,0.00480732834330885,0.004845413991232564,0.004863762049042266,0.00479732155118264,1.0000362194702268,1.0000461701093022,1.0000572684876097,1.0000628497852813,1.0000683349827173,1.000073884982518,1.0000795012731467,1.000084972308003,1.0000727638886686,1.0000594958619875
96,0.048350990685228364,1.394719082292676e-09,0.0,0.0009094469224149582,0.0,0.004851689555419951,0.004820574280639162,0.0048291231093427756,0.004846871900211498,0.004828857008538048,0.004828689138820498,0.004846398697556709,0.004828377670047433,0.004819692375516349,0.004850716949135944,-5.7289453973398234e-05,-0.00012090460516438889,-0.00010339794607237916,-6.702393944189693e-05,-0.00010375557252758835,-0.00010400554174407484,-6.768525840398967e-05,-0.00010445573178717756,-0.00012219007025737055,-5.873880304269399e-05,1.0000355264890253,1.000045341404623,1.0000562063328924,1.000061607557611,1.0000671004296025,1.0000725310126906,1.0000778981280756,1.0000834043695097,1.000071453363891,1.0000583680874076
97,0.0009369590432531617,1.277770931506504e-09,0.0,0.04928794972848153,0.0,-0.00010858999337768228,-7.892632581928908e-05,-8.725467817795318e-05,-0.00010450358480271638,-8.755129053270201e-05,-8.77316178953258e-05,-0.0001049703792466829,-8.798462761732111e-05,-7.981809238347473e-05,-0.00010962845340001422,-0.004960279548797633,-0.004899500606458451,-0.004916377787520729,-0.004951375485014215,-0.00491640829907075,-0.004916420756715824,-0.0049513690768033915,-0.0049163622976647545,-0.004899510467899824,-0.004960345402535958,0.9999993258241392,0.9999991142043799,0.9999989172139763,0.999998846674713,0.9999986875636522,0.9999985872670372,0.9999985474598053,0.9999983744541788,0.9999985915899331,0.9999988750099571
98,0.049261617476934735,1.1693807862016126e-09,0.0,0.04832465843368158,0.0,-0.004911519949016634,-0.004939975665036131,-0.004932073711655502,-0.004915660094322324,-0.004931975762168683,-0.004931937110364776,-0.00491552858557733,-0.004931881059533267,-0.004939766790395839,-0.004911298748864252,-0.004802929955638952,-0.004861049339216842,-0.004844819033477549,-0.0048111565095196075,-0.004844424471635981,-0.0048442054924694505,-0.004810558206330647,-0.004843896431915946,-0.004859948698012364,-0.004801670295464238,0.9999637801397447,0.9999538259280537,0.9999427289825888,0.9999371529901719,0.9999316615246633,0.9999261135052451,0.9999205074515464,0.9999150287637338,0.999927235308082,0.9999405072352631
99,0.04834986192221816,1.0725916348644707e-09,0.0,0.0009117555547165776,0.0,-0.004849623587619645,-0.004822324558541199,-0.004829802866500222,-0.004845342729890474,-0.0048295293855759175,-0.004829350622445152,-0.00484485819285339,-0.004829036886778196,-0.004821404096747558,-0.004848588995266408,6.189636139698924e-05,0.00011765110649493253,0.00010227084515528062,7.031736443184958e-05,0.00010244637659276561,0.00010258648791962397,7.067039272394028e-05,0.00010284417275507104,0.00011836269364828064,6.270975359784405e-05,0.9999644726282731,0.9999546608092451,0.9999437943681276,0.9999383887171803,0.9999329027612394,0.9999274714735052,0.9999220958696285,0.999916598322887,0.9999285509656776,0.9999416320827983
100,0.0009358791308411822,9.816201340455722e-10,0.0,0.04928574105305935,0.0,0.00010687221366732606,8.083764487748155e-05,8.810928555733587e-05,0.00010317268147545279,8.823927740603255e-05,8.831964647252298e-05,0.00010336465310070968,8.841096938894469e-05,8.121883166725945e-05,0.00010733392722811659,0.004956495801286971,0.00490316220341868,0.0049179121520575575,0.004948515411365927,0.00491776866298195,0.004917670268917675,0.0049482228459541,0.004917447856167141,0.004902622928414818,0.004955922922494525,1.0000006759741205,1.0000008848988005,1.0000010834371746,1.0000011577508112,1.0000013095160838,1.0000014095214553,1.000001456436095,1.0000016201497253,1.0000014015586003,1.0000011224740368
101,0.04926265069257901,8.996339807891123e-10,0.0,0.04832677156173783,0.0,0.004913644210938998,0.004938568022100237,0.0049316038972610126,0.004917154475714293,0.0049314008493179734,0.004931291293612762,0.004916843668719365,0.004931125385887301,0.0049380056978887265,0.0049130131911383455,0.004806771997271672,0.004857730377222756,0.004843494611703677,0.00481398179423884,0.004843161571911941,0.004842971647140239,0.0048134790156186555,0.004842714416498356,0.004856786866221467,0.004805679263910229,1.0000362198340167,1.00004617707183,1.000057272723741,1.000062844250008,1.0000683414832787,1.0000738881380173,1.0000794856181523,1.0000849713857614,1.0000727664398097,1.0000594909619043
102,0.04834887334898043,8.245490474193576e-10,0.0,0.0009137773435985864,0.0,0.004847663321405101,0.004823725559974355,0.004830289581025114,0.00484393478207442,0.004830091934972619,0.0048299559588544,0.0048435782300219185,0.004829722646004451,0.004823034823866719,0.0048468765107813295,-6.598088953389727e-05,-0.00011484246212588225,-0.0001013143162358985,-7.321969363987234e-05,-0.00010130891434535425,-0.0001013353347583618,-7.326543869744673e-05,-0.00010140273988284987,-0.00011497087402200738,-6.613668035701601e-05,1.0000355276142814,1.000045336582215,1.0000562042890688,1.000061614084583,1.0000670943780472,1.0000725267955408,1.0000779103873023,1.0000834008886725,1.0000714467476743,1.0000583690864533
103,0.0009349332384242567,7.547730820663127e-10,0.0,0.04928380658740468,0.0,-0.00010537318588450719,-8.251347026764361e-05,-8.885672624077065e-05,-0.00010200586360555736,-8.884268704403495e-05,-8.883360907159781e-05,-0.00010195975963466809,-8.878532271039581e-05,-8.244375547507635e-05,-0.00010531885849000486,-0.004953036507289608,-0.004906239030241999,-0.004919146307265885,-0.004945940645679978,-0.004918934622016654,-0.004918789567925998,-0.0049455379896565866,-0.004918507968714847,-0.0049054785793417955,-0.004952195369271334,0.999999322443918,0.9999991158820443,0.9999989159859984,0.9999988383766168,0.9999986930439815,0.9999985932890199,0.9999985401530639,0.9999983845979623,0.9999986044611447,0.9999988797524958
104,0.04926355577701115,6.92252704278359e-10,0.0,0.0483286225385869,0.0,-0.004915376030133413,-0.004937220601713548,-0.004931096582115111,-0.004918402116563832,-0.004930875053069356,-0.004930748007354646,-0.004918056650821311,-0.004930559358233932,-0.004936577594446695,-0.004914643782559306,-0.004810002844248906,-0.004854707131445904,-0.00484223985587434,-0.004816396252958275,-0.004842032366025321,-0.004841914398283048,-0.004816096891186643,-0.0048417740355235364,-0.004854133838971619,-0.004809324924069301,0.9999637806494329,0.9999538208851468,0.9999427264162775,0.9999371585725999,0.9999316559420903,0.9999261100298154,0.9999205195746789,0.9999150271207822,0.9999272307221003,0.9999405094750575
105,0.04834800728497531,6.338716146833754e-10,0.0,0.0009155484920358283,0.0,-0.004845861069979058,-0.004824880152558252,-0.004830657279274537,-0.0048426645571915065,-0.0048305699149062825,-0.004830500894435071,-0.004842494041715243,-0.004830381966749956,-0.004824536022975177,-0.004845461385190239,6.951496015435502e-05,0.00011234044915529613,0.00010043930284057371,7.573755937232557e-05,0.00010030513816307318,0.00010024711291957509,7.556260910606804e-05,0.00010017739148397622,0.0001120415714715179,6.918239736906744e-05,0.9999644724658402,0.999954666070112,0.9999437972878034,0.9999383837105341,0.9999329081628617,0.9999274744787118,0.9999220835859677,0.9999165989361012,0.999928554425815,0.9999416291597275
106,0.0009341044872637457,5.808565348920613e-10,0.0,0.04928211177223907,0.0,0.00010399962886733019,8.392655944089011e-05,8.946400105255218e-05,0.00010095297931440265,8.936082493166218e-05,8.929424608425818e-05,0.00010075978277723774,8.916077394967564e-05,8.357197058423207e-05,0.00010361372026150475,0.004949860698846388,0.004908806711999142,0.004920121280327089,0.004943617536505909,0.004919930739837945,0.004919795140519329,0.004943253824492481,0.004919542740699632,0.004908107993559409,0.0049490751054517435,1.0000006787199898,1.0000008831497729,1.0000010842116291,1.0000011648153893,1.0000013046824716,1.0000014044425334,1.0000014632644576,1.0000016118989075,1.0000013908956484,1.0000011188442348
107,0.04926434884566751,5.325250587261194e-10,0.0,0.048330244358403766,0.0,0.004916781527901444,0.004935941993359672,0.0049305711189444835,0.004919443723081492,0.004930395056933616,0.004930291434474459,0.00491917080078275,0.004930144448830541,0.0049354243772891755,0.004916184364069873,0.004812781899034114,0.004852015433918782,0.004841107117891931,0.0048184907437670895,0.004841034232001954,0.004840997188390201,0.004818411018005512,0.004840983674880866,0.004851852406704943,0.004812570643808368,1.0000362185326193,1.0000461804061584,1.0000572737950366,1.0000628386112742,1.0000683462637967,1.0000738919082954,1.0000794766215448,1.0000849753548953,1.000072772883595,1.000059491122433
108,0.04834724834146641,4.875829496251871e-10,0.0,0.0009171005042010972,0.0,0.004844264997477489,0.004825879277157047,0.004830970809715335,0.004841546512088198,0.004830985758865598,0.00483098126100225,0.004841549188111762,0.004830968307270304,0.004825864028242292,0.004844238201536134,-7.251653042395553e-05,-0.00011006271620262516,-9.96003092291484e-05,-7.78972109932944e-05,-9.940929806801814e-05,-9.931017347220884e-05,-7.762161267098767e-05,-9.917614156023692e-05,-0.00010956034904688328,-7.194616253373889e-05,1.0000355274132942,1.000045331544981,1.0000562012629386,1.000061618183813,1.0000670896067594,1.0000725244416007,1.0000779217816025,1.0000834013675752,1.0000714446889543,1.0000583725061465
109,0.0009333781811867855,4.47146903661679e-10,0.0,0.0492806265226532,0.0,-0.00010270820065864158,-8.50868178632648e-05,-8.993055274690055e-05,-9.998838294826649e-05,-8.979963537262756e-05,-8.971305192556275e-05,-9.975028210578406e-05,-8.95553603822109e-05,-8.463871506722825e-05,-0.0001022071821162986,-0.00494697319813613,-0.004910966095020312,-0.004920901362462236,-0.004941534895036464,-0.004920785394238226,-0.004920694312927813,-0.004941299470217546,-0.004920523667652515,-0.0049105027433095205,-0.004946445383652433,0.9999993205744576,0.9999991180979821,0.9999989160488026,0.99999883266507,0.9999986973510464,0.9999985972766122,0.9999985331411353,0.9999983902410752,0.9999986122808787,0.9999988816066404
110,0.049265043935271126,4.09612194213382e-10,0.0,0.04833166575408433,0.0,-0.004917944112749041,-0.0049347618041263005,-0.004930062232937966,-0.004920325996055666,-0.0049299624535803725,-0.004929903330743994,-0.004920177697338241,-0.004929829240001987,-0.004934473326340891,-0.004917603741396665,-0.004815235912090399,-0.004849674986263036,-0.004840131680191065,-0.004820337613107399,-0.004840162818207745,-0.004840190278818431,-0.004820427415232457,-0.004840273879619776,-0.004849834611273663,-0.004815396559280366,0.9999637824239499,0.9999538187638078,0.9999427263482873,0.9999371640620959,0.9999316518321546,0.9999261061936469,0.9999205262628109,0.9999150217657042,0.9999272232764479,0.9999405077562307
111,0.04834658311035353,3.7533082292182456e-10,0.0,0.000918460824917592,0.0,-0.0048428998888874145,-0.00482678640611966,-0.00483127305151489,-0.004840584445433528,-0.004831356032804115,-0.004831396394448887,-0.00484070331188283,-0.004831454730835516,-0.004826996545898715,-0.004843132302527976,7.504422386162609e-05,0.0001079753980066404,9.878918142307552e-05,7.974155062213766e-05,9.86064207762578e-05,9.850693629510736e-05,7.947438545541103e-05,9.837450916647117e-05,0.00010747678044217574,7.447143886868922e-05,0.9999644725661504,0.9999546703826484,0.9999437998315747,0.9999383800403484,0.9999329123299959,0.9999274766164009,0.9999220737607833,0.9999165987403361,0.9999285564464124,0.9999416263453544
112,0.0009327415112582839,3.441537938963461e-10,0.0,0.04927932462161182,0.0,0.00010149444433445523,8.603206208854415e-05,9.028001972427851e-05,9.910507113264355e-05,9.017006276192292e-05,9.009426982095094e-05,9.890334202293169e-05,8.996067128034125e-05,8.564550744090058e-05,0.00010105606065131511,0.00494439433322187,0.004912818468208204,0.004921553071239169,0.0049396895165661715,0.004921526095566038,0.004921490664269838,0.004939606653905762,0.004921415402115857,0.004912642053339616,0.004944188363179291,1.0000006797550667,1.0000008804428357,1.0000010833254769,1.000001169291295,1.0000013008298205,1.0000014014607486,1.0000014705563278,1.0000016087378913,1.0000013857545735,1.0000011187155502
113,0.04926565328376207,3.1519103122293924e-10,0.0,0.04833291177250379,0.0,0.004918942121057019,0.004933710154729174,0.004929603239530334,0.004921091446801884,0.004929579613031018,0.0049295668191063294,0.00492106818560108,0.004929565869829502,0.004933656742927961,0.004918869091147772,0.004817447676722564,0.00484767809264063,0.004839323219806056,0.004821986375669241,0.004839409550269095,0.0048394725492853785,0.004822164843578149,0.004839605198549161,0.004848011235487061,0.004817813030496457,1.000036216668918,1.0000461818790978,1.0000572734332271,1.000062833539241,1.0000683498298484,1.0000738955241866,1.000079471332747,1.0000849809618002,1.0000727802839229,1.000059493399822
114,0.04834599989835152,2.890202941377687e-10,0.0,0.0009196533854105545,0.0,0.004841761634385157,0.004827633967224961,0.004831582125539919,0.004839769343528229,0.004831690724393116,0.004831750165532524,0.004839933559701969,0.004831837013830175,0.0048279370511147305,0.004842104313100739,-7.718048667186214e-05,-0.00010607618750421276,-9.802111399041542e-05,-8.132210327365524e-05,-9.788888863790195e-05,-9.781665357380502e-05,-8.113462589911125e-05,-9.772885599932703e-05,-0.00010571969181323061,-7.676477804703305e-05,1.0000355276624069,1.0000453281953277,1.0000561994994575,1.0000616217029108,1.0000670860000236,1.000072522275463,1.0000779297442535,1.0000834005421801,1.0000714419605206,1.0000583741399094
115,0.0009321833034351837,2.648454530141262e-10,0.0,0.0492781832017867,0.0,-0.00010037538134885417,-8.68132907541723e-05,-9.054765488846015e-05,-9.830618224269862e-05,-9.048527159746106e-05,-9.043797540133833e-05,-9.818537706299778e-05,-9.035473192093267e-05,-8.657565479690092e-05,-0.00010010178342136772,-0.004942137015734011,-0.0049144472579791335,-0.004922129780428379,-0.004938075525770928,-0.004922175995990577,-0.004922188140933863,-0.004938118936764967,-0.004922191745751108,-0.0049145127059116315,-0.0049422060965221065,0.9999993201471583,0.9999991210771393,0.9999989174852781,0.9999988291580538,0.9999987007884688,0.9999985994866567,0.9999985258433631,0.9999983915917051,0.9999986154256942,0.9999988805262123
116,0.04926618756987691,2.4267869891487375e-10,0.0,0.04833400426644173,0.0,-0.004919834330393633,-0.004932804415632587,-0.004929215399700833,-0.004921772088427552,-0.004929246951323435,-0.004929268832890408,-0.0049218393456421875,-0.004929320389388468,-0.004932924473966492,-0.00491996134251132,-0.004819458949044779,-0.004845991124878415,-0.004838667744812373,-0.004823465906184854,-0.004838761679725974,-0.00483883085748907,-0.00482365396857919,-0.004838965657467535,-0.004846348819169591,-0.004819859559089952,0.9999637840605913,0.9999538174721122,0.9999427266664718,0.9999371685024564,0.9999316487031777,0.9999261030287583,0.9999205309051443,0.9999150168412538,0.9999272167816152,0.9999405057478485
117,0.048345488499269146,2.225375293745628e-10,0.0,0.0009206990706077684,0.0,-0.0048408223663763085,-0.00482842892835662,-0.004831896161291951,-0.004839082087331998,-0.004831994341750644,-0.004832050154637444,-0.004839231248681163,-0.004832129151745921,-0.004828709905810972,-0.004841144153286126,7.901196401732466e-05,0.00010437548727596727,9.731923840888227e-05,8.269000109555405e-05,9.725260957279061e-05,9.721867825296382e-05,8.260809696102479e-05,9.719123764254708e-05,0.00010421456815552007,7.88171892251938e-05,0.9999644719287821,0.9999546727875553,0.9999438008002864,0.9999383765863483,0.999932915437539,0.9999274788728605,0.999922067577884,0.9999166007036356,0.9999285600277683,0.9999416259521398
118,0.0009316938022803393,2.0385913136672714e-10,0.0,0.04927718230154949,0.0,9.937255986057925e-05,8.748045893850441e-05,9.076836914986928e-05,9.759700235090814e-05,9.075791074408552e-05,9.074307216068358e-05,9.756453086253846e-05,9.071421938292717e-05,8.740914589860406e-05,9.928653293163944e-05,0.004940194926236888,0.004915909387295124,0.00492266453044182,0.004936679089682906,0.00492275225249473,0.004922793226798128,0.004936795779543701,0.004922843371128848,0.004916119051709576,0.004940430686217766,1.0000006798666607,1.0000008775005906,1.0000010817058897,1.0000011721420374,1.000001297784548,1.0000013997405752,1.000001477445455,1.0000016083322045,1.000001383743101,1.0000011203188677
119,0.04926665611881204,1.869141354301869e-10,0.0,0.048334962316531706,0.0,0.004920654926596438,0.004932044425649334,0.0049289043415227975,0.0049223875790155025,0.004928961867895261,0.00492900093172074,0.004922496914678157,0.004929076094883214,0.004932248059126084,0.004920880977724517,0.004821282366735858,0.00484456396671083,0.004838135972372928,0.004824790576664594,0.004838203957151175,0.004838257859560056,0.004824932383815619,0.004838361875500287,0.00484483891322748,0.004821594444792877,1.000036215437739,1.0000461832725864,1.0000572734367892,1.0000628298299443,1.0000683526016434,1.0000738981214063,1.0000794668679451,1.000084984677042,1.000072785399736,1.0000594946580665
120,0.04834503999845031,1.713217543782842e-10,0.0,0.0009216161203617363,0.0,0.004840041234674416,0.00482916308450492,0.0048322018592814545,0.004838498601370818,0.004832267959208971,0.004832305840432321,0.004838596180121529,0.004832355030947013,0.004829350674608076,0.00484025953330079,-8.061369192202163e-05,-0.00010288134114441478,-9.670248224134294e-05,-8.388897764468467e-05,-9.669390868628953e-05,-9.66950912884186e-05,-8.39007345566278e-05,-9.672106393620108e-05,-0.00010289738451800881,-8.062144442372646e-05,1.0000355285785498,1.0000453265382176,1.0000561991411259,1.0000616250424141,1.0000670833202423,1.0000725199953613,1.0000779344903183,1.000083397763335,1.00007143780638,1.0000583735966937
121,0.0009312644850199246,1.5698805244224382e-10,0.0,0.04927630448347023,0.0,-9.850003412000072e-05,-8.807264062856389e-05,-9.096856116581203e-05,-9.697946641332948e-05,-9.099820274956379e-05,-9.100942496498548e-05,-9.701566415725241e-05,-9.102285540745977e-05,-8.813306204884588e-05,-9.856457336411117e-05,-0.004938541268794417,-0.0049172357251334835,-0.0049231704204472666,-0.004935478067784147,-0.004923266161958535,-0.004923315265397307,-0.004935611844278782,-0.004923377886354473,-0.0049174837366569215,-0.004938824106664901,0.9999993200927689,0.9999991237093494,0.9999989189633932,0.9999988266901125,0.9999987034622283,0.9999986009637863,0.9999985197280603,0.9999983918185814,0.9999986170669082,0.9999988790092015
122,0.04926706707919576,1.4396156516862437e-10,0.0,0.048335802594175845,0.0,-0.004921416338315193,-0.004931414678371842,-0.004928662208751556,-0.004922946952201192,-0.004928719072375281,-0.0049287587628802365,-0.004923054042257751,-0.004928831167395531,-0.0049316179990977725,-0.0049216458575494105,-0.0048229163041951925,-0.004843342037743278,-0.004837693647585744,-0.004825967485787863,-0.004837720869625717,-0.004837749337915251,-0.004826038378100498,-0.0048378083119880715,-0.004843484937048927,-0.004823081284185299,0.9999637848540573,0.9999538158864791,0.9999427262685664,0.9999371715026849,0.9999316462348893,0.9999261009957005,0.9999205353665814,0.9999150144297251,0.9999272131076632,0.9999405053535773
123,0.048344646604420505,1.3190747156368485e-10,0.0,0.0009224204747752558,0.0,-0.004839375884898582,-0.004829823720210498,-0.004832483252514554,-0.004837995145078496,-0.004832511360172285,-0.0048325266584939445,-0.004838030886113523,-0.00483253986856045,-0.00482989598121758,-0.004839463847160597,8.204045341661092e-05,0.00010159095816134403,9.617895623700249e-05,8.495180712269571e-05,9.62077122029963e-05,9.623210438629206e-05,8.50231561442278e-05,9.62912988350809e-05,0.00010172201788019239,8.218201038881316e-05,0.9999644709093193,0.9999546739691505,0.9999438008185901,0.9999383734725549,0.9999329177615217,0.9999274810522607,0.9999220638200886,0.9999166037801649,0.9999285642836446,0.9999416269670371
124,0.0009308879012765144,1.209340076092648e-10,0.0,0.04927553450569702,0.0,9.775892978362063e-05,8.861396122466364e-05,9.116280305119379e-05,9.644980934763077e-05,9.121314954850003e-05,9.123884601409168e-05,9.65222640898454e-05,9.127491226746179e-05,8.874613829865097e-05,9.79070876508557e-05,0.004937134814682203,0.004918437681435161,0.004923646055565748,0.004934444954426127,0.004923724509720785,0.004923765504508036,0.004934553150203368,0.004923814780827912,0.004918642119516231,0.004937370934811453,1.000000680030942,1.000000875341806,1.0000010805713924,1.000001174412981,1.0000012954561053,1.000001398342178,1.00000148258165,1.0000016077884841,1.0000013819723403,1.0000011213622273
125,0.04926742757568901,1.1086449798431378e-10,0.0,0.0483365396744125,0.0,0.004922116663651285,0.004930890524697911,0.004928473041979067,0.004923452342674065,0.004928511729654835,0.004928540733863745,0.00492352798314795,0.0049285931093866414,0.004931037083100373,0.004922284363533143,0.004824357733867664,0.004842276563473248,0.004837310238927873,0.004827002533326435,0.004837298580106335,0.004837301887849654,0.004827005719058104,0.00483731819711918,0.004842290944801722,0.004824377275882287,1.00003621500368,1.0000461849946738,1.0000572741460656,1.000062827426886,1.0000683547998641,1.0000738996832335,1.0000794624590512,1.0000849860173864,1.00007278787907,1.0000594943535157
126,0.04834430150360218,1.0159534763937057e-10,0.0,0.0009231260720868354,0.0,0.004838791132354271,0.0048304016174704895,0.004832728184827142,0.004837552167255373,0.004832724673285934,0.004832720538722554,0.004837536376814709,0.0048327039077310854,0.0048303759479974995,0.004838766957143123,-8.332553129701374e-05,-0.0001004889072274218,-9.5744857151925e-05,-8.590017541869246e-05,-9.578705636890082e-05,-9.582019514119133e-05,-8.59916063332411e-05,-9.588920165555601e-05,-0.00010066113510287349,-8.351740639001969e-05,1.0000355295333268,1.0000453255764654,1.0000561992069803,1.000061627822285,1.0000670812879549,1.0000725180361523,1.0000779376772497,1.0000833948852152,1.000071433901882,1.0000583725536645
127,0.0009305575346483996,9.316414923119436e-11,0.0,0.04927485903825058,0.0,-9.713788594160194e-05,-8.911461248063864e-05,-9.135474504336737e-05,-9.599893877304706e-05,-9.140673565946524e-05,-9.143505689434336e-05,-9.607569226383842e-05,-9.14744733747459e-05,-8.92581746154324e-05,-9.730121960191927e-05,-0.004935929018295873,-0.004919516229951128,-0.004924082929870509,-0.00493355110602842,-0.004924131408945399,-0.004924155595616897,-0.004933612069078547,-0.004924178381105831,-0.004919634122612932,-0.004936068176745042,0.9999993197567933,0.9999991253589424,0.9999989196937872,0.9999988245281674,0.9999987054793129,0.9999986023550194,0.9999985155896203,0.9999983928631594,0.9999986191649252,0.9999988785692944
128,0.04926774384083609,8.537935920950889e-11,0.0,0.04833718630618769,0.0,-0.004922748190929802,-0.004930445292871407,-0.004928318814457665,-0.004923903069279648,-0.004928332814087075,-0.004928346500820589,-0.004923936375375618,-0.004928372551451424,-0.0049305128629403925,-0.0049228273686224705,-0.0048256103049882,-0.0048413306803907685,-0.004836964069414297,-0.004827904130506601,-0.00483692607842761,-0.004836911443926246,-0.00482786068311178,-0.004836898078076678,-0.00484125468832496,-0.004825526149020551,0.9999637850623833,0.9999538141586679,0.9999427254098362,0.9999371734623045,0.9999316442854272,0.9999260997695802,0.9999205395577773,0.9999150137642399,0.9999272114218294,0.9999405060500429
129,0.04834399873467058,7.82725099101284e-11,0.0,0.0009237451061655123,0.0,-0.0048382632611029385,-0.0048308950991434625,-0.004832931466981173,-0.004837156068320352,-0.004832909232945766,-0.0048328931947057485,-0.004837110034189774,-0.004832859411473704,-0.004830810539245354,-0.0048381704265623065,8.44849298268632e-05,9.955019372794461e-05,9.538734747649175e-05,8.674700095929588e-05,9.542358114130942e-05,9.545330611484062e-05,8.682634118584425e-05,9.551313997771971e-05,9.970232369503878e-05,8.465694206016405e-05,0.999964470132781,0.9999546748917427,0.9999438008459686,0.9999383710907142,0.999932919553403,0.999927482716265,0.9999220609041047,0.9999166061246892,0.9999285675353461,0.9999416277324384
130,0.0009302676829476718,7.176339639980503e-11,0.0,0.04927426641761826,0.0,9.661726803566421e-05,8.95750613633178e-05,9.154063055277859e-05,9.56144897536525e-05,9.158076738026086e-05,9.160299215784599e-05,9.567280223545232e-05,9.163206110275428e-05,8.96861955201958e-05,9.674541484574941e-05,0.004934880529138603,0.00492047016050678,0.0049244720975339515,0.004932770558074005,0.004924490000326027,0.0049244961868635945,0.004932782836425226,0.0049244914725764585,0.0049204967347655495,0.004934915841408056,1.000000680514755,1.0000008741340967,1.0000010801908232,1.000001176474917,1.0000012937107614,1.0000013969614052,1.0000014858535793,1.0000016063126278,1.0000013795952223,1.0000011212786561
131,0.04926802132920906,6.576846558187098e-11,0.0,0.048337753646261396,0.0,0.004923304342619238,0.004930055991003434,0.004928184206667374,0.004924298865941161,0.004928176207319307,0.004928175734678299,0.004924294321648901,0.004928178341588524,0.004930051599268393,0.004923301718474427,0.004826687074583574,0.004840480929640116,0.004836643576114595,0.004828684376187509,0.004836595439939046,0.004836572742520453,0.004828621519413449,0.00483654628048577,0.004840365403748197,0.004826556303628678,1.0000362148849968,1.0000461865902004,1.000057274986667,1.0000628257607478,1.0000683565172304,1.0000739007073074,1.0000794586646415,1.000084986411475,1.0000727891765318,1.0000594935818632
132,0.048343733079705555,6.030870342919758e-11,0.0,0.0009242882495034974,0.0,0.0048377801192285895,0.004831310323072596,0.004833094933814896,0.004836799018971214,0.004833067696228569,0.004833048136439584,0.004836745495642247,0.004833010735299497,0.004831209601880299,0.004837667019128072,-8.552422339064888e-05,-9.874566793083815e-05,-9.508927285247805e-05,-8.749984696994773e-05,-9.51085110907383e-05,-9.512759823871505e-05,-8.754882600665436e-05,-9.516760628902696e-05,-9.884199738809454e-05,-8.563469934635536e-05,1.0000355300886832,1.0000453246066967,1.000056199009013,1.0000616297999898,1.0000670796990692,1.0000725166845892,1.0000779404768216,1.0000833932006947,1.000071431406557,1.0000583721937188
133,0.0009300133544115213,5.527788573203104e-11,0.0,0.04927374643411708,0.0,-9.61746906456458e-05,-8.999128311234627e-05,-9.171360752647725e-05,-9.528339874610974e-05,-9.173592434627998e-05,-9.174787135076377e-05,-9.531308175223224e-05,-9.176044915479731e-05,-9.004953626106944e-05,-9.624351151579953e-05,-0.004933954809874235,-0.004921301606184942,-0.004924808541341373,-0.004932082417717323,-0.004924803620574849,-0.004924796007790348,-0.004932058577394479,-0.004924771184454294,-0.004921259138141368,-0.004933910530643871,0.9999993191978681,0.9999991262489857,0.9999989198431558,0.9999988226030067,0.9999987069939568,0.9999986036791366,0.9999985129719798,0.9999983945559582,0.9999986216319399,0.9999988789772606
134,0.049268264816396075,5.0675150751953594e-11,0.0,0.048338251461984554,0.0,-0.004923783674548204,-0.004929706421190113,-0.004928059183311931,-0.004924641676956411,-0.004928037300345375,-0.004928027401264136,-0.004924612864671099,-0.0049280148502283605,-0.0049296548430379904,-0.004923726600842457,-0.004827608983902558,-0.004839715138077767,-0.004836345575785454,-0.004829358278210301,-0.004836301375999095,-0.0048362795299133725,-0.0048292997829188665,-0.004836254401073563,-0.004839605306776921,-0.004827483089326658,0.9999637851932907,0.9999538127938947,0.999942724709969,0.9999371749501115,0.9999316427829903,0.9999260988460833,0.9999205428327236,0.9999150133393715,0.9999272102071897,0.9999405066619242
135,0.048343499969755274,4.646422377007974e-11,0.0,0.0009247648466408059,0.0,-0.004837338305255003,-0.0048316590106252345,-0.004833225414263464,-0.004836477482982394,-0.004833203642611332,-0.004833187182961864,-0.004836433873144128,-0.004833156469706715,-0.004831575427257685,-0.004837243160947451,8.644536929320115e-05,9.804741056487851e-05,9.483376904846717e-05,8.816419397401649e-05,9.483365773404334e-05,9.484021830227264e-05,8.817899152697029e-05,9.485838052164519e-05,9.80794157803052e-05,8.648343989500588e-05,0.9999644697800258,0.9999546759131228,0.999943801204927,0.9999383694733612,0.9999329209648454,0.9999274837879173,0.9999220581922245,0.9999166072047521,0.99992856934303,0.9999416277144875
136,0.0009297901776151871,4.25862761336394e-11,0.0,0.04927329014737046,0.0,9.578983470523352e-05,9.035926530885641e-05,9.186738978660819e-05,9.499407424803062e-05,9.187267648137331e-05,9.187438921649891e-05,9.499623595245546e-05,9.187110854762259e-05,9.036561572863238e-05,9.57995876398757e-05,0.004933128139960236,0.004922018275934091,0.004925092804050072,0.004931471557230425,0.004925076319092705,0.0049250615721783625,0.004931430109096584,0.004925027578254338,0.004921941042986318,0.004933042748587327,1.0000006810653308,1.000000873428331,1.000001080141853,1.0000011782146896,1.0000012923886838,1.0000013957503746,1.000001488039064,1.00000160464915,1.0000013772600367,1.0000011207701998
137,0.04926847848497158,3.904965330776714e-11,0.0,0.04833868830735639,0.0,0.004924190822886772,0.004929387643962415,0.0049279393569521,0.0049249360186690155,0.004927913079011017,0.004927899573589361,0.0049248988602899795,0.004927881504220906,0.004929318706795705,0.004924112918594306,0.004828400988181538,0.004839028378653559,0.004836071967165492,0.004829941944420985,0.004836040402529644,0.004836025184372862,0.004829902624337524,0.004836010395673283,0.004838953091067072,0.00482831333095443,1.0000362146896207,1.0000461876850584,1.0000572754894863,1.00006282438332,1.0000683578247036,1.0000739015872608,1.0000794559457495,1.000084987022422,1.0000727904709774,1.0000594932440545
138,0.04834329540279357,3.579655419582532e-11,0.0,0.0009251830821780027,0.0,0.004836939135609957,0.004831955116634733,0.004833331875486683,0.004836190246655294,0.004833320950974684,0.004833311182860092,0.004836165499738646,0.004833292393740575,0.004831906333396156,0.0048368826676967545,-8.725168727681532e-05,-9.743252732768212e-05,-9.460748146541704e-05,-8.87457720137215e-05,-9.459212803633339e-05,-9.458839072926887e-05,-8.873336055133327e-05,-9.458911048033057e-05,-9.741237339954897e-05,-8.723025089755164e-05,1.000035530295422,1.0000453235806714,1.0000561985528111,1.0000616311301556,1.0000670784476962,1.000072515830572,1.0000779430502729,1.0000833925571366,1.000071430111959,1.0000583724651098
139,0.0009295943231668524,3.2815621871646516e-11,0.0,0.04927288972596043,0.0,-9.544740466571177e-05,-9.067779997979936e-05,-9.199847327973597e-05,-9.47376599025624e-05,-9.199186809145422e-05,-9.198622464451269e-05,-9.472071046475686e-05,-9.197208458153455e-05,-9.06473850101298e-05,-9.541471254665475e-05,-0.004932386540275668,-0.004922632916614532,-0.004925330348766419,-0.0049309279065578564,-0.004925312819066138,-0.004925297407504605,-0.004930886210203403,-0.00492526447832211,-0.0049225537184062855,-0.004932297380243409,0.9999993187214016,0.9999991268776403,0.9999989198959371,0.9999988210840274,0.9999987081556441,0.9999986047345486,0.9999985110390471,0.9999983959960955,0.9999986236620015,0.9999988794079198
140,0.0492686659992522,3.0089903335359744e-11,0.0,0.04833907167608534,0.0,-0.00492453517127071,-0.004929096495481843,-0.004927824746620705,-0.004925188304045248,-0.004927801824944924,-0.004927789642127918,-0.004925155856966326,-0.004927773939252125,-0.004929035117779325,-0.00492446490076307,-0.004829087766604998,-0.004838418695502044,-0.004835826273340969,-0.004830450644142685,-0.00483580995685347,-0.004835803417483405,-0.004830435146501569,-0.00483580185467059,-0.0048383877327691956,-0.004829050188216415,0.9999637854589901,0.9999538119526745,0.9999427243985683,0.9999371762416853,0.9999316416478519,0.9999260979936235,0.9999205450393182,0.9999150125243842,0.9999272088037485,0.9999405067245623
141,0.048343115872354535,2.7580809474958233e-11,0.0,0.0009255501268976597,0.0,-0.00483658487699278,-0.004832211746148113,-0.00483342281903171,-0.004835936637263258,-0.004833423212481706,-0.004833420686138176,-0.004835931516330571,-0.004833414163757175,-0.004832199967514344,-0.0048365702466967005,8.795029427792998e-05,9.688474933372982e-05,9.440192758899523e-05,8.925166678199013e-05,9.437861246321816e-05,9.436895598974142e-05,8.922434063575457e-05,9.435977549494996e-05,9.683515026498099e-05,8.789465406636946e-05,0.9999644696513662,0.9999546768796758,0.9999438016774477,0.9999383683508335,0.9999329220692396,0.9999274844938848,0.9999220558356776,0.999916607613323,0.9999285703295213,0.9999416273446153
142,0.0009294224355613613,2.528949913596022e-11,0.0,0.04927253830791589,0.0,9.513797200801956e-05,9.094937434719202e-05,9.21067728008422e-05,9.450830746054496e-05,9.209492658867127e-05,9.208591284085542e-05,9.448323251582628e-05,9.206744118980814e-05,9.090264599644418e-05,9.50858498131573e-05,0.0049317228490008,0.004923161120495305,0.004925529591832552,0.004930444944723803,0.004925518139070377,0.004925506598979032,0.004930414748846397,0.004925481604946983,0.0049231026135107886,0.004931656096509858,1.0000006814336435,1.0000008728129661,1.0000010800265509,1.000001179502923,1.0000012913623861,1.0000013948674606,1.0000014898314729,1.0000016035326311,1.000001375619997,1.0000011205152692
143,0.049268830570372804,2.3184859315994566e-11,0.0,0.04833940813481144,0.0,0.004924828388652312,0.00492883317776936,0.004927717790297072,0.004925405682514862,0.004927702629701905,0.004927694723443917,0.004925385433453084,0.004927685909960323,0.004928794027782058,0.004924782806797906,0.004829690416644292,0.004837883803422168,0.004835611017496229,0.004830897375054317,0.004835607703113234,0.004835608810603061,0.004830902200937258,0.0048356184687705145,0.004837891381785614,0.004829696956984749,1.0000362143792227,1.0000461883257297,1.0000572756566466,1.0000628231827624,1.0000683588111778,1.000073902400442,1.0000794541551223,1.0000849879661784,1.0000727919217378,1.0000594933810676
144,0.04834295830538319,2.1254269833970903e-11,0.0,0.0009258722649896165,0.0,0.004836276174243096,0.004832439124340673,0.004833504583232984,0.0048357153410678805,0.004833513341908191,0.004833516406625494,0.0048357248841610625,0.004833519084940999,0.004832455527020167,0.004836293837842633,-8.855221440921563e-05,-9.639405342868647e-05,-9.421320706408734e-05,-8.969034144698171e-05,-9.418928779371394e-05,-9.417831681842251e-05,-8.966054929202168e-05,-9.416682501932339e-05,-9.633850076189079e-05,-8.848896895527307e-05,1.000035530403986,1.0000453227275516,1.0000561981325709,1.0000616321128422,1.0000670774784084,1.0000725152134822,1.0000779451248265,1.00008339221151,1.0000714292584036,1.0000583728012165
145,0.0009292715738141739,1.9489155414721488e-11,0.0,0.049272229879197355,0.0,-9.48571282506543e-05,-9.117955878963028e-05,-9.219502745675453e-05,-9.430268347570409e-05,-9.218377033239251e-05,-9.217500790186482e-05,-9.427914235588669e-05,-9.215792606579506e-05,-9.113484574673966e-05,-9.480648343875193e-05,-0.00493113330249375,-0.0049236186831303035,-0.004925699610689739,-0.004930018024543585,-0.004925697112240584,-0.004925691414527359,-0.004930004026516949,-0.004925677011006794,-0.004923590372766907,-0.004931100321281385,0.9999993184631553,0.9999991275002212,0.9999989200867381,0.9999988200107166,0.9999987090648373,0.999998605453953,0.999998509342123,0.9999983967837246,0.9999986249168692,0.9999988794705535
146,0.0492689750129937,1.7865367946651216e-11,0.0,0.048339703439179524,0.0,-0.004925081923164851,-0.004928598871330641,-0.0049276213991961216,-0.004925594898937229,-0.004927614908860901,-0.0049276120788452485,-0.004925588494439102,-0.004927611168223678,-0.004928585626372085,-0.004925065643623839,-0.004830224794914197,-0.00483741931254101,-0.004835426371739367,-0.0048312922154615245,-0.004835431138528508,-0.004835437070943384,-0.004831309352083216,-0.004835453242157883,-0.004837450780625346,-0.004830259160185087,0.9999637857756273,0.999953811445957,0.999942724312412,0.9999371773331132,0.9999316407874005,0.999926097243252,0.9999205465281993,0.999915011565197,0.9999272074050921,0.9999405064940271
147,0.04834282000805856,1.6380735528053492e-11,0.0,0.0009261550049351266,0.0,-0.004836010971541431,-0.004832643865586207,-0.0048335807384829255,-0.004835523933467062,-0.0048335934402255545,-0.00483359942362494,-0.004835540706977439,-0.0048336067804363855,-0.004832674656804915,-0.004836045490911711,8.907095162342081e-05,9.595500574443357e-05,9.404066071319606e-05,9.007096547016674e-05,9.402146863534636e-05,9.401265522030865e-05,9.004778746166293e-05,9.400438778729269e-05,9.591096956717074e-05,8.902015271212808e-05,0.9999644695266097,0.9999546775906444,0.9999438020054039,0.999938367461642,0.9999329229158215,0.9999274850613179,0.9999220540721143,0.999916608003823,0.9999285711623964,0.9999416271223053
148,0.0009291391596977288,1.501849715032003e-11,0.0,0.0492719591677563,0.0,9.460370782052308e-05,9.137557602827313e-05,9.226755137837443e-05,9.411907714772152e-05,9.226054832247622e-05,9.22544044763612e-05,9.410314433538035e-05,9.2242281475312e-05,9.134466624253785e-05,9.456820247076905e-05,0.004930614679361954,0.00492401944161448,0.0049258482898613,0.004929643010614783,0.004925853988548031,0.004925853828101301,0.00492964385131282,0.0049258490619116975,0.0049240193230474525,0.00493061369338248,1.0000006816032072,1.0000008721943383,1.000001079780572,1.0000011803952176,1.0000012905571751,1.0000013942842558,1.0000014914288233,1.000001603010273,1.0000013746806218,1.0000011206021322
149,0.049269101794761086,1.37681402447736e-11,0.0,0.048339962635063356,0.0,0.0049253051913625764,0.004928394006598722,0.004927537574191764,0.004925761502873203,0.0049275380431226395,0.004927539414671111,0.004925766196062978,0.004927544787956023,0.004928401917589138,0.0049253131603329324,0.004830701483542053,0.0048370184305704484,0.004835270022813389,0.0048316424257254815,0.004835277494800163,0.0048352850101947495,0.004831663051727598,0.004835302506480711,0.0048370572513466,0.004830744957862163,1.000036214091656,1.0000461887586996,1.0000572757192965,1.0000628222173393,1.0000683595655084,1.0000739030663797,1.0000794528653767,1.0000849888366958,1.0000727931766444,1.0000594936079152
150,0.04834269861852666,1.2624755101334267e-11,0.0,0.00092640317623443,0.0,0.00483578471496071,0.0048328293421327,0.0048336523952291965,0.004835359001296817,0.004833664872766122,0.004833671159749239,0.004835375979946646,0.004833678939514125,0.004832861225676832,0.00483582098725427,-8.952047640186679e-05,-9.55646644660215e-05,-9.388517896256714e-05,-9.040250157638617e-05,-9.387317035651748e-05,-9.386825492187136e-05,-9.039021611633238e-05,-9.38658484418986e-05,-9.554069191230596e-05,-8.949217307866256e-05,1.0000355305575226,1.0000453221595003,1.0000561979054639,1.0000616329322192,1.000067076741151,1.0000725146777378,1.000077946588621,1.0000833917384893,1.0000714284023688,1.000058372887223
151,0.0009290229325695362,1.1573650621210526e-11,0.0,0.049271721551096194,0.0,-9.437785576358899e-05,-9.154473757835499e-05,-9.232889938254937e-05,-9.395647057461407e-05,-9.232734688800846e-05,-9.232468458713391e-05,-9.395011359061324e-05,-9.231863226452208e-05,-9.15317266078743e-05,-9.43624653322768e-05,-0.004930162570724299,-0.004924374079711055,-0.004925981294611746,-0.004929315471871431,-0.0049259922196541305,-0.004925995844336373,-0.004929326093537259,-0.004925997571778647,-0.0049243929522847065,-0.004930183452586547,0.9999993183501776,0.9999991280883247,0.9999989203517942,0.9999988192583051,0.9999987097759601,0.9999986059359796,0.9999985078728937,0.9999983971361037,0.9999986256396981,0.9999988793050048
152,0.04926921307948173,1.0611654613302358e-11,0.0,0.04834019014691219,0.0,-0.004925504763604995,-0.004928217441979871,-0.004927466779205109,-0.004925909531093106,-0.00492747119765532,-0.004927475011812303,-0.004925920381008462,-0.004927483740429287,-0.004928237409369478,-0.004925526823323803,-0.004831126907841406,-0.004836672704401516,-0.00483513787982256,-0.004831953060518492,-0.004835143850767312,-0.004835150327225169,-0.004831970267417849,-0.004835165108164765,-0.0048367056827616035,-0.004831164357991526,0.9999637860117185,0.9999538110449181,0.9999427242347234,0.9999371781655,0.9999316401229424,0.9999260966732042,0.9999205476921652,0.9999150108493312,0.9999272063499854,0.9999405063350142
153,0.04834259206563126,9.729627687690643e-12,0.0,0.0009266210138504727,0.0,-0.004835591339605111,-0.004832996708781888,-0.004833719047891339,-0.004835216613764276,-0.0048337284778154676,-0.004833733221196164,-0.004835229006325451,-0.004833738522674208,-0.0048330204283514346,-0.004835618699225922,8.99134239998843e-05,9.522073319798239e-05,9.374773131377075e-05,9.069291732882994e-05,9.374271983985261e-05,9.374179061613901e-05,9.06913746830107e-05,9.374521775507884e-05,9.521698101804324e-05,8.990812409788093e-05,0.9999644693502772,0.9999546780366343,0.9999438021475592,0.9999383667061452,0.9999329235576445,0.9999274855667518,0.9999220528660454,0.9999166085420106,0.999928572031733,0.9999416271500502
154,0.0009289209099230967,8.919795497650513e-12,0.0,0.04927151297555435,0.0,9.41795085950721e-05,9.169324401073122e-05,9.238285402904823e-05,9.381382747141419e-05,9.238596261365237e-05,9.238639141007955e-05,9.381569989623615e-05,9.238554565655505e-05,9.16959039266715e-05,9.418197231363633e-05,0.004929770848200183,0.004924689952792619,0.004926101901920387,0.00492903044123569,0.00492611444042912,0.004926119612606243,0.0049290447062216875,0.004926124068330763,0.004924716332278106,0.004929800671539558,1.0000006816908258,1.0000008716638265,1.0000010795322423,1.0000011810462244,1.0000012899317547,1.0000013938703385,1.0000014927394354,1.000001602735176,1.0000013740788574,1.0000011207764676
155,0.04926931076483683,8.178993528015226e-12,0.0,0.04834038985491373,0.0,0.004925684467543187,0.004928066465078889,0.004927407992698892,0.004926041612045549,0.004927413305452778,0.004927417697710678,0.004926053576724171,0.004927426797992802,0.004928088996577933,0.004925709853011946,0.004831504958948115,0.004836373221068157,0.004835025138669844,0.0048322277845741345,0.004835027342839126,0.004835031306300599,0.0048322378768279346,0.004835041252336247,0.004836393092651261,0.00483152788069831,1.0000362139136827,1.000046189147947,1.0000572758278843,1.0000628215126548,1.0000683601526295,1.0000739035416268,1.0000794517877016,1.0000849893785182,1.0000727940197165,1.0000594936750593
156,0.04834249853285804,7.498446585939064e-12,0.0,0.0009268122319787816,0.0,0.004835424490820243,0.0048331460996101595,0.004833779550610922,0.004835092882851873,0.0048337848110230185,0.0048337871960116964,0.004835098738891625,0.004833788828709837,0.004833157699381011,0.004835438234947657,-9.025997672294436e-05,-9.492036546872914e-05,-9.362844208796964e-05,-9.094872919367548e-05,-9.36284944297594e-05,-9.363050169898177e-05,-9.095483783254539e-05,-9.363796928296524e-05,-9.493129719692194e-05,-9.027161806428926e-05,1.000035530740616,1.0000453218037038,1.0000561978195286,1.000061633619776,1.0000670761812642,1.000072514210397,1.0000779475940624,1.0000833911822804,1.0000714275589704,1.0000583727923753
157,0.0009288313529140398,6.875093260599735e-12,0.0,0.04927132988577208,0.0,-9.400755855113775e-05,-9.182557984428134e-05,-9.243191738095551e-05,-9.368971387191567e-05,-9.243778902884997e-05,-9.244018337987818e-05,-9.369661311706221e-05,-9.244258042216246e-05,-9.183804413892983e-05,-9.402137317886684e-05,-0.00492943204937138,-0.004924971679454441,-0.004926211467991878,-0.004928782596723789,-0.0049262226000518685,-0.004926227379391575,-0.0049287953520086875,-0.004926231409132,-0.004924995743519941,-0.004929459608126524,0.9999993182652264,0.9999991285435558,0.9999989205585305,0.9999988186792806,0.9999987103237136,0.9999986063066171,0.9999985067384486,0.9999983974013394,0.9999986261907934,0.9999988791716488
158,0.049269396515345565,6.303830137048487e-12,0.0,0.048340565162431536,0.0,-0.004925846098663478,-0.004927937333536649,-0.004927359195940282,-0.004926159338255507,-0.0049273631602083775,-0.0049273667144838955,-0.00492616871275005,-0.004927374006676811,-0.004927955319022989,-0.004925866635807528,-0.00483183854011234,-0.004836111753692368,-0.004834927278559327,-0.0048324696243835915,-0.0048349253711795276,-0.004834926531104017,-0.004832472099632988,-0.0048349314262546485,-0.004836117274884059,-0.004831845262628661,0.9999637861381228,0.9999538106654627,0.9999427240983523,0.9999371787579672,0.999931639603743,0.9999260962813262,0.9999205486947312,0.9999150104619459,0.9999272056945642,0.9999405063500886
159,0.048342416426814,5.77929064031354e-12,0.0,0.0009269800885315597,0.0,-0.004835278545858477,-0.004833277620803207,-0.00483383291514342,-0.004834984415478281,-0.004833834351147726,-0.004833834485633659,-0.004834984241993953,-0.004833832734233343,-0.004833277817035903,-0.00483527929948604,9.056755280500116e-05,9.465971273344212e-05,9.352628079686235e-05,9.117492277722645e-05,9.352880906065165e-05,9.353222885023684e-05,9.118447075609666e-05,9.35412724434679e-05,9.467750198708606e-05,9.05873363214885e-05,0.9999644691780653,0.9999546783346238,0.9999438022073338,0.9999383660930188,0.9999329240478181,0.9999274859863178,0.9999220520046355,0.9999166090642897,0.9999285728046416,0.9999416272620951
160,0.000928752736216884,5.299261328193068e-12,0.0,0.04927116916303089,0.0,9.385969507532364e-05,9.194449085671123e-05,9.247728949568924e-05,9.358223642239906e-05,9.248381661530313e-05,9.248686983705148e-05,9.359060288303012e-05,9.249034416763339e-05,9.196007721370449e-05,9.387731365003826e-05,0.0049291382409338,0.004925222111659918,0.004926310204639109,0.00492856665190068,0.004926318167763029,0.00492632135547071,0.004928574844876983,0.0049263230784009765,0.004925237894249607,0.004929156613136078,1.0000006817843896,1.0000008712884183,1.0000010793770056,1.0000011815714203,1.0000012894534749,1.0000013935286105,1.0000014936988249,1.000001602446171,1.0000013735411681,1.0000011208465405
161,0.04926947179119235,4.858542594010534e-12,0.0,0.04834071905497546,0.0,0.004925990356951958,0.004927826015887328,0.004927318014432392,0.004926263726594574,0.004927319552176326,0.004927321548970493,0.004926268738890055,0.004927326010546634,0.004927835932157134,0.004926001894585452,0.004832130661876635,0.004835881525030616,0.004834840724936703,0.004832681490172175,0.004834835735561023,0.004834834679133442,0.004832678136007025,0.004834835666379001,0.004835875854943429,0.004832124580935414,1.0000362138246064,1.0000461895086528,1.0000572759776452,1.000062821011497,1.000068360611117,1.000073903867272,1.0000794508664117,1.0000849896538135,1.00007279453298,1.000059493607385
162,0.04834234434965743,4.45462115233039e-12,0.0,0.0009271274415349222,0.0,0.004835149201684307,0.004833391941501497,0.004833878771212921,0.004834888555973034,0.004833877627076428,0.004833876210476268,0.004834884374061959,0.004833872266041169,0.0048333843970410255,0.004835141004588816,-9.084115526765153e-05,-9.443407438583084e-05,-9.343924321947132e-05,-9.137517062153978e-05,-9.344192509989739e-05,-9.3445338494225e-05,-9.138436482809646e-05,-9.345374450546538e-05,-9.445153511610828e-05,-9.086088999663618e-05,1.0000355308887467,1.0000453215380725,1.0000561977627334,1.0000616341549322,1.0000670757504342,1.0000725138450242,1.000077948356549,1.0000833907327786,1.0000714268891577,1.0000583727013477
163,0.0009286837216554954,4.084550839114263e-12,0.0,0.04927102807131293,0.0,-9.373273260923805e-05,-9.20513715638345e-05,-9.251918521150249e-05,-9.34892015175626e-05,-9.25247135995658e-05,-9.252736141449405e-05,-9.349622771107416e-05,-9.253020784041714e-05,-9.206471056424394e-05,-9.374800962356263e-05,-0.004928881934293545,-0.004925443313065331,-0.004926397956424423,-0.004928377757490597,-0.004926402340675994,-0.004926403571890762,-0.004928380601773033,-0.004926402473881586,-0.0049254491076052695,-0.004928889014212378,0.9999993181620191,0.9999991288463861,0.9999989206657804,0.99999881819975,0.9999987107408453,0.9999986066245208,0.9999985059363156,0.9999983977173887,0.9999986267226082,0.999998879162423
164,0.049269537873448704,3.744776109518133e-12,0.0,0.04834085415179321,0.0,-0.004926117688150164,-0.004927728849541191,-0.004927282279419034,-0.004926355619243078,-0.004927281390843123,-0.004927281780239273,-0.004926356292865137,-0.004927283460269357,-0.004927730571722378,-0.004926119941155973,-0.004832384955540926,-0.0048356774779773565,-0.004834763094207531,-0.0048328664177255155,-0.004834756677243557,-0.004834754418824779,-0.004832860065154063,-0.0048347532524289395,-0.004835665861158134,-0.0048323719315324105,0.9999637862058801,0.9999538103357511,0.9999427239526217,0.9999371791890947,0.999931639200042,0.9999260960040236,0.9999205495228517,0.9999150102511797,0.9999272052735858,0.9999405064355765
165,0.04834228107497184,3.4336983936980006e-12,0.0,0.0009272567984768693,0.0,-0.004835033593887456,-0.004833490459774047,-0.004833917475290102,-0.004834803410342373,-0.004833915260491711,-0.0048339131957822155,-0.004834797697712433,-0.004833908520961475,-0.004833479800607802,-0.004835021660122224,9.10840942627087e-05,9.423838976714387e-05,9.336480412893214e-05,9.155220890070485e-05,9.336613035141206e-05,9.336858445705733e-05,9.155859515270429e-05,9.337493930788171e-05,9.425077111457555e-05,9.109828103374875e-05,0.9999644690600114,0.9999546785831054,0.9999438022737692,0.9999383656339614,0.9999329244276518,0.9999274862966835,0.9999220513122175,0.9999166094234507,0.9999285733586103,0.9999416273123941
166,0.0009286231351247299,3.1482398745678788e-12,0.0,0.04927090421009657,0.0,9.362316228074367e-05,9.214683106127056e-05,9.255729438754651e-05,9.340836983865505e-05,9.256094253783185e-05,9.25625807314005e-05,9.341253769367449e-05,9.256387286993642e-05,9.215493399603383e-05,9.363260972763705e-05,0.004928656756168199,0.004925637290835318,0.004926474769677648,0.004928211780181028,0.004926476203029543,0.004926475776513616,0.0049282102354061075,0.004926472393831411,0.004925634734603836,0.004928654269849861,1.0000006818915907,1.0000008710435395,1.0000010793056602,1.0000011820067785,1.0000012890893712,1.0000013932355696,1.0000014943716629,1.0000016021195999,1.0000013730272126,1.0000011208133608
167,0.049269595886150534,2.8865056248933558e-12,0.0,0.04834097275102581,0.0,0.004926228837965141,0.0049276429498453945,0.004927250375284837,0.00492643594151881,0.004927247780784883,0.004927246977639215,0.004926433502530363,0.004927246639522347,0.0049276386769730625,0.004926224204086485,0.0048326056756843976,0.004835496118784124,0.004834693080897291,0.004833027571680155,0.004834686838247051,0.0048346843969078145,0.004833020964836688,0.004834682766652411,0.004835483742977029,0.0048325915943588475,1.0000362137649428,1.0000461897977242,1.000057276105231,1.0000628206325695,1.0000683609653802,1.0000739041111253,1.0000794501401762,1.0000849898393582,1.0000727949030885,1.000059493532632
168,0.04834222552664558,2.6467305211686746e-12,0.0,0.0009273703595049539,0.0,0.004834930055423308,0.004833575145426672,0.004833949955834527,0.0048347277085906346,0.004833947943404983,0.004833946019049066,0.004834722559988553,0.004833941845666474,0.004833565356405174,0.004834918936856192,-9.129878254183349e-05,-9.406780441872237e-05,-9.330041945031058e-05,-9.170823292817525e-05,-9.329983737989961e-05,-9.330095859014925e-05,-9.171094254180941e-05,-9.330479385587318e-05,-9.407332056788828e-05,-9.130526723029244e-05,1.0000355309777187,1.0000453213013287,1.0000561976842013,1.0000616345450235,1.0000670754150816,1.0000725135850597,1.0000779489923224,1.0000833904608617,1.0000714264444646,1.0000583726935526
169,0.0009285699463845972,2.426622784654494e-12,0.0,0.04927079547303018,0.0,-9.352768986900951e-05,-9.223123011685343e-05,-9.259121388815236e-05,-9.333769633444299e-05,-9.259287192302408e-05,-9.259337466264572e-05,-9.333877956931198e-05,-9.259296315164943e-05,-9.22335445865544e-05,-9.353058228295328e-05,-0.004928457745292317,-0.0049258063755435256,-0.004926541169722679,-0.0049280654049250775,-0.0049265408153280075,-0.004926539393711711,-0.004928061339557865,-0.004926534808818123,-0.004925798900991729,-0.004928449519139145,0.9999993180589511,0.9999991290501161,0.9999989207161543,0.9999988178099333,0.9999987110594158,0.9999986068891836,0.9999985053623534,0.9999983980306,0.9999986271992022,0.9999988792139071
170,0.04926964681562973,2.2250232262145382e-12,0.0,0.04834107686924513,0.0,-0.004926325068719607,-0.004927566328986205,-0.004927221342632463,-0.004926505798943547,-0.0049272180415810335,-0.004927216658044396,-0.00492650194137619,-0.004927215338986077,-0.004927559212484729,-0.004926317083875482,-0.004832797378850597,-0.004835335098869352,-0.004834630128744311,-0.004833168102609104,-0.004834625169658009,-0.00483462328338175,-0.004833163161806878,-0.004834622375834427,-0.004835325667898175,-0.004832786501592528,0.9999637862655414,0.9999538100912986,0.999942723850705,0.9999371795283191,0.9999316388900455,0.9999260957835957,0.9999205501463193,0.9999150100667548,0.9999272049279834,0.9999405064832251
171,0.04834217676037578,2.0400992480236576e-12,0.0,0.0009274700552539487,0.0,-0.004834837690207627,-0.004833648217079583,-0.004833977427317505,-0.004834660589161719,-0.004833976381208465,-0.004833975088829334,-0.004834657257626213,-0.004833972144587086,-0.004833641740206084,-0.004834830224152164,9.148737851197991e-05,9.391811190662212e-05,9.324391531495817e-05,9.184520978182831e-05,9.324166037256824e-05,9.324156921506135e-05,9.184468374997742e-05,9.324319439899063e-05,9.39174722786448e-05,9.148685972331771e-05,0.9999644689942855,0.9999546788065924,0.9999438023597347,0.9999383653022716,0.9999329247236179,0.9999274865144642,0.9999220507306756,0.9999166096255268,0.9999285737138717,0.9999416272884672
172,0.0009285232513633127,1.8704991351442826e-12,0.0,0.04927070001173908,0.0,9.344360516666452e-05,9.23050569320025e-05,9.262074311242128e-05,9.327548662270164e-05,9.262085631651842e-05,9.262045511349015e-05,9.327419220412237e-05,9.261875050623619e-05,9.2302825196032e-05,9.344128019312357e-05,0.0049282812953742915,0.004925953274011585,0.004926598170429926,0.00492793607578442,0.004926597237524984,0.004926595543942825,0.004927931449830335,0.004926590895093322,0.004925944565402116,0.0049282715043452874,1.0000006819833878,1.0000008708662482,1.0000010792631748,1.0000011823499344,1.0000012888097887,1.0000013930022962,1.0000014948733351,1.0000016018407292,1.0000013726051027,1.0000011207647839
173,0.04926969152744736,1.7151265597984445e-12,0.0,0.04834116827608405,0.0,0.004926408097244187,0.00492749777890051,0.0049271947852018725,0.004926566445553921,0.004927191681638081,0.004927190292027796,0.004926562706254909,0.004927188929343121,0.004927490733314665,0.004926400077968293,0.004832964492077522,0.004835192721968508,0.004834574042089451,0.00483329095893122,0.004834570825321563,0.004834569836914306,0.004833288514050787,0.004834570178836884,0.004835187908118633,0.00483295879777517,1.00003621370253,1.0000461899995823,1.0000572761808662,1.0000628203259077,1.0000683612362127,1.0000739043132176,1.0000794496119754,1.0000849900309547,1.000072795234982,1.000059493515675
174,0.04834213394746564,1.572528556747026e-12,0.0,0.0009275575799817101,0.0,0.00483475593228187,0.004833711804741663,0.004834001098332509,0.004834601384723997,0.0048340012311149675,0.004834000725428903,0.004834600207219987,0.004833999191017146,0.004833709361999947,0.004834753010604656,-9.16521649623166e-05,-9.378597415884721e-05,-9.319368686936357e-05,-9.19650608299247e-05,-9.319045052311355e-05,-9.31895665988924e-05,-9.196249903492201e-05,-9.318973832597461e-05,-9.378137131471793e-05,-9.16470673636375e-05,1.0000355310280271,1.000045321095831,1.0000561975986013,1.000061634829888,1.000067075154355,1.000072513400012,1.000077949516698,1.0000833903053388,1.0000714261535435,1.000058372732984
175,0.0009284822566530031,1.4418751434105245e-12,0.0,0.049270616204118656,0.0,-9.336892659326645e-05,-9.23690962871147e-05,-9.26460078622994e-05,-9.322044747878035e-05,-9.26452755603607e-05,-9.26443781192601e-05,-9.321791395514381e-05,-9.264204919700366e-05,-9.23644228657608e-05,-9.336373873401315e-05,-0.004928124858875137,-0.004926080901028778,-0.004926647106194808,-0.004927821832202777,-0.004926646506675328,-0.004926645103548163,-0.004927818121175131,-0.00492664124021415,-0.004926073784865708,-0.004928116749338669,0.9999993179825621,0.999999129211156,0.999998920759286,0.999998817512501,0.99999871130546,0.9999986070902802,0.9999985049137544,0.9999983982630062,0.999998627557842,0.9999988792462097
176,0.04926973078123011,1.3220635000577943e-12,0.0,0.04834124852457711,0.0,-0.004926479870208845,-0.00492743662138693,-0.004927170668110244,-0.0049266191800893325,-0.00492716834576401,-0.0049271673387650435,-0.0049266165615232905,-0.004927166545445515,-0.004927431589396267,-0.004926474060540635,-0.004833110943615579,-0.004835067525099815,-0.004834524660247945,-0.004833398732610552,-0.00483452307020365,-0.004834522960645783,-0.004833398647568147,-0.004834524496248512,-0.004835067166530507,-0.004833110321806622,0.9999637863294262,0.9999538099255865,0.9999427237968086,0.9999371798054699,0.9999316386534325,0.9999260955984897,0.9999205505928227,0.9999150098716464,0.9999272046108098,0.9999405064755259
177,0.0483420963606268,1.2121638117089317e-12,0.0,0.0009276344206033092,0.0,-0.004834684210617424,-0.004833767702897416,-0.004834021959496613,-0.0048345494630632506,-0.004834023057048339,-0.004834023222783011,-0.004834550065737722,-0.004834022856046606,-0.004833768656440626,-0.004834685166495797,9.179565959142096e-05,9.366891848951436e-05,9.314870861363081e-05,9.206971702608192e-05,9.314528871567137e-05,9.314411598203287e-05,9.206649578556887e-05,9.314368939890901e-05,9.366293295564113e-05,9.178889404483793e-05,0.9999644689520901,0.9999546789894275,0.9999438024375491,0.9999383650537571,0.9999329249527116,0.9999274866753848,0.9999220502667797,0.9999166097562211,0.9999285739636975,0.999941627248875
178,0.0009284462659227936,1.1114751439096873e-12,0.0,0.0492705426265496,0.0,9.33023469175346e-05,9.242441832704989e-05,9.266743636517343e-05,9.31716466414734e-05,9.26665377914181e-05,9.266555687525817e-05,9.316898593406467e-05,9.26632560169496e-05,9.241940169349601e-05,9.329667936037577e-05,0.004927986557534959,0.004926192121224466,0.004926689395861787,0.004927721109704724,0.004926689594839757,0.004926688779658269,0.004927719051671786,0.004926686112063556,0.004926188058134122,0.004927981845856173,1.0000006820437075,1.000000870716292,1.0000010792160021,1.000001182605087,1.0000012885928902,1.0000013928315286,1.0000014952800595,1.0000016016566422,1.000001372309389,1.000001120753127
179,0.049269765243672964,1.0190854192485902e-12,0.0,0.04834131897775018,0.0,0.004926542299495276,0.004927382432741767,0.004927149096938019,0.0049266652275911284,0.004927147757484246,0.004927147288365203,0.004926664092784268,0.004927147291812348,0.0049273801610344595,0.004926539595426254,0.004833239952577741,0.004834958014414717,0.004834481660572845,0.004833493580949655,0.004834481219692828,0.004834481731489945,0.004833495106850203,0.004834484035795399,0.0048349607593409635,0.004833242916065878,1.0000362136405225,1.0000461901376085,1.0000572762200628,1.0000628200774972,1.0000683614432162,1.0000739044806701,1.0000794492310916,1.000084990219772,1.000072795530233,1.0000594935371827
180,0.04834206336153543,9.344101405067098e-13,0.0,0.0009277018821375362,0.0,0.004834621771909493,0.004833817258834182,0.004834040686324248,0.004834504144615032,0.004834042310287779,0.004834042882504514,0.004834505779167521,0.004834043220441055,0.00483382023267365,0.004834625074777959,-9.19205275857829e-05,-9.356517390758483e-05,-9.310841061377102e-05,-9.21610829760968e-05,-9.310544719646693e-05,-9.310440586068891e-05,-9.215831361674733e-05,-9.310407137129353e-05,-9.355992836080924e-05,-9.191452064829467e-05,1.0000355310673013,1.000045320938194,1.0000561975333921,1.0000616350501343,1.0000670749535554,1.0000725132567398,1.0000779499195798,1.0000833901840092,1.000071425927875,1.0000583727622712
181,0.0009284146680094375,8.567763902218118e-13,0.0,0.04927047802954487,0.0,-9.324305383958103e-05,-9.247225421292471e-05,-9.268564442123026e-05,-9.312841812616698e-05,-9.268505924428603e-05,-9.268429599454918e-05,-9.312641432741246e-05,-9.268247926048304e-05,-9.246840369650684e-05,-9.323864488629697e-05,-0.004927864825749074,-0.004926289513047107,-0.004926726330745478,-0.004927632562741199,-0.004926727369532065,-0.004926727178499063,-0.004927632193494933,-0.004926725699701538,-0.004926288636370157,-0.004927863719664256,0.999999317936182,0.9999991293511353,0.9999989208097521,0.9999988172942421,0.9999987114967238,0.999998607234632,0.999998504544207,0.9999983984051638,0.9999986277987964,0.9999988792401151
182,0.049269795499937215,7.855610735761774e-13,0.0,0.04834138083192777,0.0,-0.004926597050470205,-0.004927334823009841,-0.004927130143568973,-0.00492670564860537,-0.0049271296719742355,-0.004927129695481862,-0.004926705828660097,-0.004927130403277205,-0.004927335044708308,-0.004926597190181117,-0.004833353996630624,-0.004834862568796916,-0.0048344444991477425,-0.004833577230479203,-0.0048344446127299495,-0.004834445399487313,-0.004833579414332685,-0.004834447924016722,-0.004834866641011801,-0.00483335854529482,0.999963786386,0.9999538098070616,0.9999427237652997,0.9999371800253215,0.9999316384719303,0.9999260954497592,0.9999205509233068,0.9999150096995519,0.9999272043455482,0.9999405064512856
183,0.04834203438992324,7.203065996267358e-13,0.0,0.0009277611100139702,0.0,-0.0048345676533923946,-0.00483386138796021,-0.0048340576484572325,-0.004834464690370567,-0.004834059334692703,-0.004834060021537283,-0.004834466564966203,-0.004834060578343889,-0.004833864892464472,-0.004834571617738289,9.202939707781028e-05,9.347343504963104e-05,9.307249511174027e-05,9.224095823480265e-05,9.307033728153235e-05,9.306967394457927e-05,9.223926369389401e-05,9.306982493331641e-05,9.34701522438356e-05,9.20255724428283e-05,0.9999644689131727,0.9999546791221746,0.9999438024886717,0.9999383648564504,0.999932925128411,0.9999274868049866,0.9999220499215733,0.9999166098758665,0.9999285741744198,0.9999416272341453
184,0.0009283869264762098,6.604427339727963e-13,0.0,0.04927042131639945,0.0,9.319051077001563e-05,9.25138348116146e-05,9.270129312957936e-05,9.309025318144856e-05,9.27012358118871e-05,9.270083227266683e-05,9.308925106681944e-05,9.269969337445151e-05,9.251184213332313e-05,9.318817992440363e-05,0.00492775816416241,0.004926375222771825,0.004926758941586812,0.004927554943552016,0.00492676057050459,0.0049267608538099495,0.0049275558160330225,0.00492676027171834,0.0049263767345977955,0.004927759797662692,1.000000682079796,1.0000008705875587,1.0000010791653393,1.0000011827927096,1.0000012884243976,1.000001392708673,1.0000014956132133,1.0000016015455397,1.00000137211098,1.0000011207700021
185,0.04926982206364397,6.055652182563139e-13,0.0,0.048341435137167765,0.0,0.004926645430208391,0.004927293309182481,0.004927113750378475,0.004926741296164808,0.004927113847578524,0.004927114195997706,0.004926742310966202,0.004927115328953762,0.004927295149234675,0.00492664744497895,0.004833454919438375,0.004834779474370866,0.004834412457248896,0.0048336510429833595,0.004834412611766637,0.004834413363725039,0.004833653059899383,0.00483441563557931,0.004834783307101352,0.004833459265054546,1.000036213591864,1.0000461902429887,1.0000572762491458,1.00006281988545,1.0000683616027277,1.0000739046103142,1.0000794489389095,1.0000849903678792,1.0000727957602442,1.0000594935560045
186,0.04834200895401225,5.5525720650476e-13,0.0,0.0009278131096317199,0.0,0.004834520759202169,0.004833900674567489,0.004834072989571604,0.004834430336840674,0.004834074388638526,0.004834074961510738,0.0048344318511041075,0.004834075368707673,0.004833903558760589,0.004834524065108684,-9.212467100622179e-05,-9.339263461499193e-05,-9.304076080687059e-05,-9.231095932413398e-05,-9.303945893999847e-05,-9.303923448696766e-05,-9.231045986209455e-05,-9.303996024608886e-05,-9.339159047408625e-05,-9.212337987026583e-05,1.000035531106156,1.0000453208275881,1.0000561974949624,1.0000616352274674,1.0000670747999028,1.0000725131389752,1.0000779502137531,1.0000833900650983,1.0000714257295686,1.0000583727635706
187,0.0009283625704574021,5.091085150921056e-13,0.0,0.049270371524469656,0.0,-9.314426705929121e-05,-9.255025346522911e-05,-9.271496935604924e-05,-9.305670842298976e-05,-9.271541852582787e-05,-9.271537001349223e-05,-9.305666081797087e-05,-9.27148693425665e-05,-9.25500668026314e-05,-9.314398665135389e-05,-0.00492766502626146,-0.004926450928032718,-0.004926787958927654,-0.004927487045263664,-0.004926789807164354,-0.00492679033152423,-0.004927488511922078,-0.00492679023805024,-0.00492645362556322,-0.004927668051760038,0.9999993179065272,0.9999991294666927,0.9999989208570009,0.9999988171312207,0.9999987116448857,0.9999986073408377,0.9999985042479619,0.9999983984966986,0.9999986279672394,0.9999988792202236
188,0.049269845385637674,4.66816799638847e-13,0.0,0.048341482815180276,0.0,-0.004926688378837188,-0.004927257283182884,-0.004927099712416238,-0.004926772820341121,-0.004927100036310639,-0.004927100506181523,-0.004926774113970187,-0.0049271017396657615,-0.004927259700916746,-0.004926691093815388,-0.004833544111777897,-0.004834707029717655,-0.004834384743060189,-0.004833716111918131,-0.004834384617784811,-0.004834385136168031,-0.004833717453152216,-0.004834386870323195,-0.004834709634114115,-0.004833547107164034,0.9999637864258734,0.9999538097109122,0.9999427237358305,0.9999371801913891,0.9999316383315024,0.9999260953383963,0.9999205511852995,0.9999150095779397,0.9999272041516925,0.9999405064418001
189,0.04834198662212638,4.2802562182543257e-13,0.0,0.0009278587635112917,0.0,-0.004834479980745072,-0.004833935505722896,-0.0048340867340291175,-0.0048344003497136296,-0.004834087673505808,-0.004834088010150718,-0.004834401199615782,-0.004834088078585066,-0.0048339371675162005,-0.004834481922542095,9.220839809211644e-05,9.332177745998826e-05,9.301297838712041e-05,9.237247062749126e-05,9.30123628048304e-05,9.301249603080493e-05,9.237291435440498e-05,9.301366108069569e-05,9.33225334005458e-05,9.22091712732935e-05,0.9999644688755109,0.9999546792148027,0.9999438025175373,0.9999383646976863,0.9999329252628688,0.9999274869113602,0.9999220496699907,0.9999166099907675,0.9999285743585926,0.9999416272418316
190,0.0009283411866288513,3.9245977463182415e-13,0.0,0.04927032780875524,0.0,9.310383670766732e-05,9.258238674667886e-05,9.272711619721062e-05,9.302734803193734e-05,9.27278998648336e-05,9.272810419687968e-05,9.302795696654754e-05,9.272805373817042e-05,9.258346790288162e-05,9.310501627604433e-05,0.004927583817452739,0.004926517892469575,0.004926813850226328,0.004927427697745567,0.004926815573370642,0.004926816114347598,0.004927429156582329,0.004926816132323236,0.004926520635419082,0.004927586938818139,1.0000006821061207,1.0000008704865004,1.000001079124275,1.0000011829361535,1.000001288294378,1.000001392615126,1.0000014958726702,1.0000016014643256,1.0000013719622676,1.0000011207867838
191,0.04926986586167212,3.5985728000115295e-13,0.0,0.048341524675043275,0.0,0.004926726536820243,0.004927226049253173,0.0049270877157856,0.004926800706547118,0.004927087988490065,0.00492708840898082,0.004926801826971665,0.004927089480458214,0.004927228182594948,0.004926728965770278,0.004833622700112576,0.0048346436625064946,0.00483436059958839,0.004833773358515181,0.0048343600886252315,0.0048343603047839405,0.004833773870005118,0.0048343614267200435,0.004834644714692067,0.004833623949494234,1.0000362135601468,1.0000461903315776,1.0000572762795517,1.0000628197425392,1.0000683617264445,1.0000739047052865,1.0000794487026308,1.0000849904649163,1.000072795921104,1.000059493556171
192,0.04834196701533404,3.299514859500388e-13,0.0,0.0009278988463380829,0.0,0.0048344443092503,0.004833966193365592,0.004834098883054753,0.0048343740722928885,0.0048340993598806935,0.004834099443761335,0.00483437423817362,0.004834099155671125,0.004833966568149096,0.00483444479173464,-9.228222756994288e-05,-9.325985588758134e-05,-9.29888327308474e-05,-9.242663425422949e-05,-9.29886286093716e-05,-9.298896521948551e-05,-9.2427588798045e-05,-9.299032478708898e-05,-9.326161444585257e-05,-9.22841740356381e-05,1.0000355311410145,1.000045320748511,1.0000561974720705,1.0000616353683764,1.000067074682065,1.0000725130441057,1.000077950431299,1.0000833899589114,1.000071425562788,1.000058372752345
193,0.000928322412164991,3.0254146634451034e-13,0.0,0.04927028942749903,0.0,-9.30686532762074e-05,-9.261087944050644e-05,-9.273801769226278e-05,-9.300172227849623e-05,-9.273891235897416e-05,-9.273923018532793e-05,-9.300260396084403e-05,-9.27393923592498e-05,-9.261251264140648e-05,-9.307048797171577e-05,-0.0049275129625265075,-0.0049265770728060985,-0.004926836900747016,-0.004927375794571385,-0.004926838272239668,-0.004926838673946663,-0.004927376842134464,-0.004926838548030375,-0.004926579080790502,-0.004927515279706356,0.9999993178816456,0.9999991295531581,0.9999989208906053,0.9999988170036924,0.9999987117587968,0.9999986074245061,0.9999985040235788,0.9999983985732348,0.9999986281028295,0.9999988792098602
194,0.04926988383915246,2.774037847830489e-13,0.0,0.048341561426987464,0.0,-0.00492676034820264,-0.004927198894712402,-0.004927077402032425,-0.004926825328505893,-0.004927077464472431,-0.004927077734336123,-0.0049268260196488785,-0.004927078498218425,-0.004927200242221793,-0.004926761906801453,-0.004833691694926433,-0.004834588015271896,-0.004834339384340162,-0.0048338236062273965,-0.004834338552113457,-0.004834338504150795,-0.0048338234156880345,-0.004834339105859176,-0.004834587729580386,-0.004833691418829738,0.9999637864510482,0.999953809629758,0.999942723705463,0.9999371803145406,0.9999316382225467,0.9999260952572631,0.9999205513977902,0.9999150095006499,0.9999272040180424,0.9999405064482955
195,0.04834194980099417,2.543536912440286e-13,0.0,0.0009279340381582969,0.0,-0.004834412908263002,-0.004833993057247584,-0.004834109478140194,-0.004834350954414356,-0.0048341096059969935,-0.004834109496398299,-0.004834350613637618,-0.004834108952548435,-0.0048339924603841514,-0.004834412273963534,9.234743993963811e-05,9.320583746481783e-05,9.296792389223117e-05,9.247437409153677e-05,9.296785847543766e-05,9.296823793782452e-05,9.247540601126005e-05,9.296954566999013e-05,9.320778183764117e-05,9.234963283791947e-05,0.9999644688447958,0.9999546792841132,0.9999438025374997,0.9999383645739223,0.9999329253663306,0.999927486994705,0.9999220494791375,0.9999166100843264,0.99992857450533,0.9999416272519868
196,0.0009283059285605279,2.3322443980698964e-13,0.0,0.04927025572955469,0.0,9.303808541488105e-05,9.263617966859088e-05,9.27478253773921e-05,9.29793741026438e-05,9.274863690464982e-05,9.274894269897197e-05,9.298019394722665e-05,9.274911099590305e-05,9.263772904765516e-05,9.30398504026134e-05,0.004927450993677883,0.004926629236916175,0.004926857303517586,0.004927330328517,0.004926858242901643,0.004926858439097271,0.004927330807584845,0.004926858063544338,0.004926630189431807,0.004927452124366147,1.0000006821302392,1.0000008704134717,1.0000010790979048,1.0000011830501228,1.0000012881946634,1.0000013925397273,1.0000014960653414,1.0000016013904034,1.0000013718367702,1.0000011207902466
197,0.04926989962304974,2.1384406373233192e-13,0.0,0.048341593694489204,0.0,0.004926790162428721,0.004927175160878281,0.004927068431102107,0.004926846998624646,0.004927068246891074,0.004927068339960882,0.004926847207751774,0.0049270687717099075,0.004927175603810004,0.004926790699892341,0.00483375207701384,0.00483453898120969,0.004834320605724715,0.004833867624522002,0.004834319609986424,0.00483431939726191,0.004833867013804547,0.0048343196607140045,0.004834537874762349,0.004833750849489727,1.0000362135395542,1.0000461904047264,1.000057276308282,1.000062819635704,1.0000683618222865,1.0000739047752678,1.0000794485132476,1.0000849905283042,1.0000727960341629,1.000059493546702
198,0.04834193468709413,1.9607892519041203e-13,0.0,0.0009279649359556141,0.0,0.0048343851359484635,0.004834016460857294,0.004834118625656421,0.004834330557960991,0.004834118566765358,0.004834118357520238,0.004834329971159975,0.004834117708784295,0.0048340153756858675,0.00483438392675522,-9.240502648025749e-05,-9.315870002098679e-05,-9.2949805445686e-05,-9.251644066365482e-05,-9.294968012571632e-05,-9.294998244064375e-05,-9.251723659179853e-05,-9.295106292561261e-05,-9.316022812413689e-05,-9.24067731371209e-05,1.000035531166928,1.0000453206863078,1.000056197453083,1.0000616354760845,1.0000670745910807,1.0000725129718526,1.0000779506009063,1.0000833898798838,1.000071425436949,1.0000583727460268
199,0.0009282914562099539,1.797883137975501e-13,0.0,0.049270226143304084,0.0,-9.301148601578886e-05,-9.265860036705622e-05,-9.275660653495013e-05,-9.295986065613326e-05,-9.275721621445233e-05,-9.275742876094836e-05,-9.296041050395418e-05,-9.275747360450257e-05,-9.265966111158923e-05,-9.301271244057871e-05,-0.004927396621964252,-0.00492667506122435,-0.004926875232191371,-0.0049272904186171244,-0.00492687578297981,-0.004926875786281187,-0.00492729038166393,-0.0049268751823887975,-0.004926675036797457,-0.004927396639195798,0.999999317858491,0.9999991296147732,0.9999989209110367,0.9999988169019066,0.9999987118460939,0.9999986074923753,0.9999985038581607,0.9999983986439926,0.9999986282186288,0.9999988792117372
200,0.049269913481090104,1.6484958449994056e-13,0.0,0.04834162202488015,0.0,-0.004926816309564435,-0.0049271542920593684,-0.0049270605249046966,-0.004926866004589058,-0.004927060148956859,-0.004927060096919408,-0.00492686583060338,-0.004927060261858051,-0.004927154002534039,-0.0049268160091008135,-0.0048338048235486465,-0.004834495691692312,-0.004834303918369746,-0.004833906143932924,-0.004834302932742406,-0.0048343026681584595,-0.004833905420099426,-0.004834302788253549,-0.00483449434142245,-0.004833803296660235,0.9999637864688212,0.9999538095651619,0.9999427236798268,0.9999371804081049,0.9999316381383722,0.9999260951960511,0.9999205515646024,0.9999150094459068,0.9999272039196467,0.9999405064573893
201,0.04834192141728184,1.5115554500858265e-13,0.0,0.0009279920638082771,0.0,-0.004834360524744627,-0.00483403680783524,-0.004834126489319234,-0.004834312543153249,-0.004834126394782102,-0.004834126176840831,-0.004834311954400379,-0.004834125564352023,-0.004834035696070366,-0.004834359265783779,9.245578481980807e-05,9.311748422412801e-05,9.293403558546277e-05,9.255346143580839e-05,9.29337541747564e-05,9.29339200785766e-05,9.25538762030012e-05,9.293469750602801e-05,9.311830646367356e-05,9.24567433170341e-05,0.9999644688235879,0.999954679340688,0.9999438025562998,0.9999383644807206,0.999932925446416,0.9999274870568211,0.9999220493272784,0.9999166101491446,0.9999285746114323,0.9999416272537092
202,0.0009282787496515217,1.385958319024684e-13,0.0,0.049270200166933356,0.0,9.298824779115523e-05,9.267838345267468e-05,9.27643944077794e-05,9.294277707277109e-05,9.276476877659572e-05,9.276485934886242e-05,9.294299195230192e-05,9.276473772907093e-05,9.267881919545334e-05,9.298876992485695e-05,0.0049273487725357825,0.004926715191287915,0.004926890883727013,0.00492725532022602,0.004926891163558698,0.004926891036189694,0.004927254946352681,0.004926890302081094,0.004926714515265819,0.004927348035708636,1.0000006821517977,1.0000008703609213,1.000001079081651,1.0000011831405433,1.0000012881181677,1.0000013924791156,1.0000014962082726,1.0000016013246413,1.0000013717316143,1.0000011207855362
203,0.049269925648308094,1.2708171825507335e-13,0.0,0.048341646898656575,0.0,0.004926839139050209,0.0049271358541294495,0.004927053484905492,0.004926882628240225,0.004927053017023117,0.004927052881690391,0.004926882244590472,0.004927052888764186,0.004927135152199193,0.004926838357715359,0.004833850891259054,0.004834457470676775,0.004834289090497713,0.004833939851167454,0.004834288248246521,0.004834288022341529,0.00483393925263817,0.004834288151035115,0.00483445633300374,0.004833849587790502,1.000036213523361,1.000046190460683,1.0000572763299713,1.0000628195530157,1.000068361896106,1.0000739048295326,1.00007944836794,1.0000849905781088,1.0000727961222269,1.0000594935401663
204,0.048341909766506604,1.1652409704014316e-13,0.0,0.0009280158818014894,0.0,0.004834338735651777,0.004834054514686316,0.0048341332638408355,0.004834296644024781,0.0048341332363888104,0.0048341330734116665,0.004834296218210075,0.004834132591144658,0.004834053694754592,0.004834337794393094,-9.250040339843241e-05,-9.308133944313339e-05,-9.292022106465684e-05,-9.258598421544445e-05,-9.291978063430666e-05,-9.291980827872467e-05,-9.258602638039654e-05,-9.292029761952779e-05,-9.308145744460136e-05,-9.250056332226527e-05,1.0000355311841047,1.0000453206348088,1.0000561974345907,1.0000616355566543,1.0000670745205829,1.000072512918537,1.0000779507369713,1.0000833898272454,1.0000714253478888,1.0000583727480996
205,0.000928267593393887,1.068422852802299e-13,0.0,0.04927017735990049,0.0,-9.296784547447798e-05,-9.269574973790138e-05,-9.277122644434782e-05,-9.292777349611744e-05,-9.277139996851941e-05,-9.277138320439287e-05,-9.292770299342001e-05,-9.277112120122718e-05,-9.269564291066942e-05,-9.296774796281344e-05,-0.004927306581126255,-0.0049267502644242175,-0.004926904490285183,-0.004927224417520898,-0.00492690463635733,-0.004926904456616059,-0.004927223921203495,-0.004926903712345885,-0.0049267493376652614,-0.0049273055423559075,0.9999993178391816,0.9999991296604404,0.9999989209247904,0.9999988168222084,0.9999987119132161,0.9999986075458942,0.9999985037333604,0.9999983987028609,0.9999986283120343,0.9999988792168324
206,0.04926993633104211,9.796687083211649e-14,0.0,0.04834166873764822,0.0,-0.004926859025205056,-0.004927119525690762,-0.004927047186642864,-0.004926897148804685,-0.004927046727900681,-0.004927046574138538,-0.004926896730785814,-0.004927046532453461,-0.00492711874183163,-0.004926858137588619,-0.004833891179730578,-0.004834423775952861,-0.004834275960198516,-0.004833969375308568,-0.004834275327932161,-0.004834275190934145,-0.004833969027792394,-0.0048342754112522335,-0.004834423098920961,-0.004833890389625806,0.999963786484067,0.9999538095173408,0.9999427236622029,0.9999371804816161,0.9999316380736959,0.9999260951475244,0.999920551690214,0.9999150093991374,0.9999272038394084,0.9999405064605815
207,0.04834189953719384,8.982718591506207e-14,0.0,0.0009280367938482642,0.0,-0.004834319506156694,-0.004834069976807149,-0.004834139143901777,-0.0048342826419689525,-0.004834139226140848,-0.004834139145666169,-0.004834282444695575,-0.004834138828535548,-0.004834069581853861,-0.004834319041467273,9.253951904836244e-05,9.304954888361347e-05,9.290804274108676e-05,9.261450683573265e-05,9.290750175983305e-05,9.290742847236928e-05,9.261428609023872e-05,9.290770391791239e-05,9.304915997776931e-05,9.253909612134611e-05,0.9999644688094806,0.9999546793871307,0.9999438025738718,0.9999383644108196,0.9999329255084324,0.999927487102818,0.9999220492059852,0.999916610192479,0.9999285746868645,0.9999416272494652
208,0.0009282577982537522,8.236452467461727e-14,0.0,0.049270157335447595,0.0,9.294985530833126e-05,9.271092693412687e-05,9.277716444010525e-05,9.291456140047682e-05,9.277720877201839e-05,9.277712443828742e-05,9.291431844027798e-05,9.277678633824553e-05,9.271048433997023e-05,9.294936784191247e-05,0.004927269361465025,0.004926780903741276,0.004926916308341882,0.004927197203369429,0.004926916434912866,0.004926916270104456,0.004927196763135853,0.004926915614873794,0.004926780066193831,0.004927268409309186,1.0000006821684553,1.0000008703204422,1.0000010790691618,1.0000011832102402,1.00000128805919,1.000001392432394,1.000001496318433,1.0000016012738295,1.0000013716504466,1.000001120781787
209,0.04926994571044084,7.552213622593929e-14,0.0,0.0483416879121871,0.0,0.004926876350660473,0.004927105071706331,0.004927041559642293,0.004926909836044199,0.004927041182795573,0.004927041059440813,0.004926909511321684,0.004927041048806255,0.004927104451298813,0.004926875638724411,0.004833926495352142,0.004834394144772204,0.004834264395202187,0.0048339952746437225,0.004834263974023555,0.004834263935002525,0.004833995192881406,0.00483426426246801,0.004834393966958843,0.004833926270882498,1.0000362135089376,1.0000461905013556,1.000057276344017,1.0000628194875656,1.0000683619527584,1.0000739048730187,1.0000794482596223,1.0000849906222418,1.0000727961956195,1.000059493539939
210,0.048341890555887994,6.924730050221282e-14,0.0,0.0009280551545528442,0.0,0.004834302606608588,0.004834083540949164,0.004834144299188055,0.00483427034405993,0.004834144482311141,0.004834144479875692,0.004834270355779913,0.004834144312318866,0.004834083542208318,0.004834302592588333,-9.257374405188465e-05,-9.302153075716694e-05,-9.289726045423781e-05,-9.263949198426956e-05,-9.289670048443204e-05,-9.289657956512015e-05,-9.26391555417707e-05,-9.289673648738873e-05,-9.302090909049567e-05,-9.25730461360779e-05,1.000035531196105,1.0000453205935518,1.000056197418637,1.000061635617706,1.0000670744660893,1.0000725128784644,1.0000779508441757,1.0000833897903405,1.0000714252827527,1.000058372752792
211,0.00092824919814172,6.349485995458066e-14,0.0,0.04927013975402972,0.0,-9.29339520999127e-05,-9.272415649605546e-05,-9.278229741437657e-05,-9.290290969378619e-05,-9.278229019488594e-05,-9.278218389995128e-05,-9.290261838540165e-05,-9.278184087436851e-05,-9.272361104437857e-05,-9.293333803860309e-05,-0.004927236558708501,-0.00492680769744522,-0.004926926596602431,-0.004927173253753716,-0.004926926772506027,-0.004926926663775644,-0.004927172974165315,-0.004926926153193235,-0.004926807153252696,-0.004927235930626936,0.9999993178252259,0.9999991296968338,0.9999989209366809,0.9999988167616111,0.9999987119650878,0.9999986075863386,0.999998503635356,0.999998398745493,0.9999986283813982,0.9999988792184679
212,0.049269953945540554,5.821958871246262e-14,0.0,0.048341704747398836,0.0,-0.004926891481177934,-0.00492709231133049,-0.0049270365625740725,-0.004926920939718136,-0.004927036300144251,-0.004927036231621415,-0.004926920768285148,-0.0049270362907544146,-0.004927091974047068,-0.004926891085887627,-0.004833957529078022,-0.004834368154834435,-0.004834254265159696,-0.00483401803002435,-0.004834254009949365,-0.004834254047721464,-0.004834018149899746,-0.004834254449880046,-0.004834368363002689,-0.004833957747849024,0.999963786497485,0.9999538094825821,0.9999427236509068,0.999937180539733,0.999931638024049,0.9999260951087112,0.9999205517838959,0.9999150093581564,0.9999272037728296,0.999940506458904
213,0.04834188267030623,5.338279482354948e-14,0.0,0.00092807127523433,0.0,-0.004834287812887837,-0.004834095490980373,-0.00483414886096971,-0.004834259569491506,-0.004834149104840328,-0.004834149155674597,-0.004834259718761985,-0.004834149091621822,-0.004834095758651522,-0.0048342881064265455,9.2603668290097e-05,9.29968203501174e-05,9.288770160436211e-05,9.266137022663056e-05,9.288719530392304e-05,9.288707594681811e-05,9.266104952316244e-05,9.288719913259219e-05,9.299621539554572e-05,9.260297946108147e-05,0.9999644687988265,0.9999546794231983,0.9999438025877124,0.9999383643570995,0.9999329255562571,0.9999274871381139,0.9999220491121024,0.999916610225229,0.9999285747443893,0.99994162724563
214,0.000928241647241407,4.89481432335923e-14,0.0,0.04927012431754763,0.0,9.291989049542947e-05,9.273568554073013e-05,9.278673253431628e-05,9.289263393237081e-05,9.278673460040663e-05,9.278664317521456e-05,9.289239132494274e-05,9.27863503790748e-05,9.273522279018825e-05,9.291936246873331e-05,0.004927207703383267,0.004926831176521103,0.004926935593504027,0.0049271522034238764,0.004926935839440734,0.004926935798849811,0.004927152110086928,0.004926935442000897,0.00492683098144171,0.004927207468895279,1.0000006821799738,1.0000008702875576,1.0000010790577103,1.0000011832628002,1.000001288013552,1.0000013923975082,1.0000014964058763,1.0000016012385717,1.0000013715916298,1.0000011207821733
215,0.04926996117596594,4.488135807517551e-14,0.0,0.048341719528724535,0.0,0.004926904743113605,0.0049270810896190715,0.004927032161676479,0.004926930680546062,0.004927032009249275,0.004927031996730492,0.004926930660090549,0.004927032126658127,0.004927081037113355,0.004926904671168921,0.004833984852618175,0.004834345404078341,0.004834245429142163,0.004834038046613691,0.004834245274648869,0.004834245353555277,0.004834038268765607,0.004834245776279052,0.0048343458143231665,0.004833985308700188,1.0000362134968033,1.0000461905314313,1.000057276353452,1.0000628194362409,1.0000683619963069,1.0000739049073863,1.0000794481780253,1.0000849906592697,1.0000727962550777,1.0000594935422955
216,0.04834187574675246,4.115298267643245e-14,0.0,0.0009280854292134802,0.0,0.004834274896297477,0.004834106047703288,0.004834152920630994,0.004834250144262042,0.004834153175940967,0.004834153248506066,0.004834250344608698,0.004834153233438278,0.00483410642011832,0.004834275315246325,-9.262984681612796e-05,-9.29750419157837e-05,-9.287924104548536e-05,-9.26805362840193e-05,-9.2878833308308e-05,-9.287874822442536e-05,-9.268031548185108e-05,-9.287889321984901e-05,-9.297461699503493e-05,-9.262935592259554e-05,1.0000355312058835,1.0000453205624256,1.0000561974070714,1.0000616356652516,1.0000670744241569,1.0000725128471075,1.0000779509257887,1.0000833897603318,1.0000714252310419,1.0000583727551113
217,0.0009282350175334976,3.77340515813307e-14,0.0,0.04927011076428596,0.0,-9.290747953476577e-05,-9.274575204926833e-05,-9.279058093701609e-05,-9.288358294415842e-05,-9.279062555771472e-05,-9.279056965621254e-05,-9.28834408113928e-05,-9.279035536837853e-05,-9.274547393576821e-05,-9.290715673882215e-05,-0.0049271823758322425,-0.004926851799752556,-0.00492694350156801,-0.004927133727206201,-0.004926943801498682,-0.004926943818162279,-0.004927133785420091,-0.004926943588806657,-0.004926851894054088,-0.004927182471985148,0.9999993178156862,0.9999991297264307,0.9999989209475232,0.9999988167159607,0.9999987120052299,0.9999986076164862,0.9999985035574988,0.9999983987747523,0.9999986284314122,0.9999988792167024
218,0.04926996752430071,3.459916483983122e-14,0.0,0.048341732506767224,0.0,-0.004926916410203396,-0.004927071258702636,-0.004927028316992587,-0.004926939245618183,-0.004927028245829445,-0.004927028274498011,-0.004926939332507053,-0.004927028451260502,-0.004927071412686357,-0.004926916576002545,-0.004834008930668631,-0.004834325506653367,-0.004834237736055571,-0.0048340556626740245,-0.004834237620271731,-0.0048342377048417986,-0.00483405589169566,-0.0048342380958921235,-0.004834325938750589,-0.004834009419263723,0.9999637865081239,0.9999538094561515,0.9999427236425984,0.9999371805847728,0.9999316379858075,0.9999260950785581,0.9999205518555806,0.9999150093256897,0.999927203720669,0.9999405064568668
219,0.048341869667847634,3.172495285250991e-14,0.0,0.000928097856453077,0.0,-0.004834263626670139,-0.00483411537918242,-0.004834156537043091,-0.004834241902015728,-0.004834156762702657,-0.004834156829694031,-0.004834242080949636,-0.004834156817945145,-0.004834115718273933,-0.004834264013370859,9.265278353325773e-05,9.29558795202158e-05,9.287177994949606e-05,9.269734360245474e-05,9.287148312678815e-05,9.287144480397969e-05,9.269725155741735e-05,9.28716333153572e-05,9.295569441242386e-05,9.265256263168639e-05,0.999964468789729,0.9999546794498775,0.9999438025971613,0.9999383643149039,0.9999329255930075,0.9999274871660817,0.9999220490414207,0.9999166102530916,0.9999285747912452,0.9999416272448637
220,0.0009282291966225221,2.908920663376458e-14,0.0,0.04927009886447015,0.0,9.289655862296416e-05,9.275457061963966e-05,9.27939444350101e-05,9.287562659383419e-05,9.279403766078009e-05,9.279402128554558e-05,9.287559178656254e-05,9.27938871740511e-05,9.275449433947345e-05,9.289646410466125e-05,0.004927160185293103,0.0049268699498020594,0.004926950481478101,0.004927117528609562,0.004926950800363437,0.004926950850979577,0.004927117672736198,0.004926950705119196,0.004926870212613407,0.00492716047747552,1.0000006821880445,1.0000008702611884,1.0000010790477731,1.0000011833026217,1.0000012879782707,1.0000013923712907,1.000001496474804,1.0000016012137858,1.0000013715485832,1.0000011207844852
221,0.04926997309816846,2.667269132324091e-14,0.0,0.04834174390154594,0.0,0.004926926701410996,0.004927062669671845,0.0049270249773547305,0.004926946788886653,0.004927024949749783,0.004927024998149677,0.00492694692381815,0.004927025188237895,0.0049270629198437,0.004926926981045033,0.004834030142788032,0.0048343080990522055,0.00483423103291972,0.004834071162292819,0.0048342309120890025,0.004834230976864131,0.004834071332031588,0.004834231301063844,0.004834308425504226,0.004834030516940372,1.0000362134877214,1.000046190554969,1.0000572763611058,1.0000628193969292,1.000068362029919,1.0000739049336351,1.0000794481145852,1.0000849906870093,1.000072796300139,1.0000594935434446
222,0.0483418643305374,2.4456828025215037e-14,0.0,0.000928108767631052,0.0,0.004834253782454472,0.00483412361614178,0.004834159748173603,0.004834234688024024,0.004834159920653626,0.004834159965231292,0.004834234802685109,0.004834159929253258,0.004834123838222663,0.004834254039697583,-9.267291895652396e-05,-9.293905353006515e-05,-9.286522918112734e-05,-9.271210086262902e-05,-9.286502909615704e-05,-9.286503291838517e-05,-9.27121211330411e-05,-9.286525898463682e-05,-9.293908162103653e-05,-9.267294134744988e-05,1.0000355312142997,1.000045320539543,1.0000561973993645,1.0000616357026721,1.000067074391944,1.0000725128221903,1.0000779509870374,1.0000833897346,1.000071425188686,1.0000583727547188
223,0.000928224085829257,2.2425001534358404e-14,0.0,0.049270088416366674,0.0,-9.288698014413808e-05,-9.27623233959382e-05,-9.279690684506174e-05,-9.286864698901214e-05,-9.279703525509695e-05,-9.279705007938371e-05,-9.286869419501253e-05,-9.27969788748137e-05,-9.276240427691634e-05,-9.288706577388357e-05,-0.00492714076259861,-0.004926885939537718,-0.004926956655018665,-0.004927103335013036,-0.0049269569559087225,-0.0049269570153106755,-0.004927103496880122,-0.004926956908128072,-0.0049268862424995796,-0.004927141105471467,0.9999993178086395,0.9999991297496292,0.9999989209562999,0.9999988166810242,0.9999987120362093,0.9999986076394783,0.999998503496915,0.9999983987963974,0.9999986284690963,0.9999988792145706
224,0.04926997799205908,2.0562126979293166e-14,0.0,0.04834175390622983,0.0,-0.004926935787793786,-0.004927055173141261,-0.004927022082350094,-0.004926953435649214,-0.004927022064545245,-0.004927022112729084,-0.004926953565298151,-0.004927022286070443,-0.004927055418390206,-0.0049269360660916,-0.004834048807649648,-0.004834292849745323,-0.0048342251755050325,-0.004834084788660202,-0.004834225029290148,-0.004834225062649701,-0.004834084871103138,-0.004834225307195629,-0.0048342930141132895,-0.004834049000317716,0.9999637865157467,0.9999538094350395,0.9999427236353943,0.9999371806189787,0.9999316379562502,0.9999260950558116,0.999920551911951,0.9999150093023731,0.9999272036821021,0.9999405064567284
225,0.04834185964434325,1.8853845389102406e-14,0.0,0.0009281183477158287,0.0,-0.004834245161764453,-0.004834130867248997,-0.004834162582608595,-0.004834228363494889,-0.0048341626972678055,-0.004834162714334974,-0.004834228402927723,-0.004834162645957213,-0.004834130948583704,-0.004834245260154901,9.269062602933285e-05,9.292430589226408e-05,9.285949974149887e-05,9.272507215432515e-05,9.285936727743919e-05,9.285939839411006e-05,9.272516237042797e-05,9.28596401132296e-05,9.292446980650217e-05,9.269080593669876e-05,0.9999644687820866,0.9999546794696504,0.9999438026035816,0.999938364281832,0.99993292562126,0.9999274871881693,0.9999220489881173,0.9999166102764332,0.9999285748291511,0.999941627245839
226,0.0009282195985162184,1.7287596354899767e-14,0.0,0.04927007924285947,0.0,9.287860050906111e-05,9.27691577444368e-05,9.279953113085476e-05,9.28625338068945e-05,9.279967241230223e-05,9.279970412767475e-05,9.286262311008781e-05,9.279967013745265e-05,9.276932189698078e-05,9.287878364047306e-05,0.0049271237622735145,0.004926900024993434,0.00492696211373945,0.0049270908973017835,0.004926962369680108,0.004926962418462649,0.0049270910260378106,0.004926962316094666,0.004926900270480684,0.004927124043795374,1.000000682194382,1.000000870241013,1.000001079040276,1.000001183333433,1.000001287951092,1.0000013923509712,1.0000014965277042,1.000001601194336,1.0000013715150684,1.000001120785986
227,0.04926998228893217,1.585144071755055e-14,0.0,0.04834176269041594,0.0,0.004926943804377289,0.004927048624800164,0.004927019568169253,0.0049269592890926256,0.004927019538015624,0.004927019572611957,0.004926959379022726,0.004927019710294051,0.0049270487983931735,0.004926944004155297,0.004834065203868228,0.004834279467055727,0.004834220037038399,0.004834096755285731,0.0048342198656033215,0.004834219868484283,0.0048340967559126384,0.004834220040156599,0.004834279476496193,0.004834065220514824,1.0000362134813439,1.0000461905739042,1.0000572763678648,1.0000628193671712,1.0000683620559103,1.0000739049533403,1.0000794480644948,1.0000849907065483,1.0000727963331062,1.0000594935427827
228,0.04834185552982733,1.4534543088323333e-14,0.0,0.0009281267591048359,0.0,0.004834237590184157,0.004834137230733324,0.004834165068063111,0.004834222808307017,0.004834165134715722,0.004834165128506134,0.004834222786099232,0.004834165034443573,0.00483413719457818,0.004834237554196877,-9.270621419313254e-05,-9.291139406684013e-05,-9.285450010614212e-05,-9.273648078560875e-05,-9.285440329990201e-05,-9.285444410582315e-05,-9.273659292349454e-05,-9.285467585047873e-05,-9.291160381499387e-05,-9.270644995842004e-05,1.000035531221074,1.0000453205222608,1.000056197393814,1.0000616357317602,1.0000670743671443,1.0000725128027474,1.0000779510337237,1.0000833897139159,1.000071425155223,1.0000583727537005
229,0.0009282156586177225,1.3327140017910505e-14,0.0,0.04927007118844504,0.0,-9.287127860013213e-05,-9.277518976381124e-05,-9.280186150614246e-05,-9.285718312964254e-05,-9.280199399955367e-05,-9.280202825830228e-05,-9.285727590684252e-05,-9.28020068550724e-05,-9.277536421665837e-05,-9.287147638156485e-05,-0.004927108868784289,-0.004926912420497135,-0.004926966929569254,-0.004927079991436659,-0.004926967128715275,-0.0049269671567644365,-0.004927080062006074,-0.004926967041298645,-0.004926912558794838,-0.0049271090305784415,0.9999993178028385,0.9999991297670425,0.999998920962556,0.9999988166537622,0.9999987120600412,0.9999986076575218,0.9999985034509203,0.9999983988141741,0.9999986284991941,0.999998879213839
230,0.04926998606162439,1.2219958618035525e-14,0.0,0.04834177040300667,0.0,-0.004926950862837824,-0.004927042892159643,-0.004927017374201772,-0.004926964436944279,-0.004927017323139355,-0.004927017338932487,-0.004926964475039351,-0.004927017435237399,-0.004927042969121689,-0.004926950954010595,-0.004834079584237692,-0.004834267702395831,-0.004834215512695629,-0.004834107253814637,-0.0048342153291398016,-0.0048342153106741845,-0.004834107199132509,-0.004834215428382326,-0.00483426760490503,-0.00483407947762903,0.9999637865211428,0.999953809418158,0.999942723629181,0.999937180644932,0.9999316379334044,0.99992609503868,0.999920551956312,0.9999150092858193,0.9999272036537332,0.9999405064578158
231,0.04834185191724477,1.1204802570911414e-14,0.0,0.0009281341443796217,0.0,-0.004834230923498103,-0.004834142800884724,-0.0048341672357186645,-0.004834217921399279,-0.004834167271565864,-0.00483416725141768,-0.004834217863881491,-0.004834167146149907,-0.004834142695660318,-0.004834230807068742,9.271993933972125e-05,9.290009127491897e-05,9.285013848310715e-05,9.274651554500024e-05,9.285005157349136e-05,9.285008751480639e-05,9.274661115786075e-05,9.285028908749202e-05,9.290027346137066e-05,9.272014694185291e-05,0.9999644687762196,0.9999546794849288,0.9999438026085677,0.9999383642563673,0.9999329256430461,0.999927487205168,0.9999220489469675,0.9999166102943546,0.9999285748583019,0.9999416272465343
232,0.0009282121993495103,1.0273984530885672e-14,0.0,0.049270064116594285,0.0,9.286487894872176e-05,9.278051131002534e-05,9.280392851044802e-05,9.285249846786511e-05,9.280403740511561e-05,9.280406383325567e-05,9.285256773448273e-05,9.280403760009246e-05,9.27806440509122e-05,9.286503148859138e-05,0.0049270958024468245,0.004926923312194749,0.0049269711642291126,0.004927070419867144,0.0049269713089709795,0.004926971315250936,0.004927070431615973,0.004926971183749999,0.00492692333971123,0.004927095838557333,1.000000682199704,1.0000008702260135,1.0000010790350977,1.000001183357569,1.0000012879301965,1.0000013923349353,1.0000014965676547,1.0000016011780517,1.0000013714879938,1.0000011207860608
233,0.04926998937408518,9.42045557485218e-15,0.0,0.048341777174735666,0.0,0.0049269570618482045,0.004927037859684581,0.004927015448087578,0.004926968956820834,0.004927015378739592,0.00492701537746017,0.004926968949373828,0.00492701543750684,0.004927037850127948,0.0049269570544356045,0.004834092182899483,0.0048342573483745556,0.00483421151957713,0.004834116458352969,0.004834211341334476,0.004834211313626914,0.004834116381639345,0.004834211399906747,0.0048342572060770354,0.004834092022947013,1.0000362134766771,1.0000461905888147,1.0000572763734168,1.0000628193444425,1.000068362075977,1.000073904968325,1.0000794480254154,1.000084990720872,1.0000727963578127,1.0000594935416494
234,0.04834184874536071,8.637884876807984e-15,0.0,0.0009281406287244666,0.0,0.00483422504561649,0.0048341476698106865,0.004834169120740871,0.004834213619014318,0.004834169143503889,0.004834169119590353,0.004834213553760265,0.004834169018448689,0.004834147547386448,0.004834224907488704,-9.273201623171464e-05,-9.289018987389437e-05,-9.284632734670763e-05,-9.275533780651619e-05,-9.284623523570304e-05,-9.284625786981637e-05,-9.275539561356353e-05,-9.284641905815075e-05,-9.289030274149939e-05,-9.273214694690071e-05,1.0000355312260691,1.0000453205086477,1.0000561973892206,1.00006163575398,1.0000670743479951,1.0000725127879568,1.0000779510701525,1.0000833896986423,1.0000714251300715,1.0000583727534762
235,0.0009282091620759379,7.920286776495914e-15,0.0,0.04927005790743665,0.0,-9.285927661428252e-05,-9.278519792506237e-05,-9.280575486316986e-05,-9.284839253384958e-05,-9.280583441535935e-05,-9.28058482075134e-05,-9.28484266670233e-05,-9.28058091121094e-05,-9.278526555569436e-05,-9.285935618187375e-05,-0.004927084322230772,-0.004926932867735749,-0.00492697487560404,-0.004927062011548167,-0.004926974977919248,-0.004926974967797867,-0.004927061980427288,-0.004926974827560798,-0.004926932812942143,-0.0049270842636705775,0.9999993177980063,0.9999991297800115,0.999998920966884,0.9999988166324332,0.9999987120783679,0.999998607671735,0.9999985034161434,0.9999983988289437,0.9999986285234179,0.99999887921417
236,0.04926999228246127,7.262318168789884e-15,0.0,0.048341783120385326,0.0,-0.004926962493539724,-0.0049270334309332395,-0.004927013748136964,-0.00492697291962828,-0.004927013669615348,-0.0049270136571895416,-0.004926972883575638,-0.0049270136922814406,-0.004927033365783413,-0.004926962421777675,-0.004834103216925441,-0.004834248233008177,-0.004834207993273794,-0.00483412452709443,-0.004834207835199988,-0.004834207808982028,-0.004834124456908615,-0.004834207883169331,-0.004834248100227719,-0.0048341030655958015,0.999963786525278,0.9999538094051157,0.9999427236243591,0.9999371806649239,0.9999316379157919,0.9999260950254886,0.9999205519905486,0.9999150092731318,0.9999272036319333,0.999940506458719
237,0.04834184596041161,6.659020247002982e-15,0.0,0.0009281463220496469,0.0,-0.0048342198632926915,-0.004834151925963235,-0.004834170760255576,-0.0048342098315843985,-0.004834170783364467,-0.004834170763585643,-0.004834209779319102,-0.004834170677901541,-0.00483415182607101,-0.004834219749073952,9.274263024703234e-05,9.288150497000457e-05,9.28429878813879e-05,9.276308804388126e-05,9.284288625088094e-05,9.284289360389844e-05,9.276310425653574e-05,9.284301437989962e-05,9.288153971240276e-05,9.274267270372328e-05,0.9999644687719971,0.999954679497088,0.9999438026128256,0.9999383642370011,0.9999329256598803,0.9999274872180159,0.9999220489146727,0.9999166103072822,0.999928574879922,0.9999416272463262
238,0.0009282064953155186,6.1058160172928655e-15,0.0,0.04927005245572713,0.0,9.285436132291328e-05,9.278931559870193e-05,9.280736037800118e-05,9.284478864040463e-05,9.280741283771918e-05,9.28074142788381e-05,9.284478960400102e-05,9.28073625615887e-05,9.278932051397411e-05,9.28543695793765e-05,0.004927074224615605,0.004926941241561937,0.004926978120633577,0.004927054620224803,0.004926978196202186,0.004926978177864481,0.004927054568923103,0.00492697804046313,0.004926941146584984,0.0049270741186533285,1.000000682204015,1.000000870214712,1.000001079031391,1.0000011833763536,1.0000012879141134,1.0000013923224003,1.0000014965980628,1.0000016011648813,1.000001371466531,1.000001120785599
239,0.049269994836048984,5.598595749793112e-15,0.0,0.04834178834073345,0.0,0.004926967246051257,0.004927029527668936,0.004927012243142886,0.004926976391070481,0.004927012166115707,0.00492701214964304,0.004926976345795125,0.004927012172372628,0.0049270294432488095,0.004926967150940113,0.004834112884728343,0.004834240212070234,0.0048342048827648846,0.0048341316024300765,0.004834204753277988,0.004834204735364202,0.004834131556191124,0.004834204809811039,0.004834240122734835,0.004834112781360736,1.000036213472946,1.0000461906001379,1.0000572763775117,1.0000628193267997,1.0000683620914275,1.0000739049799938,1.0000794479955482,1.0000849907323088,1.0000727963772384,1.000059493541105
240,0.04834184351519353,5.133495405821674e-15,0.0,0.0009281513208554467,0.0,0.004834215299670213,0.004834155651299717,0.004834172190331474,0.00483420650021793,0.004834172220844669,0.004834172209367637,0.004834206471276922,0.004834172144356745,0.004834155594420137,0.00483421523340809,-9.275194638104327e-05,-9.287387636921877e-05,-9.284005281141178e-05,-9.276989085255094e-05,-9.28399452710376e-05,-9.283994027540262e-05,-9.2769874518203e-05,-9.28400280158833e-05,-9.287384882867254e-05,-9.275191753202287e-05,1.000035531229654,1.000045320497817,1.000056197385314,1.0000616357708776,1.0000670743331992,1.0000725127767789,1.0000779510987383,1.0000833896876542,1.000071425111436,1.0000583727539636
241,0.0009282041538678587,4.707035932631739e-15,0.0,0.049270047669061394,0.0,-9.285003949128547e-05,-9.279292524089731e-05,-9.280876502194488e-05,-9.284162111954444e-05,-9.280879764692399e-05,-9.28087903710878e-05,-9.284159948106004e-05,-9.280873152509202e-05,-9.279288653903442e-05,-9.284999743098838e-05,-0.004927065339161499,-0.004926948576540614,-0.004926980955353419,-0.004927048121337475,-0.004926981018491593,-0.004926980999738725,-0.004927048070757982,-0.004926980875881837,-0.004926948480959171,-0.004927065230839078,0.9999993177942331,0.9999991297899503,0.9999989209701556,0.9999988166159528,0.9999987120924915,0.9999986076827287,0.999998503389419,0.9999983988404724,0.9999986285422285,0.9999988792145471
242,0.049269997078130214,4.316013466232716e-15,0.0,0.04834179292426236,0.0,-0.004926971403175014,-0.00492702608681476,-0.004927010910348136,-0.004926979431786949,-0.004927010843317051,-0.004927010828707963,-0.00492697939291575,-0.004927010849266691,-0.00492702601295738,-0.004926971318840525,-0.004834121363683728,-0.004834233161573863,-0.004834202145326191,-0.004834137810667404,-0.004834202045670127,-0.0048342020383368755,-0.00483413779343469,-0.004834202117741599,-0.004834233126418346,-0.004834121321409536,0.9999637865286688,0.9999538093953194,0.999942723620922,0.9999371806805152,0.999931637902241,0.9999260950151455,0.999920552016554,0.9999150092627505,0.9999272036145516,0.9999405064589124
243,0.048341841368261626,3.9574600718517975e-15,0.0,0.0009281557098685849,0.0,-0.0048342112884164025,-0.004834158918664723,-0.004834173443269944,-0.004834203573586568,-0.004834173482217329,-0.004834173479533595,-0.004834203568427309,-0.004834173434607671,-0.0048341589066029375,-0.004834211272935155,9.276011475861136e-05,9.286716815003725e-05,9.283746707819222e-05,9.277585820038122e-05,9.283736109972143e-05,9.283734917436837e-05,9.277582448844086e-05,9.283741465901992e-05,9.286710635444256e-05,9.276004590536967e-05,0.9999644687689102,0.9999546795066737,0.9999438026163388,0.9999383642222163,0.9999329256728784,0.99992748722778,0.9999220488894608,0.9999166103167496,0.9999285748961114,0.9999416272457462
244,0.0009282020980471983,3.628706339132364e-15,0.0,0.04927004346630883,0.0,9.284623385636022e-05,9.279608470043419e-05,9.28099900014568e-05,9.2838834667602e-05,9.281001161950964e-05,9.281000050355773e-05,9.283880384355729e-05,9.280994180712893e-05,9.279602740482756e-05,9.284616964276397e-05,0.004927057522272763,0.004926955003365157,0.004926983433271401,0.00492704240825417,0.004926983493836839,0.004926983480037153,0.0049270423722708664,0.0049269833764148,0.004926954934007765,0.004927057442577919,1.0000006822072653,1.0000008702059056,1.0000010790284317,1.0000011833907672,1.0000012879017042,1.000001392312802,1.0000014966216482,1.0000016011549444,1.0000013714501932,1.000001120785423
245,0.04926999904670635,3.3272568688907867e-15,0.0,0.04834179694865916,0.0,0.004926975042534227,0.004927023056483825,0.0049270097326125336,0.0049269820968131355,0.004927009680038894,0.004927009670755172,0.004926982073086693,0.004927009695088172,0.004927023010335386,0.004926974988958311,0.004834128808677867,0.004834226971783391,0.004834199742611077,0.0048341432621455335,0.004834199668419384,0.004834199670251615,0.0048341432692431355,0.004834199753281043,0.004834226982930559,0.004834128819315547,1.0000362134698764,1.0000461906086224,1.0000572763804025,1.0000628193130303,1.0000683621033137,1.0000739049891532,1.0000794479728896,1.0000849907416973,1.000072796392762,1.0000594935411649
246,0.04834183948322744,3.0508489057423127e-15,0.0,0.0009281595634789115,0.0,0.004834207769514603,0.004834161790357835,0.004834174545976004,0.0048342010056777775,0.004834174590242484,0.0048341745942312156,0.0048342010179776886,0.004834174564854315,0.0048341618118374835,0.0048342077925580314,-9.276727301962395e-05,-9.286126612599067e-05,-9.283518663652946e-05,-9.278109113535805e-05,-9.283508979640934e-05,-9.283507652395676e-05,-9.278105510900428e-05,-9.2835130233857e-05,-9.286119849790265e-05,-9.27671964002794e-05,1.0000355312323619,1.0000453204893984,1.0000561973822264,1.0000616357838583,1.000067074321787,1.0000725127682064,1.0000779511208773,1.000083389679349,1.0000714250972285,1.0000583727544798
247,0.0009282002930094914,2.797409748299152e-15,0.0,0.049270039776236924,0.0,-9.284288123959702e-05,-9.279884886231882e-05,-9.281105733071303e-05,-9.28363828893164e-05,-9.281107555994452e-05,-9.281106495836154e-05,-9.283635447525796e-05,-9.281101266902202e-05,-9.279879501085646e-05,-9.284282001410359e-05,-0.0049270506507542,-0.0049269606392201536,-0.004926985603306717,-0.004927037388567094,-0.004926985665802429,-0.004926985659189577,-0.0049270373724529465,-0.004926985577523337,-0.00492696060684834,-0.004927050612572135,0.9999993177914589,0.9999991297977835,0.9999989209728635,0.9999988166033674,0.9999987121033973,0.9999986076910884,0.9999985033685594,0.9999983988489619,0.9999986285563477,0.9999988792145048
248,0.04927000077514255,2.5650165944988053e-15,0.0,0.04834180048213306,0.0,-0.004926978233621191,-0.0049270203922119615,-0.004927008695722209,-0.004926984434984356,-0.004927008657917028,-0.004927008654806138,-0.00492698442806854,-0.004927008684527296,-0.004927020377594711,-0.004926978215689115,-0.004834135352381594,-0.004834221543349643,-0.004834197638391496,-0.00483414805209504,-0.004834197582357084,-0.004834197589847777,-0.004834148073593282,-0.004834197671858274,-0.004834221582583855,-0.004834135395675012,0.9999637865314154,0.9999538093879345,0.9999427236184543,0.999937180692649,0.9999316378918109,0.999926095007061,0.9999205520363524,0.9999150092543547,0.9999272036007755,0.9999405064587312
249,0.04834183782814186,2.3519352527289402e-15,0.0,0.0009281629470006859,0.0,-0.004834204687019642,-0.004834164318168881,-0.0048341755196157155,-0.004834198754517955,-0.0048341755643406216,-0.004834175571712933,-0.004834198775150895,-0.004834175551776779,-0.004834164356246391,-0.004834204729592049,9.27735466015496e-05,9.285607404308036e-05,9.28331761064936e-05,9.278568046640172e-05,9.283309357640667e-05,9.283308309320556e-05,9.278565291764504e-05,9.283313275051681e-05,9.285602134832035e-05,9.277348609706623e-05,0.9999644687664953,0.9999546795140173,0.9999438026189975,0.9999383642107851,0.9999329256828933,0.9999274872353396,0.9999220488700953,0.9999166103241527,0.9999285749086927,0.9999416272453856
250,0.000928198708161629,2.156553276172506e-15,0.0,0.04927003653630349,0.0,9.283992936524703e-05,9.280126868219281e-05,9.281198859775394e-05,9.283422647957291e-05,9.281200828800597e-05,9.281200098970859e-05,9.283420761241161e-05,9.281195876261351e-05,9.280123215830646e-05,9.28398872258162e-05,0.004927044616384889,0.004926965586851074,0.004926987508213469,0.004927032980997528,0.0049269875726286275,0.004926987572702641,0.004927032982763307,0.004926987510539393,0.0049269655884046975,0.004927044616817865,1.0000006822096326,1.0000008701989411,1.00000107902596,1.0000011834017577,1.00000128789212,1.00000139230552,1.0000014966400925,1.0000016011476933,1.000001371437991,1.0000011207856303
251,0.0492700022927335,1.977400497459718e-15,0.0,0.04834180358457187,0.0,0.004926981036587688,0.004927018054129787,0.004927007786449107,0.0049269864886869325,0.004927007760678538,0.004927007762590852,0.004926986495018219,0.00492700779611033,0.00492701806482713,0.004926981047654914,0.004834141107222441,0.004834216785447594,0.004834195797851353,0.0048341522622073595,0.004834195752390532,0.004834195761601144,0.004834152287405807,0.004834195837347717,0.004834216832668823,0.004834141160429098,1.0000362134674552,1.0000461906150948,1.0000572763825564,1.0000628193023693,1.0000683621124706,1.0000739049962586,1.0000794479555233,1.0000849907490976,1.000072796404885,1.0000594935413485
252,0.04834183637495354,1.813134664632391e-15,0.0,0.0009281659177799578,0.0,0.004834201988474545,0.00483416654462842,0.004834176380326998,0.004834196781695426,0.00483417642098504,0.004834176428582298,0.004834196802191323,0.00483417641246612,0.0048341665832664,0.00483420203233697,-9.277904811314311e-05,-9.285150950136701e-05,-9.283140612210885e-05,-9.278970699150638e-05,-9.283133969349797e-05,-9.283133400855414e-05,-9.278969282689592e-05,-9.283138364420997e-05,-9.285148156073023e-05,-9.277901531794426e-05,1.0000355312345364,1.0000453204830193,1.0000561973799666,1.000061635793943,1.000067074313001,1.0000725127615229,1.0000779511377773,1.000083389672689,1.0000714250860283,1.0000583727546626
253,0.0009281973166427792,1.6625107379041736e-15,0.0,0.04927003369159631,0.0,-9.283733365395268e-05,-9.280339000064704e-05,-9.281280362193837e-05,-9.283233146717678e-05,-9.281282655608167e-05,-9.281282351822177e-05,-9.283232429160241e-05,-9.281279208722942e-05,-9.280337532530276e-05,-9.283731612062633e-05,-0.004927039322128498,-0.004926969934629067,-0.0049269891839489365,-0.004927029113162603,-0.004926989247541122,-0.00492698925210052,-0.004927029126482925,-0.00492698920455335,-0.004926969958591702,-0.004927039348457596,0.9999993177894224,0.9999991298039512,0.9999989209750915,0.9999988165937537,0.9999987121118173,0.9999986076974471,0.999998503352286,0.9999983988552038,0.999998628566942,0.9999988792142176
254,0.04927000362520003,1.5244022032073596e-15,0.0,0.04834180630855725,0.0,-0.004926983502142233,-0.004927016005338754,-0.004927006991572848,-0.0049269882941048206,-0.0049270069736713626,-0.0049270069784326164,-0.004926988307590933,-0.004927007012589399,-0.004927016030106184,-0.004926983529650879,-0.004834146168488281,-0.004834212615338107,-0.00483419418795091,-0.004834155962637644,-0.004834194147115281,-0.004834194154914395,-0.0048341559832993306,-0.0048341942205021695,-0.0048342126547808815,-0.004834146213530253,0.9999637865335201,0.9999538093822246,0.9999427236165338,0.9999371807019901,0.9999316378837679,0.999926095000841,0.9999205520516418,0.9999150092479199,0.9999272035901915,0.999940506458622
255,0.048341835099033253,1.3977664927147813e-15,0.0,0.0009281685261667821,0.0,-0.004834199625356915,-0.004834168504935854,-0.004834177140522084,-0.004834195052371048,-0.0048341771742123636,-0.004834177179844254,-0.004834195067063007,-0.004834177163685254,-0.004834168533177696,-0.004834199657864772,9.278387678531876e-05,9.284750040289974e-05,9.282985105076458e-05,9.279324173377262e-05,9.2829799458999e-05,9.282979858836211e-05,9.279324052792557e-05,9.28298489041449e-05,9.284749692848801e-05,9.278387178610677e-05,0.9999644687645358,0.9999546795195549,0.9999438026209129,0.999938364201887,0.9999329256906011,0.9999274872412504,0.9999220488553519,0.9999166103301486,0.9999285749186686,0.9999416272453497
256,0.0009281960948690051,1.2816492237724429e-15,0.0,0.04927003119390226,0.0,9.283505465246603e-05,9.28052527388026e-05,9.281351948937661e-05,9.283066781368057e-05,9.281354501889522e-05,9.281354569818691e-05,9.283067051441517e-05,9.281352349368652e-05,9.280525686690064e-05,9.283505858259482e-05,0.004927034680009381,0.004926973757674657,0.00492699066001146,0.0049270257201847285,0.004926990719231259,0.004926990725542441,0.0049270257375774226,0.0049269906871789405,0.004926973790044597,0.004927034716447367,1.000000682211408,1.0000008701935104,1.0000010790239866,1.0000011834101885,1.0000012878847258,1.000001392299947,1.0000014966544037,1.0000016011422501,1.0000013714287246,1.000001120785914
257,0.049270004795125166,1.1751805537886556e-15,0.0,0.04834180870025616,0.0,0.004926985672452257,0.004927014211360256,0.004927006297749737,0.004926989881900019,0.004927006283623139,0.004927006288975023,0.0049269898964437705,0.004927006320556934,0.004927014238701751,0.004926985703362279,0.004834150617799791,0.0048342089586214535,0.00483419277826036,0.004834159214086338,0.004834192738604244,0.004834192743276836,0.004834159225929355,0.004834192797063247,0.00483420898183485,0.004834150644779684,1.0000362134656433,1.000046190620154,1.0000572763842923,1.0000628192941996,1.0000683621195372,1.000073905001689,1.0000794479420299,1.0000849907546405,1.0000727964140754,1.000059493541355
258,0.04834183397875639,1.077554513271544e-15,0.0,0.0009281708163687719,0.0,0.004834197553873318,0.004834170228988896,0.004834177810295871,0.004834193535452594,0.004834177836140499,0.004834177838879519,0.00483419354214151,0.004834177820955207,0.004834170242354047,0.0048341975696749315,-9.27881185789391e-05,-9.284398237136005e-05,-9.2828487453866e-05,-9.279634644742459e-05,-9.282844748264001e-05,-9.282845009550393e-05,-9.27963543022603e-05,-9.282849960172684e-05,-9.284399634770357e-05,-9.278813368734755e-05,1.0000355312362903,1.0000453204781996,1.0000561973783308,1.0000616358017844,1.0000670743062374,1.0000725127563053,1.0000779511506594,1.0000833896673258,1.0000714250771745,1.0000583727546106
259,0.0009281950221334606,9.880395139037108e-16,0.0,0.04927002900088985,0.0,-9.28330563966552e-05,-9.280689074960425e-05,-9.281415017933694e-05,-9.282920848716677e-05,-9.28141763141873e-05,-9.281417930831221e-05,-9.282921708806194e-05,-9.281416353149139e-05,-9.280690638905579e-05,-9.283307368958878e-05,-0.004927030610269973,-0.0049269771197385,-0.0049269919604752075,-0.004927022743939761,-0.004926992012454686,-0.004926992018187831,-0.004927022759229572,-0.004926991984486698,-0.004926977148743103,-0.00492703064336452,0.9999993177878528,0.9999991298087056,0.9999989209768089,0.9999988165863413,0.999998712118308,0.99999860770235,0.999998503339742,0.9999983988600151,0.9999986285751089,0.999998879213995
260,0.049270005822336954,9.059610419390848e-16,0.0,0.04834181080020349,0.0,-0.004926987582674271,-0.004927012640293719,-0.004927005691924192,-0.004926991278143644,-0.004927005678557322,-0.004927005682814412,-0.0049269912893441315,-0.004927005709580748,-0.004927012661748706,-0.004926987607255806,-0.0048341545262776155,-0.0048342057495441145,-0.004834191541744855,-0.004834162069656477,-0.004834191502243135,-0.0048341915035060995,-0.0048341620722560695,-0.004834191546049257,-0.00483420575535965,-0.0048341545335662175,0.9999637865350749,0.9999538093777366,0.9999427236149598,0.9999371807091315,0.9999316378775588,0.9999260949961037,0.9999205520635575,0.9999150092431597,0.9999272035822246,0.9999405064587059
261,0.048341832995136426,8.306999716319507e-16,0.0,0.000928172827200523,0.0,-0.004834195735572534,-0.004834171743075704,-0.004834178398574913,-0.004834192203688929,-0.004834178417408871,-0.0048341784174366145,-0.0048341922031243595,-0.004834178397840368,-0.0048341717426941015,-0.004834195735720034,9.27918471017369e-05,9.284089721801458e-05,9.282729334927908e-05,9.279907445471514e-05,9.282726114845114e-05,9.282726537779718e-05,9.279908621977195e-05,9.282731174038023e-05,9.28409190546044e-05,9.279187153577242e-05,0.9999644687629831,0.9999546795237706,0.9999438026223314,0.9999383641949913,0.9999329256965382,0.9999274872458419,0.9999220488440649,0.9999166103348961,0.9999285749264792,0.9999416272454277
262,0.000928194080255385,7.616923389575439e-16,0.0,0.04927002707539181,0.0,9.283130567358695e-05,9.280833230556566e-05,9.281470675209617e-05,9.282792897821659e-05,9.281473125465414e-05,9.281473497370612e-05,9.282793915628418e-05,9.281472267680044e-05,9.280835133662277e-05,9.283132714785203e-05,0.004927027041246121,0.00492698007538127,0.0049269931053270094,0.004927020132667145,0.004926993148663525,0.004926993152410321,0.004927020142280644,0.0049269931205171685,0.004926980094030724,0.004927027062867886,1.0000006822128098,1.000000870189366,1.0000010790225113,1.0000011834167177,1.00000128787903,1.0000013922956217,1.0000014966653723,1.000001601137956,1.000001371421487,1.0000011207860513
263,0.04927000672424458,6.984164327759133e-16,0.0,0.048341812643989186,0.0,0.004926989262658348,0.004927011263261277,0.0049270051619340425,0.004926992505286411,0.0049270051477821025,0.004927005150114606,0.004926992511111911,0.004927005171200582,0.004927011274772172,0.004926989276123123,0.004834157956984761,0.004834202930955711,0.004834190455181946,0.004834164576308194,0.004834190416527448,0.0048341904151408994,0.004834164571955627,0.004834190448523782,0.0048342029234355495,0.004834157948975271,1.0000362134643042,1.0000461906241274,1.0000572763857098,1.000062819287952,1.0000683621249922,1.0000739050058265,1.0000794479315187,1.0000849907587432,1.0000727964209968,1.0000594935412166
264,0.048341832131503004,6.403973009427909e-16,0.0,0.0009281745927415671,0.0,0.004834194137495482,0.0048341730710087395,0.004834178913825789,0.004834191033559301,0.004834178927497678,0.004834178925692129,0.004834191028267843,0.004834178905621389,0.004834173061473877,0.00483419412706078,-9.279512516286587e-05,-9.283819225253728e-05,-9.28262481082534e-05,-9.280147172710963e-05,-9.282622028442423e-05,-9.282622442247698e-05,-9.280148284406854e-05,-9.282626557919303e-05,-9.28382132982953e-05,-9.279514906234288e-05,1.0000355312376492,1.0000453204744921,1.000056197377079,1.0000616358078345,1.0000670743010238,1.000072512752278,1.0000779511605786,1.0000833896631707,1.0000714250703295,1.0000583727545531
265,0.0009281932532719025,5.871983095581512e-16,0.0,0.049270025384774915,0.0,-9.282977193168958e-05,-9.280960101384905e-05,-9.281519791460961e-05,-9.282680712931028e-05,-9.281521909312168e-05,-9.281522226409905e-05,-9.282681553313826e-05,-9.281521113182166e-05,-9.280961702275853e-05,-9.282979023750478e-05,-0.004927023909427172,-0.0049269826720225885,-0.004926994111740399,-0.004927017840688611,-0.0049269941465908,-0.004926994147956228,-0.004927017843800981,-0.004926994116753211,-0.0049269826784966355,-0.004927023917298285,0.9999993177865965,0.999999129812312,0.999998920978069,0.999998816580586,0.9999987121233057,0.9999986077061693,0.9999985033301602,0.9999983988638611,0.9999986285815362,0.9999988792139382
266,0.04927000751613345,5.384180257858976e-16,0.0,0.04834181426286155,0.0,-0.004926990738451087,-0.004927010054792541,-0.004927004697027794,-0.004926993582999341,-0.004927004681881832,-0.004927004682267512,-0.004926993583580084,-0.004927004698061256,-0.004927010056398359,-0.0049269907406736466,-0.004834160966519397,-0.004834200453778692,-0.004834189499113184,-0.0048341667758700305,-0.00483418946278871,-0.004834189460003413,-0.0048341667680469455,-0.004834189486929434,-0.0048342004393756004,-0.004834160950436142,0.9999637865362386,0.9999538093742331,0.9999427236136988,0.9999371807146071,0.9999316378727678,0.9999260949924806,0.9999205520728085,0.999915009239593,0.9999272035761816,0.9999405064588572
267,0.0483418313732194,4.936907041380308e-16,0.0,0.000928176142914048,0.0,-0.004834192731821719,-0.00483417423469003,-0.004834179364316952,-0.004834190004946138,-0.004834179374924186,-0.004834179372387617,-0.004834189997946936,-0.004834179353368053,-0.004834174221647501,-0.004834192717170272,9.27980066293679e-05,9.283582010251139e-05,9.282533271084189e-05,9.28035780532032e-05,9.282530695764544e-05,9.282530987989469e-05,9.280358563314769e-05,9.282534469320317e-05,9.283583475085816e-05,9.279802350337443e-05,0.9999644687618049,0.9999546795270449,0.9999438026234513,0.9999383641896926,0.9999329257011178,0.999927487249365,0.9999220488353268,0.9999166103385,0.9999285749324466,0.9999416272454411
268,0.0009281925271674594,4.526786107330383e-16,0.0,0.049270023900386865,0.0,9.282842750920825e-05,9.281071688228403e-05,9.281563072863902e-05,9.282582311813566e-05,9.281564780861361e-05,9.281564972684307e-05,9.282582798497783e-05,9.281563843721412e-05,9.281072639214048e-05,9.282843857940336e-05,0.004927021159330927,0.004926984951572314,0.004926994995045591,0.004927015828064273,0.0049269950227328,0.00492699502211446,0.004927015825931914,0.004926994991805267,0.004926984948039641,0.0049270211557496755,1.0000006822139327,1.0000008701862244,1.000001079021432,1.000001183421788,1.0000012878746445,1.0000013922922515,1.0000014966737478,1.0000016011345205,1.0000013714157874,1.000001120786052
269,0.04927000821142434,4.1507351292707245e-16,0.0,0.04834181568425688,0.0,0.004926992033381027,0.004927008992948573,0.004927004288134682,0.004926994528793032,0.004927004272668976,0.004927004271635653,0.004926994525678956,0.004927004283335701,0.0049270089874365545,0.004926992027411182,0.004834163605871819,0.004834198276066289,0.004834188657406043,0.004834168705674896,0.004834188624860363,0.00483418862190881,0.004834168697693978,0.004834188644898487,0.004834198261044414,0.004834163588831778,1.0000362134632814,1.0000461906272022,1.0000572763868159,1.0000628192831431,1.0000683621291986,1.0000739050090086,1.0000794479233983,1.0000849907618772,1.000072796426305,1.0000594935410856
270,0.04834183070743442,3.805926328520683e-16,0.0,0.000928177503989912,0.0,0.0048341914951440775,0.004834175254244293,0.004834179758048789,0.00483418910065717,0.004834179767343203,0.004834179765021694,0.0048341890944595105,0.004834179748303121,0.004834175242474413,0.0048341914817381535,-9.280053823694945e-05,-9.283373870428054e-05,-9.282453008589361e-05,-9.280542813586146e-05,-9.282450532577344e-05,-9.282450661395915e-05,-9.280543121944519e-05,-9.28245350325799e-05,-9.283374496214108e-05,-9.280054567302812e-05,1.0000355312386657,1.0000453204715944,1.000056197376071,1.000061635812471,1.0000670742970006,1.0000725127491998,1.000077951168285,1.0000833896600592,1.0000714250651408,1.0000583727545858
271,0.000928191889636245,3.4897578079966857e-16,0.0,0.04927002259707067,0.0,-9.28272478875657e-05,-9.281169729367326e-05,-9.281601125755903e-05,-9.282495945723505e-05,-9.281602436667872e-05,-9.281602490671548e-05,-9.282496058573599e-05,-9.281601310670053e-05,-9.281169977471207e-05,-9.282725099966915e-05,-0.004927018743031643,-0.004926986951537966,-0.004926995769306348,-0.004927014060114405,-0.004926995791709882,-0.004926995789928409,-0.0049270140550452465,-0.0049269957614098215,-0.0049269869422491255,-0.004927018732737823,0.9999993177856001,0.9999991298150572,0.9999989209790023,0.9999988165761253,0.9999987121271551,0.999998607709137,0.9999985033228256,0.9999983988669082,0.99999862858657,0.9999988792139635
272,0.049270008821900795,3.1998573220380583e-16,0.0,0.04834181693226456,0.0,-0.004926993168680704,-0.004927008059136244,-0.004927003927854507,-0.004926995358403202,-0.004927003913084623,-0.004927003911383418,-0.004926995353668309,-0.004927003920465657,-0.004927008050367612,-0.0049269931588565245,-0.004834165920793138,-0.0048341963618425705,-0.004834187916596948,-0.004834170398945967,-0.004834187888717944,-0.004834187886476702,-0.004834170393082573,-0.004834187907358956,-0.0048341963505929,-0.004834165907856855,0.9999637865371458,0.999953809371545,0.9999427236127406,0.9999371807188376,0.9999316378690759,0.9999260949896787,0.9999205520799207,0.9999150092368141,0.9999272035714947,0.9999405064589496
273,0.04834183012286458,2.934038182731561e-16,0.0,0.0009281786990362178,0.0,-0.004834190407579764,-0.004834176147919092,-0.0048341801025164706,-0.004834188305894999,-0.004834180111591615,-0.004834180110062331,-0.004834188301965309,-0.0048341800962975095,-0.00483417614028678,-0.004834190398750712,9.280276110094042e-05,9.28319112171519e-05,9.282382533803632e-05,9.280705250820295e-05,9.282380149300794e-05,9.282380132108643e-05,9.280705170299983e-05,9.282382416814748e-05,9.283191008083169e-05,9.280276010581283e-05,0.9999644687609273,0.9999546795296078,0.9999438026243567,0.9999383641856345,0.9999329257046522,0.999927487252055,0.9999220488285326,0.999916610341188,0.9999285749369603,0.9999416272453756
274,0.0009281913298736164,2.6903007139648283e-16,0.0,0.0492700214527382,0.0,9.282621178046367e-05,9.281255773786398e-05,9.281634502676574e-05,9.28242009240101e-05,9.281635492488106e-05,9.281635438637519e-05,9.282419922056976e-05,9.281634241373529e-05,9.281255479284389e-05,9.282620866610768e-05,0.004927016619360227,0.004926988705656956,0.004926996447543236,0.004927012506819009,0.004926996466516496,0.004926996464448706,0.004927012501185879,0.004926996438711245,0.004926988695079624,0.004927016607416819,1.0000006822148086,1.0000008701838154,1.0000010790206142,1.0000011834257052,1.0000012878712647,1.0000013922896454,1.000001496680186,1.0000016011318416,1.0000013714113645,1.0000011207860267
275,0.04927000935790895,2.466812885242244e-16,0.0,0.04834181802803535,0.0,0.00492699416372895,0.004927007237678567,0.004927003610227846,0.004926996085988676,0.0049270035970585,0.004927003595381527,0.004926996081481727,0.004927003603154853,0.004927007229161529,0.004926994154046781,0.0048341679519484865,0.004834194679940703,0.00483418726520108,0.004834171885064666,0.004834187242133619,0.004834187240995152,0.004834171882261157,0.004834187260741118,0.004834194674368685,0.004834167945380673,1.0000362134624727,1.0000461906295468,1.0000572763876403,1.0000628192794179,1.0000683621324384,1.0000739050114793,1.000079447917177,1.0000849907643536,1.000072796430455,1.000059493541035
276,0.04834182960960283,2.2618886569427396e-16,0.0,0.0009281797483061301,0.0,0.004834189451917847,0.004834176931939474,0.0048341804044586155,0.004834187607765079,0.004834180413715002,0.004834180413145767,0.004834187606458661,0.004834180402348182,0.004834176929220957,0.004834189448633241,-9.280471181110327e-05,-9.283030573909237e-05,-9.282320576923034e-05,-9.280847822359679e-05,-9.282318334349806e-05,-9.282318223576003e-05,-9.28084750230658e-05,-9.282320080667133e-05,-9.283029994057185e-05,-9.280470541354023e-05,1.0000355312394276,1.0000453204693334,1.0000561973752642,1.0000616358160266,1.0000670742938964,1.000072512746845,1.0000779511742666,1.0000833896577248,1.0000714250612022,1.0000583727546648
277,0.0009281908383929694,2.0739893556508838e-16,0.0,0.04927002044799579,0.0,-9.282530099056184e-05,-9.281331225661354e-05,-9.281663726114307e-05,-9.282353439244318e-05,-9.281664497486162e-05,-9.281664386024194e-05,-9.282353125687846e-05,-9.281663237098014e-05,-9.281330647770668e-05,-9.282529455153891e-05,-0.004927014752908409,-0.004926990244196088,-0.0049269970417197585,-0.004927011142157522,-0.0049269970586898635,-0.004926997057006009,-0.00492701113771554,-0.004926997034719162,-0.004926990235698664,-0.00492701474318478,0.9999993177848364,0.9999991298171792,0.9999989209797281,0.9999988165726909,0.9999987121301233,0.9999986077114206,0.9999985033171623,0.9999983988692445,0.999998628590438,0.9999988792139723
278,0.049270009828532815,1.9016989175569809e-16,0.0,0.04834181899013985,0.0,-0.004926995036062719,-0.004927006515263823,-0.004927003330392807,-0.004926996724215735,-0.004927003319351281,-0.004927003318157963,-0.004926996721118402,-0.004927003325504537,-0.004927006509290894,-0.0049269950291746575,-0.004834169735072157,-0.00483419320300721,-0.004834186693131664,-0.004834173189823291,-0.004834186674376419,-0.004834186674297721,-0.004834173189861524,-0.0048341866931335565,-0.004834193202813187,-0.0048341697346231186,0.9999637865378668,0.9999538093695003,0.9999427236120317,0.999937180722118,0.9999316378662325,0.9999260949875001,0.9999205520853623,0.9999150092346074,0.9999272035678199,0.9999405064589669
279,0.04834182915895065,1.7437204277391335e-16,0.0,0.0009281806695821708,0.0,-0.004834188612940042,-0.004834177620445855,-0.004834180669694824,-0.00483418699488173,-0.004834180679002985,-0.004834180679239159,-0.004834186995706525,-0.004834180670939521,-0.0048341776217942205,-0.004834188614305784,9.280642312267662e-05,9.282889481796851e-05,9.282266069798265e-05,9.280972933400477e-05,9.282264034829544e-05,9.28226389188035e-05,9.280972541187739e-05,9.282265456501525e-05,9.282888749667303e-05,9.28064148688736e-05,0.9999644687602602,0.9999546795315957,0.9999438026250679,0.9999383641825142,0.999932925707378,0.999927487254121,0.999922048823277,0.9999166103432314,0.9999285749404125,0.999941627245301
280,0.0009281904068649443,1.5988666480344473e-16,0.0,0.04927001956581559,0.0,9.282450006446643e-05,9.281397364125331e-05,9.281689293333048e-05,9.282294858328159e-05,9.281689942911356e-05,9.281689823732817e-05,9.282294535752165e-05,9.281688787250199e-05,9.281396756436432e-05,9.282449318178277e-05,0.004927013113004509,0.004926991594087108,0.004926997562628155,0.004927009943465011,0.004926997578432099,0.0049269975774764874,0.0049270099410640466,0.004926997558812023,0.004926991589358585,0.004927013107487567,1.000000682215471,1.0000008701819418,1.0000010790199656,1.0000011834287135,1.0000012878686575,1.0000013922876472,1.0000014966851742,1.000001601129815,1.0000013714079918,1.0000011207860393
281,0.04927001024174826,1.4660451571451928e-16,0.0,0.04834181983488332,0.0,0.004926995801311894,0.004927005880399365,0.004927003084235041,0.004926997284302036,0.004927003075403014,0.004927003074867975,0.004926997283017279,0.0049270030821810746,0.0049270058778052425,0.004926995798225347,0.004834171301247428,0.004834191906758112,0.0048341861913017104,0.004834174335718754,0.0048341861759739,0.004834186176630647,0.004834174337659757,0.004834186194308573,0.004834191910240878,0.004834171305043564,1.0000362134618328,1.0000461906313334,1.0000572763882531,1.0000628192765315,1.0000683621349342,1.000073905013398,1.0000794479124122,1.0000849907663116,1.0000727964337013,1.0000594935410372
282,0.048341828763270644,1.3442580017267023e-16,0.0,0.0009281814784776266,0.0,0.004834187876969488,0.00483417822556969,0.004834180903093237,0.0048341864570929345,0.0048341809120453876,0.004834180912758272,0.0048341864591233755,0.004834180906250419,0.004834178229280917,0.004834187881086921,-9.280792434240674e-05,-9.282765482967505e-05,-9.282218114180403e-05,-9.281082720910116e-05,-9.282216335762625e-05,-9.282216210970261e-05,-9.281082389390322e-05,-9.282217593065568e-05,-9.282764852432557e-05,-9.280791713842627e-05,1.0000355312400162,1.0000453204675919,1.0000561973746438,1.000061635818769,1.0000670742915034,1.0000725127450287,1.0000779511788753,1.0000833896559218,1.0000714250581628,1.0000583727547232
283,0.0009281900279762435,1.2325879787713197e-16,0.0,0.049270018791246886,0.0,-9.2823795833313e-05,-9.281455347046313e-05,-9.281711669494649e-05,-9.282243377430749e-05,-9.281712267005231e-05,-9.281712175862426e-05,-9.282243138722737e-05,-9.281711292977689e-05,-9.28145488866515e-05,-9.282379057088102e-05,-0.004927011672802801,-0.004926992779040153,-0.004926998019788183,-0.004927008890867242,-0.00492699803471544,-0.004926998034516896,-0.004927008890510603,-0.004926998019180196,-0.004926992778167568,-0.004927011671657802,0.9999993177842629,0.9999991298188344,0.9999989209803084,0.9999988165700565,0.9999987121324134,0.9999986077131682,0.9999985033127675,0.9999983988710004,0.9999986285933767,0.9999988792139415
284,0.04927001060455825,1.1301941647054963e-16,0.0,0.048341820576582005,0.0,-0.004926996473171974,-0.004927005322961751,-0.004927002868107943,-0.004926997776073372,-0.004927002861205223,-0.004927002861262593,-0.004926997776367347,-0.0049270028685356165,-0.004927005323366636,-0.004926996473505789,-0.004834172677338661,-0.004834190769491288,-0.0048341857514129965,-0.0048341753422990645,-0.004834185738535171,-0.004834185739503969,-0.00483417534498012,-0.00483418575560584,-0.004834190774479985,-0.004834172682934908,0.9999637865384311,0.9999538093679347,0.9999427236114969,0.9999371807246541,0.9999316378640415,0.9999260949858136,0.9999205520895416,0.9999150092328812,0.9999272035649629,0.999940506458959
285,0.04834182841585707,1.0363070317391554e-16,0.0,0.0009281821887011767,0.0,-0.004834187231630329,-0.004834178757637413,-0.004834181108656594,-0.004834185985311744,-0.004834181116808518,-0.004834181117643818,-0.004834185987588326,-0.004834181112221551,-0.004834178761905227,-0.004834187236453549,9.280924154164531e-05,9.28265653243384e-05,9.28217594513489e-05,9.281179076162799e-05,9.282174439670561e-05,9.282174361877494e-05,9.28117887790212e-05,9.282175631406507e-05,9.282656146140933e-05,9.280923705223994e-05,0.999964468759738,0.9999546795331178,0.999943802625605,0.9999383641801015,0.9999329257094783,0.9999274872557207,0.9999220488192408,0.9999166103448307,0.9999285749430968,0.9999416272452634
286,0.0009281896953056926,9.502188115089162e-17,0.0,0.049270018111162765,0.0,9.282317693876455e-05,9.281506208396514e-05,9.28173127691008e-05,9.282198151651204e-05,9.281731858086506e-05,9.281731811240906e-05,9.282198035986521e-05,9.281731092600914e-05,9.281505978334017e-05,9.282317423486147e-05,0.004927010408569093,0.004926993819721378,0.004926998421425695,0.004927007966828256,0.004926998435389383,0.004926998435756227,0.004927007967948191,0.0049269984231475605,0.004926993821688567,0.00492701041068841,1.000000682215969,1.0000008701804814,1.0000010790194485,1.0000011834310218,1.000001287866646,1.0000013922861175,1.0000014966890431,1.0000016011282895,1.0000013714054272,1.0000011207860802
287,0.04927001092311142,8.712823113176809e-17,0.0,0.048341821227805726,0.0,0.0049269970634726835,0.004927004833885321,0.0049270026786580965,0.004926998208059215,0.004927002673204641,0.004927002673644931,0.004926998209334371,0.004927002680638056,0.004927004836197345,0.004926997066016757,0.004834173886533919,0.0048341897718013555,0.004834185365888996,0.004834176226542703,0.004834185354623776,0.004834185355532522,0.004834176228974506,0.004834185369712047,0.004834189776414005,0.0048341738917818955,1.0000362134613385,1.00004619063271,1.0000572763887245,1.0000628192743062,1.000068362136858,1.0000739050148773,1.00007944790874,1.000084990767823,1.000072796436206,1.0000594935410407
288,0.04834182811082218,7.989033362715815e-17,0.0,0.0009281828122892372,0.0,0.004834186665756164,0.0048341792254535595,0.0048341812896832825,0.004834185571422473,0.004834181296722843,0.004834181297407803,0.004834185573230321,0.004834181292528959,0.004834179228906337,0.004834186669710438,-9.28103977165199e-05,-9.282560843176108e-05,-9.282138897481404e-05,-9.281263663674186e-05,-9.282137648179787e-05,-9.282137623712813e-05,-9.281263610404992e-05,-9.282138810909682e-05,-9.282560729100865e-05,-9.281039630631895e-05,1.0000355312404803,1.0000453204662625,1.0000561973741802,1.0000616358208925,1.00006707428966,1.0000725127436194,1.0000779511824083,1.000083389654501,1.0000714250557898,1.000058372754742
289,0.0009281894032154171,7.325367321577495e-17,0.0,0.049270017514037596,0.0,-9.282263342370606e-05,-9.281550856795988e-05,-9.28174848651769e-05,-9.282158439121585e-05,-9.281749057377716e-05,-9.28174905343122e-05,-9.282158438581045e-05,-9.281748483027253e-05,-9.28155084462274e-05,-9.282263319695862e-05,-0.00492700929917987,-0.004926994734021519,-0.004926998774548459,-0.004927007155813689,-0.00492699878729662,-0.004926998787942115,-0.004927007157616132,-0.004926998777359232,-0.004926994737352564,-0.004927009302907397,0.9999993177838278,0.9999991298201194,0.9999989209807656,0.9999988165680317,0.9999987121341798,0.9999986077145094,0.9999985033093662,0.999998398872333,0.999998628595622,0.9999988792139
290,0.04927001120280641,6.716836585863643e-17,0.0,0.048341821799591,0.0,-0.0049269975823472666,-0.004927004404985285,-0.0049270025127526405,-0.004926998587628089,-0.004927002508237565,-0.004927002508812954,-0.004926998589208488,-0.004927002515226217,-0.004927004407937393,-0.0049269975856705145,-0.0048341749489235605,-0.0048341888964173255,-0.0048341850278874636,-0.004834177003236873,-0.0048341850176637875,-0.004834185018278642,-0.004834177004822677,-0.004834185030395945,-0.004834188899491165,-0.004834174952473556,0.9999637865388614,0.9999538093667215,0.9999427236110779,0.9999371807266048,0.9999316378623518,0.9999260949845177,0.9999205520927726,0.9999150092315645,0.9999272035627739,0.9999405064589647
291,0.04834182784299646,6.158855590209544e-17,0.0,0.000928183359809957,0.0,-0.00483418616937141,-0.004834179636601915,-0.004834181448950862,-0.004834185208224804,-0.004834181454770684,-0.004834181455163499,-0.004834185209213095,-0.0048341814505187325,-0.004834179638543114,-0.00483418617163834,9.281141297585657e-05,9.282476838336998e-05,9.282106380177884e-05,9.281337940328458e-05,9.282105346688097e-05,9.282105364945541e-05,9.281337999539254e-05,9.28210647074849e-05,9.282476939427835e-05,9.28114140321748e-05,0.9999644687593262,0.9999546795342796,0.9999438026260064,0.9999383641782335,0.9999329257110963,0.9999274872569616,0.9999220488161469,0.9999166103460908,0.9999285749451923,0.9999416272452571
292,0.0009281891467552749,5.647227612046494e-17,0.0,0.04927001698975174,0.0,9.282215643002627e-05,9.281590079427207e-05,9.281763614848743e-05,9.282123582551177e-05,9.281764162476398e-05,9.281764188527001e-05,9.282123659706126e-05,9.281763734103003e-05,9.281590217382306e-05,9.282215793502899e-05,0.004927008325801436,0.004926995537396187,0.004926999085099349,0.004927006444050316,0.004926999096395448,0.004926999097048769,0.004927006445810156,0.0049269990878597625,0.004926995540716937,0.004927008329573369,1.0000006822163514,1.000000870179354,1.0000010790190477,1.0000011834328002,1.0000012878650952,1.0000013922849393,1.0000014966920285,1.000001601127118,1.0000013714034544,1.0000011207861155
293,0.04927001144838329,5.1781026325690736e-17,0.0,0.04834182230162803,0.0,0.004926998038470797,0.004927004028880754,0.00492700236748009,0.004926998921147436,0.004927002363487755,0.0049270023639936935,0.004926998922492768,0.004927002369596647,0.004927004031441122,0.0049269980413922335,0.004834175882040771,0.004834188128086482,0.004834184731331603,0.0048341776853219245,0.004834184721862991,0.0048341847221084235,0.004834177685895707,0.004834184732255617,0.004834188129267299,0.0048341758834572045,1.0000362134609648,1.00004619063378,1.000057276389098,1.0000628192725969,1.0000683621383422,1.000073905016012,1.0000794479058954,1.0000849907689673,1.0000727964381164,1.0000594935410259
294,0.04834182760784098,4.747947022361314e-17,0.0,0.0009281838405423197,0.0,0.004834185733680626,0.004834179997713104,0.004834181588878364,0.0048341848893850795,0.004834181593564186,0.004834181593650779,0.004834184889545979,0.004834181589148493,0.004834179998095015,0.004834185734179352,-9.281230479017081e-05,-9.282403116765009e-05,-9.282077860172603e-05,-9.281403176235672e-05,-9.282076992356888e-05,-9.282077034291486e-05,-9.281403294678948e-05,-9.282078044815442e-05,-9.282403334610716e-05,-9.281230721288128e-05,1.000035531240844,1.000045320465245,1.0000561973738304,1.0000616358225343,1.0000670742882398,1.000072512742528,1.000077951185121,1.0000833896533883,1.000071425053944,1.0000583727547423
295,0.0009281889215789615,4.35352688230593e-17,0.0,0.04927001652941994,0.0,-9.28217380083635e-05,-9.28162455214078e-05,-9.281776926954241e-05,-9.28209299659432e-05,-9.281777431702568e-05,-9.281777470697763e-05,-9.282093104575652e-05,-9.281777095625568e-05,-9.281624752739519e-05,-9.282174026029391e-05,-0.00492700747168899,-0.004926996243234512,-0.004926999358147907,-0.004927005819351023,-0.004926999367881212,-0.004926999368357756,-0.004927005820591735,-0.004926999360104749,-0.00492699624562241,-0.004927007474439646,0.9999993177834898,0.9999991298211066,0.9999989209811144,0.9999988165664684,0.9999987121355413,0.9999986077155458,0.9999985033067493,0.9999983988733682,0.9999986285973606,0.9999988792138743
296,0.049270011664003924,3.991871153328629e-17,0.0,0.048341822742424975,0.0,-0.004926998439321095,-0.004927003698971429,-0.004927002240186827,-0.004926999214146527,-0.00492700223645843,-0.004927002236776521,-0.004926999214958446,-0.004927002241472971,-0.004927003700554308,-0.00492699844115738,-0.004834176701312732,-0.004834187453450021,-0.004834184470917284,-0.004834178284180584,-0.004834184462141404,-0.004834184462069543,-0.004834178283912689,-0.004834184470516715,-0.004834187453026913,-0.004834176700897086,0.9999637865391865,0.9999538093657778,0.9999427236107458,0.9999371807281028,0.9999316378610483,0.9999260949835244,0.9999205520952762,0.9999150092305694,0.9999272035611054,0.9999405064589858
297,0.04834182740137051,3.6602587745292325e-17,0.0,0.0009281842626334197,0.0,-0.004834185351025426,-0.00483418031466862,-0.004834181711642033,-0.004834184609376235,-0.004834181715407951,-0.004834181715264193,-0.004834184608935094,-0.004834181710962779,-0.00483418031389381,-0.004834185350194372,9.281308829566914e-05,9.282338430280888e-05,9.28205285447934e-05,9.28146047702921e-05,9.282052105047921e-05,9.282052151232765e-05,9.281460602335138e-05,9.282053051019173e-05,9.282338666049845e-05,9.281309096300771e-05,0.9999644687590069,0.9999546795351729,0.9999438026263132,0.9999383641767918,0.9999329257123434,0.9999274872579197,0.999922048813765,0.9999166103470677,0.999928574946813,0.9999416272452571
298,0.0009281887238703655,3.356194838113488e-17,0.0,0.04927001612524088,0.0,9.28213710173053e-05,9.281654854133552e-05,9.281788643772815e-05,9.282066159810136e-05,9.281789089063668e-05,9.281789125909108e-05,9.282066258457008e-05,9.281788798701056e-05,9.281655040994669e-05,9.282137314464006e-05,0.004927006722042731,0.004926996863209955,0.0049269995980797615,0.004927005270974337,0.004926999606298587,0.004926999606523284,0.004927005271519664,0.0049269995989497896,0.0049269968643037565,0.004927006723339012,1.000000682216651,1.0000008701784906,1.0000010790187452,1.000001183434175,1.0000012878639002,1.000001392284027,1.0000014966943211,1.000001601126201,1.00000137140192,1.000001120786131
299,0.04927001185332249,3.0773890965950954e-17,0.0,0.04834182312945213,0.0,0.004926998791419444,0.004927003409426114,0.00492700212851552,0.00492699947146331,0.004927002124949687,0.004927002125052563,0.004926999471689588,0.004927002128883902,0.004927003409909476,0.004926998792012885,0.004834177420402139,0.004834186860884778,0.004834184242077792,0.0048341788098652085,0.00483418423405905,0.004834184233793472,0.004834178809105018,0.004834184240896891,0.00483418685949953,0.004834177418868245,1.0000362134606813,1.000046190634611,1.000057276389392,1.0000628192712833,1.0000683621394868,1.0000739050168825,1.000079447903694,1.000084990769836,1.0000727964395764,1.000059493541003
300,0.04834182722008596,2.8217450260592086e-17,0.0,0.0009281846332365304,0.0,0.004834185014795835,0.004834180592734659,0.004834181819238868,0.0048341843634006725,0.004834181822345222,0.004834181822086427,0.004834184362677085,0.004834181818109514,0.004834180591396729,0.0048341850133009475,-9.281377662360892e-05,-9.282281669145513e-05,-9.282030927665243e-05,-9.28151080626374e-05,-9.282030260446446e-05,-9.282030296613609e-05,-9.281510901250345e-05,-9.282031077438753e-05,-9.282281851274738e-05,-9.281377871193756e-05,1.000035531241123,1.000045320464459,1.000056197373559,1.0000616358237988,1.0000670742871445,1.0000725127416878,1.0000779511872149,1.0000833896525345,1.0000714250525249,1.0000583727547456
