step,J,D,stress,movement,active_directed_pairs,x_0,x_1,x_2,x_3,x_4,x_5,x_6,x_7,x_8,x_9,v_0,v_1,v_2,v_3,v_4,v_5,v_6,v_7,v_8,v_9,y_0,y_1,y_2,y_3,y_4,y_5,y_6,y_7,y_8,y_9
1,1.1830720264299417,0.1448492691026211,0.0,1.129699105646507,18.0,0.12496714153011232,-0.12138264301171184,-0.0456353029247541,0.13523029856408025,-0.12234153374723336,-0.1223413695694918,0.1357921281550739,0.12526126463227497,-0.12469474385934952,0.12542560043585965,0.12,-0.12,-0.052112188305761024,0.12,-0.12,-0.12,0.12,0.11758691734074588,-0.12,0.12,0.9999347970275484,1.0002086383821407,0.9999333699312093,0.9994618694004592,1.0000196858092214,1.0004682185535354,0.9998015887557861,1.0005001686081885,1.0008029634978728,1.0004363247518542
2,2.192929087457815,0.5031130224956966,0.0,1.1011276668773817,18.0,0.2353336852451044,-0.24138264301171183,0.05225250876948486,0.23744499135959782,-0.24209996933720176,-0.232096192211135,0.23686452925109325,0.23878025043602902,-0.23124871740059771,0.24542560043585965,0.11036654371499209,-0.12,0.09788781169423896,0.10221469279551756,-0.1197584355899684,-0.1097548226416432,0.10107240109601934,0.11351898580375404,-0.1065539735412482,0.12,1.00012392008724,1.0006047461947432,1.0000600212637345,0.999167882712931,1.0001875946046523,1.0007919723213927,0.9995827127540776,1.0009557490865573,1.00153018716228,1.000890652933302
3,1.9005070925838183,0.3964582436300476,0.0,0.292421994873997,18.0,0.2224107996898788,-0.21681998149712775,0.0001403204637238295,0.21562252942592008,-0.21360307614798824,-0.19185101485277822,0.1879369303471126,0.21733381683757796,-0.1974243783643127,0.2373642449573981,-0.012922885555225569,0.024562661514584083,-0.05211218830576103,-0.021822461933677734,0.02849689318921353,0.040245177358356796,-0.04892759890398066,-0.02144643359845104,0.033824339036285025,-0.00806135547846154,1.0000437447728494,1.000480380394937,0.999999773473604,0.999224687632262,1.0000736088150572,1.0007090576524724,0.9996505352385373,1.0009322464866015,1.0014070777483621,1.000899648036425
4,1.3990582595346353,0.22597988432748808,0.0,0.5591728421590152,18.0,0.15730501771013333,-0.18863357421817456,-0.028862004554916092,0.18159051969326576,-0.17487665607566696,-0.07185101485277823,0.0679369303471126,0.17573412770593716,-0.175171972468048,0.17709644190860258,-0.06510578197974547,0.02818640727895319,-0.029002325018639922,-0.03403200973265433,0.03872642007232127,0.12,-0.12,-0.04159968913164082,0.02225240589626469,-0.06026780304879553,0.9999081000823616,1.0002758208847404,0.9998823484085702,0.9994921553729009,0.9999726829642317,1.0005386568959704,0.9996191443803172,1.000610317347929,1.0007881486096897,1.0006047188977525
5,1.4499607407370094,0.2394094813178011,0.0,0.4521328611886068,18.0,0.15290269502084058,-0.19769136804187806,0.0911379954450839,0.19294146666705095,-0.1822163755864664,0.04814898514722177,-0.0520630696528874,0.17001801363640995,-0.20759113311005722,0.1552496384291131,-0.004402322689292734,-0.009057793823703503,0.12,0.011350946973785192,-0.007339719510799425,0.12,-0.12,-0.005716114069527198,-0.03241916064200924,-0.021846803479489474,1.0001019674977254,1.0004926739677262,1.0000826871226567,0.999995437222618,1.0001662308392212,1.0004994851373064,0.999454866598009,1.0003888209727767,1.0002696522345373,1.0004102225226001
6,1.7310946313434932,0.31073159477417406,0.0,0.45727732585830855,18.0,0.21560714496464162,-0.15572893697366777,0.0611379954450839,0.22746277176045532,-0.1661070890287642,0.16814898514722176,-0.1720630696528874,0.1764744422905567,-0.22156011374024626,0.16680408233996802,0.06270444994380102,0.04196243106821029,-0.03,0.03452130509340437,0.01610928655770219,0.12,-0.12,0.006456428654146737,-0.013968980630189018,0.011554443910854917,1.0002197951548546,1.0006804072676696,1.0003066663173548,1.000431765409892,1.0002124681975626,1.0006186075494614,0.9994600810783646,1.0003967858065768,0.9999806170683374,1.0004451873564002
7,1.866670359367183,0.36879618664827685,0.0,0.33443017959263743,18.0,0.20829681725177512,-0.15026712743124587,-0.058862004554916095,0.2213567050762897,-0.17582896638672646,0.24509514226439794,-0.23422624486543095,0.18605930683169764,-0.20214908734031045,0.18452895736439276,-0.0073103277128664795,0.005461809542421897,-0.12,-0.006106066684165606,-0.00972187735796226,0.07694615711717617,-0.06216317521254355,0.009584864541140922,0.01941102639993579,0.01772487502442474,0.9999936505046345,1.000441897832414,1.0000462826580439,1.0003716924318584,0.999975952296426,1.0006261273771075,0.999541110424206,1.000559510829681,0.9999529003525767,1.0005853112137133
8,1.7040939206741421,0.31526138351433525,0.0,0.374519864529545,18.0,0.1392970072038192,-0.20758857463369149,-0.028862004554916096,0.170661155250883,-0.20190102013700728,0.199670775192883,-0.1861783203971783,0.19504242659492166,-0.17676858714214772,0.19812404956669438,-0.06899981004795593,-0.05732144720244561,0.03,-0.05069554982540672,-0.02607205375028082,-0.045424367071514926,0.04804792446825265,0.00898311976322401,0.025380500198162723,0.013595092202301623,0.9998507372697741,1.000196326109157,0.9997420488138489,1.0000481830227261,0.9998724535627018,1.0004949042686908,0.99959249437981,1.000715440342406,1.0002212551738034,1.0007239366388758
9,1.665524787007737,0.2844566826857122,0.0,0.256487909654619,18.0,0.1452710874585395,-0.21874099818576,0.0910467960300214,0.15422159642618802,-0.19061206050587262,0.15708223082390127,-0.16220492231903968,0.19209439115964977,-0.15534056637477361,0.1989101377239911,0.005974080254720307,-0.011152423552068524,0.1199088005849375,-0.016439558824694972,0.01128895963113466,-0.04258854436898174,0.023973398078138614,-0.0029480354352718757,0.021428020767374087,0.0007860881572967215,1.0000814392378152,1.0003937379705783,0.9999648608344401,1.0001575233876603,1.0000640871695414,1.0004620790308294,0.9996604575139858,1.0007606563649425,1.0003718778436532,1.0008098311339146
10,1.6901474082042176,0.28853997822210886,0.0,0.30172906950821377,18.0,0.21882452803848906,-0.1560903834247898,0.060955596614958904,0.19994237423852831,-0.16224383143124116,0.17309852258925454,-0.17386072252834678,0.18330639700036527,-0.17157010136017048,0.1902549509780731,0.07355344057994957,0.0626506147609702,-0.030091199415062497,0.045720777812340296,0.028368229074631462,0.01601629176535327,-0.011655800209307093,-0.008787994159284482,-0.01622953498539688,-0.008655186745918003,1.0002477304177595,1.0006526137255924,1.0002875651048722,1.0004205708354286,1.000196989238496,1.0006234403758154,0.9996781112486978,1.000685270328969,1.0002568514855608,1.0007262754363873
11,1.7229163938683003,0.30993549769983,0.0,0.23767700044819814,18.0,0.21774400403014543,-0.13763815199284746,-0.05904440338504109,0.21792211687284285,-0.16929059764006746,0.19992913731351092,-0.1778457443076352,0.17954098082118314,-0.19190654568458432,0.17205471182044255,-0.0010805240083436446,0.018452231431942356,-0.12,0.01797974263431454,-0.0070467662088262994,0.02683061472425638,-0.003985021779288417,-0.003765416179182149,-0.020336444324413852,-0.018200239157630554,1.000031701094353,1.0004729933810204,1.0000920895363303,1.0002929597457404,1.0000295563254986,1.0006609936204935,0.9996151957149197,1.000576784212004,1.0000819595971528,1.0005621431067835
12,1.6583064387241921,0.2973777620997262,0.0,0.25099598246931054,18.0,0.14523645198944074,-0.19789501792632275,-0.029044403385041093,0.17592878820140798,-0.1972757189471134,0.18856406587799415,-0.18030932409657166,0.18185096592009858,-0.18996952902553116,0.1722321733546705,-0.07250755204070468,-0.06025686593347529,0.03,-0.041993328671434876,-0.027985121307045946,-0.011365071435516766,-0.0024635797889364652,0.002309985098915432,0.0019370166590531451,0.0001774615342279573,0.9998586762521121,1.0002149320482199,0.9997710616805889,1.0000416885334513,0.9998665380116245,1.0004507320130338,0.9994960722004955,1.0005212261531986,1.0000545300901504,1.0005413652652113
13,1.7052555989037033,0.2995295205479622,0.0,0.22111871874533837,18.0,0.14271186995387242,-0.2201284868079549,0.0909555966149589,0.1612760495033119,-0.19353187075231978,0.16290525565402433,-0.1860674241880994,0.18189307086959727,-0.1785091322800864,0.1872768422794777,-0.0025245820355683096,-0.022233468881632162,0.12,-0.01465273869809608,0.0037438481947936197,-0.02565881022396982,-0.005758100091527746,4.210494949867527e-05,0.011460396745444731,0.015044668924807186,1.0000545028753347,1.000381086875579,0.9999456401663863,1.0001561696496923,1.000000489971107,1.0003688071294936,0.9994799193625671,1.000547425414453,1.0001442349067093,1.0006466169520172
14,1.704078454473939,0.2945606966781643,0.0,0.24509506937679265,18.0,0.2122510167475089,-0.16273628553923686,0.060955596614958904,0.1988694161690269,-0.16657789643996965,0.173486407941805,-0.1804514452573141,0.18226290437113102,-0.17533517988866143,0.19115230550432596,0.0695391467936365,0.05739220126871805,-0.03,0.037593366665715,0.026953974312350137,0.01058115228778067,0.005615978930785304,0.00036983350153375893,0.0031739523914249695,0.0038754632248482745,1.0002217239373161,1.0006244345050583,1.0002496342380685,1.0003924742251153,1.0001615649726447,1.0005849638940234,0.9996299475096319,1.000649886807699,1.0002205079480428,1.0007077268502376
15,1.717193148035145,0.30505949201985794,0.0,0.21446810593403842,18.0,0.21476151155736467,-0.14162101756873857,-0.05904440338504109,0.21250568286787783,-0.1689648824491351,0.20085283307938034,-0.16780524513608908,0.18961973271816918,-0.17682517524875707,0.18519266402459214,0.0025104948098557817,0.021115267970498286,-0.12,0.01363626669885093,-0.0023869860091654538,0.02736642513757534,0.012646200121225026,0.007356828347038144,-0.0014899953600956278,-0.005959641479733824,1.0000358670442153,1.0004661910520227,1.000086020066512,1.000293202787781,1.0000631817285845,1.000724099372878,0.9997367760630371,1.0007419722896307,1.0002448615277593,1.0006979356896266
16,1.661438990240928,0.29717690815492215,0.0,0.22715529023601397,18.0,0.14777943177117686,-0.19636761133637642,-0.029044403385041093,0.17612875187273822,-0.19334403472803388,0.19364059301989678,-0.1701837574979539,0.19314183356313996,-0.17594170207445237,0.18586687099211818,-0.0669820797861878,-0.05474659376763785,0.03,-0.03637693099513961,-0.02437915227889878,-0.007212240059483566,-0.002378512361864815,0.003522100844970774,0.0008834731743047192,0.000674206967526042,0.9998843175941725,1.0002409783167148,0.9998059542385767,1.00008571247341,0.9999354953160202,1.0005527151052853,0.9996418380212087,1.000704162788945,1.0002249023212209,1.0006843984664653
17,1.7097767817035991,0.2995127684997919,0.0,0.21008250657545102,18.0,0.14679319658440998,-0.21556907685923,0.0909555966149589,0.16618615480331006,-0.19048397952232116,0.16627348458019756,-0.18507584196428598,0.18246987529339825,-0.17898931771776166,0.18698025776372557,-0.0009862351867668678,-0.019201465522853567,0.12,-0.009942597069428155,0.002860055205712725,-0.027367108439699223,-0.014892084466332084,-0.010671958269741724,-0.0030476156433092844,0.001113386771607383,1.0000716024941538,1.0004081294576306,0.9999795405037053,1.0001928965626523,1.000032713085402,1.0004027173967283,0.9995023740824407,1.0005620214063184,1.0001504945319826,1.000650199305286
18,1.6996677318921507,0.2958598645875494,0.0,0.24291393577951442,18.0,0.2136683344878057,-0.16036993174780964,0.060955596614958904,0.2007655086754512,-0.16793562352201472,0.1700727221245596,-0.1879159330448542,0.17237841686603833,-0.18729794030132751,0.17830772450733084,0.0668751379033957,0.05519914511142035,-0.03,0.034579353872141144,0.02254835600030644,0.0037992375443620385,-0.0028400910805682356,-0.010091458427359909,-0.008308622583565836,-0.008672533256394721,1.0002126839697114,1.0006192341247793,1.0002413789718547,1.0003738567075544,1.0001190663308361,1.0005135531262623,0.9995170144592455,1.0004966581823822,1.000075728195124,1.0005831012143451
19,1.709604076995466,0.3042995983331312,0.0,0.19879485605284938,18.0,0.2127833436623685,-0.14397276183243332,-0.05904440338504109,0.2086093903312408,-0.17369730839164055,0.19396802535742863,-0.175894283769269,0.18019874430079508,-0.18697251886496757,0.17446329710028133,-0.0008849908254371791,0.01639716991537632,-0.12,0.007843881655789586,-0.005761684869625833,0.023895303232869036,0.012021649275585217,0.00782032743475676,0.00032542143635995446,-0.0038444274070495166,1.0000117675297935,1.0004342015452143,1.000043382601333,1.0002361959501485,0.9999880384838575,1.0006213997370303,0.999610002287185,1.0005896348587797,1.00010956399602,1.0005844785621971
20,1.6603554095780284,0.2975958916417748,0.0,0.2603364227094586,18.0,0.14478665825764675,-0.2004856582385521,-0.029044403385041093,0.171946911330388,-0.19622952705957084,0.1909833826650597,-0.17100832183333217,0.19352806544132883,-0.1747097428353998,0.18763273853170906,-0.06799668540472174,-0.056512896406118784,0.03,-0.03666247900085279,-0.022532218667930287,-0.0029846426923689218,0.004885961935936822,0.013329321140533743,0.012262776029567782,0.01316944143142773,0.9998712003738917,1.0002193928693357,0.9997778764334517,1.0000550983168999,0.9999091407596756,1.0005274902771846,0.9996289620918091,1.0007037390202376,1.0002310551481415,1.0006927776170915
21,1.7154379939103988,0.30032936822900014,0.0,0.19505075029145247,18.0,0.14581834438341867,-0.2163285924351337,0.0909555966149589,0.16715941118588082,-0.18792566405131436,0.17101507293435989,-0.17815485577123458,0.19137202715645923,-0.16898577440923296,0.1977226549684057,0.0010316861257719107,-0.015842934196581587,0.12,-0.004787500144507184,0.008303863008256473,-0.019968309730699824,-0.007146533937902405,-0.0021560382848695853,0.005723968426166862,0.010089916436696628,1.0000834726962688,1.0004219705039203,0.9999991377598049,1.0002255453003999,1.0000852447229027,1.0004812878284286,0.999610484831388,1.0007006315360218,1.0002773692305094,1.0007583873410917
22,1.705826107272156,0.29505055768545707,0.0,0.2635975395674942,18.0,0.2157610113881217,-0.1572615128916358,0.060955596614958904,0.20564047777606337,-0.16258505153645547,0.1770685309721862,-0.18048129410102487,0.18027601802619414,-0.17917497091135642,0.18662164305415893,0.06994266700470302,0.05906707954349788,-0.03,0.03848106659018255,0.02534061251485889,0.006053458037826309,-0.0023264383297902924,-0.01109600913026508,-0.010189196502123452,-0.011101011914246756,1.0002363789473392,1.0006528009148357,1.0002869845488787,1.0004339517976608,1.0001943391863923,1.000611926465212,0.9996311033393448,1.0006267677506095,1.0001885231364533,1.0006758226305261
23,1.7099779341748467,0.30472623867397686,0.0,0.19858244036372225,18.0,0.21550206413908984,-0.14098429660816794,-0.05904440338504109,0.211384835203483,-0.1716005885082503,0.19551763536918715,-0.17551032780646583,0.17947395086596268,-0.18828870236330647,0.17267112992589237,-0.00025894724903187394,0.01627721628346787,-0.12,0.005744357427419633,-0.00901553697179483,0.018449104397000954,0.004970966294559037,-0.0008020671602314705,-0.009113731451950033,-0.013950513128266562,1.0000213971244791,1.000449451415766,1.0000633500916225,1.0002563284525736,1.0000045008346539,1.00063574206703,0.9996145783632985,1.0005834447509419,1.0000995386034033,1.0005734164884805
24,1.6551423031577008,0.2963452907550076,0.0,0.2596524381707431,18.0,0.145024679328771,-0.20086177336628963,-0.029044403385041093,0.1695268439281578,-0.199871689985528,0.18552935155968478,-0.17780437680869793,0.18556604333702081,-0.18336832766450833,0.17854481379400128,-0.07047738481031883,-0.05987747675812169,0.03,-0.04185799127532519,-0.02827110147727771,-0.009988283809502368,-0.002294049002232096,0.0060920924710581165,0.0049203746987981495,0.005873683868108909,0.9998568793394306,1.000200171198385,0.9997504598959176,1.000013861723934,0.9998501471996024,1.0004452078024564,0.9995243057113585,1.0005766057603807,1.0001174206152705,1.000597492432654
25,1.7101629527232682,0.30070327494007987,0.0,0.2025381501247253,18.0,0.14346052408251103,-0.21940905942172115,0.0909555966149589,0.1625686674381841,-0.19316255340110217,0.16455118505387004,-0.1849141248502461,0.18442209762829487,-0.1760075613051707,0.19071158292720905,-0.0015641552462599545,-0.018547286055431517,0.12,-0.006958176489973711,0.0067091365844258455,-0.020978166505814744,-0.007109748041548181,-0.0011439457087259602,0.00736076635933762,0.012166769133207772,1.000061052154494,1.000390253706056,0.9999556379609037,1.0001692304364005,1.0000155315678942,1.0003912461295499,0.9995076207598764,1.0005858880974081,1.0001786239144,1.0006778920514956
26,1.7054486921803242,0.29484411130082205,0.0,0.2551479322936788,18.0,0.21360687589955224,-0.159424355089695,0.060955596614958904,0.20383219542398748,-0.16359360045020088,0.17647221528170837,-0.1803153280153364,0.18114791120800366,-0.17789348714985515,0.1882071270470259,0.07014635181704122,0.059984704332026156,-0.03,0.04126352798580338,0.029568952950901284,0.01192103022783833,0.004598796834909713,-0.003274186420291217,-0.001885925844684458,-0.0025044558801831374,1.0002299160136108,1.0006426762093443,1.0002745906083315,1.0004229900586892,1.0001872320323142,1.0006073695986906,0.999634244918435,1.0006375295732317,1.0002007608404093,1.0006876122260508
27,1.7147906923875333,0.3047902260524346,0.0,0.2082787561238641,18.0,0.2159218307338432,-0.1398683486336929,-0.05904440338504109,0.21434241626093833,-0.16752489817008606,0.20115272032481227,-0.1688633662853188,0.18687499760106563,-0.18049539710305795,0.18070231388967714,0.002314954834290936,0.019556006456002084,-0.12,0.010510220836950857,-0.0039312977198851795,0.0246805050431039,0.011451961730017585,0.00572708639306195,-0.0026019099532028217,-0.007504813157348772,1.0000373524894846,1.000471395882413,1.0000944648615302,1.0003008233728434,1.0000651849329711,1.0007180742270474,0.9997154703332444,1.0007022716635048,1.0002044186807009,1.000660349769671
28,1.6598858306220359,0.2969742423363921,0.0,0.25015342736396273,18.0,0.1473414384205703,-0.19778224881287348,-0.029044403385041093,0.1736828450488148,-0.19525485544171584,0.19132380320495015,-0.17177585188406833,0.19178219839172722,-0.17703513318358638,0.1848630528486883,-0.06858039231327291,-0.05791390017918058,0.03,-0.040659571212123546,-0.027729957271629774,-0.009828917119862113,-0.0029124855987495146,0.004907200790661578,0.0034602639194715873,0.004160738959011145,0.9998778411947112,1.0002295489559352,0.9997902255311912,1.0000648410022557,0.999912553244049,1.000525796100438,0.9996164276696857,1.000679663897794,1.0002061374848616,1.0006699322849486
29,1.7101483098347317,0.3004271964280562,0.0,0.20908358839057556,18.0,0.14504277476242322,-0.2180148436460981,0.0909555966149589,0.16333166099799235,-0.1928695110309649,0.16443273557111365,-0.18557980521376466,0.18334230694138537,-0.17731933959044327,0.1892597354655872,-0.002298663658147085,-0.02023259483322462,0.12,-0.010351184050822443,0.0023853444107509447,-0.026891067633836502,-0.013803953329696333,-0.008439891450341838,-0.0002842064068568767,0.004396682616898906,1.0000645235673764,1.0003952701808974,0.9999613137810778,1.000172477055687,1.0000147849603525,1.000387341134249,0.9994980386010183,1.0005707466080342,1.0001637755874957,1.0006648410615728
30,1.700654798825627,0.2956405687585937,0.0,0.25009439211404005,18.0,0.2126821756410694,-0.16106875583766503,0.060955596614958904,0.2006124753756736,-0.16773144845007298,0.17084116777340144,-0.18669627685029688,0.17415863081804894,-0.1851746610477636,0.1807336104166763,0.06763940087864616,0.05694608780843308,-0.03,0.03728081437768124,0.025138062580891907,0.006408432202287789,-0.0011164716365322236,-0.009183676123336412,-0.007855321457320305,-0.008526125048910899,1.0002128070444607,1.0006190473070964,1.0002416515480836,1.0003773625012073,1.0001269658441558,1.000526659765392,0.9995371193204556,1.0005244910146245,1.0001016591243854,1.0006057390718812
31,1.710354028778292,0.3043700493708443,0.0,0.20541427503764573,18.0,0.21369892940408036,-0.14247863616720446,-0.05904440338504109,0.21079518255268223,-0.17157296035185673,0.19614673210980033,-0.17424812702862497,0.18123296046555015,-0.18626614333217445,0.17486995398127736,0.0010167537630109552,0.018590119670460564,-0.12,0.010182707177008643,-0.0038415119017837507,0.025305564336398884,0.012448149821671917,0.007074329647501196,-0.0010914822844108468,-0.005863656435398934,1.0000186073579795,1.0004454676026486,1.000059428441857,1.0002563980491332,1.0000103319581193,1.000646718293574,0.9996331196974085,1.000609344952887,1.0001238817909153,1.0005943517338927
32,1.6604852644593269,0.29726747422696603,0.0,0.2558822499127148,18.0,0.14638073463841644,-0.19863731562751774,-0.029044403385041093,0.17358295346850067,-0.1949882337030422,0.1920021561656354,-0.17072561361476307,0.19311944464009095,-0.1755881494242067,0.18641625979211254,-0.0673181947656639,-0.05615867946031328,0.03,-0.037212229084181564,-0.023415273351185456,-0.004144575944164924,0.003522513413861894,0.011886484174540787,0.01067799390796774,0.011546305810835183,0.9998769730724367,1.0002284785532105,0.9997897550273787,1.0000673463721268,0.9999192409874802,1.0005363952891455,0.9996317871376855,1.0006996655403158,1.000224460203806,1.0006854193605657
33,1.7148402195815395,0.30034699773456447,0.0,0.20017744998862697,18.0,0.14622519790479177,-0.21626542112211955,0.0909555966149589,0.16652522299938835,-0.18880592221716072,0.1698333760146593,-0.17945828915436318,0.1900393831018678,-0.17036572575385833,0.19636608469837152,-0.0001555367336246588,-0.01762810549460181,0.12,-0.007057730469112317,0.00618231148588147,-0.022168780150976092,-0.00873267553960011,-0.0030800615382231417,0.005222423670348378,0.00994982490625898,1.0000816899666578,1.0004189035432316,0.999994090218243,1.0002170238067079,1.0000731044642583,1.0004652495859243,0.999591383973226,1.0006789328340715,1.0002585952284353,1.000743132609152
34,1.7048117396043045,0.2952078042424784,0.0,0.25609715385431175,18.0,0.21459512851437645,-0.15879278451103152,0.060955596614958904,0.20378254891235315,-0.1642852718221159,0.1752138295129753,-0.1819249803393895,0.1792428137645078,-0.17992566148650502,0.18609312412609105,0.0683699306095847,0.057472636611088035,-0.03,0.037257325912964795,0.024520650395044807,0.005380453498315979,-0.0024666911850263207,-0.010796569337359993,-0.009559935732646699,-0.01027296057228047,1.0002293674321716,1.000642027093719,1.0002723852321194,1.0004163360366696,1.000175237225358,1.0005898023817124,0.9996103768864824,1.0006080830420077,1.0001744288139631,1.0006656262608795
35,1.7095923215843893,0.304485841118518,0.0,0.1992135892256331,18.0,0.21426095876780155,-0.14214727525004126,-0.05904440338504109,0.21055319720064164,-0.17217686775927274,0.19509989466311056,-0.1756173543616897,0.17962713969150923,-0.18794570840174096,0.1731195221035409,-0.00033416974657492216,0.01664550926099026,-0.12,0.006770648288288494,-0.007891595937156826,0.019886065150135274,0.006307625977699793,0.00038432592700142487,-0.00802004691523596,-0.012973602022550157,1.0000173600600961,1.0004437302844276,1.0000563323319691,1.0002499522769237,0.9999996673786661,1.0006313566883567,0.99961295748256,1.0005846338221178,1.0001017615828267,1.0005759284396032
36,1.6558893164442088,0.2964336687056763,0.0,0.2526514370315839,18.0,0.14513334390305133,-0.20047656762769253,-0.029044403385041093,0.1704529046625429,-0.19884271842492096,0.18682337873907878,-0.1765605403021738,0.18671957086822133,-0.18227291064273937,0.17956297788874676,-0.06912761486475023,-0.058329292377651276,0.03,-0.04010029253809874,-0.026665850665648222,-0.00827651592403178,-0.0009431859404840925,0.007092431176712113,0.005672797759001577,0.006443455785205859,0.999860051165257,1.0002052182971986,0.9997578221807425,1.0000242800288526,0.9998633171640504,1.000461751834933,0.9995424250344668,1.0005958462012974,1.000133458338918,1.000610171797734
37,1.7112604173422776,0.3004601155251889,0.0,0.19999724043507738,18.0,0.14461290721688458,-0.21813041125598562,0.0909555966149589,0.16395760832304873,-0.1918277227473799,0.1660079584312459,-0.18365909737194422,0.18548372175401928,-0.17508624238451304,0.1915391512422974,-0.0005204366861667614,-0.017653843628293087,0.12,-0.0064952963394941665,0.007014995677541075,-0.02081542030783287,-0.007098557069770417,-0.001235849114202034,0.0071866682582263225,0.01197617335355064,1.0000674195313515,1.0003994336882056,0.999967821312024,1.0001834635843985,1.0000311394192225,1.0004099592314462,0.9995264234110807,1.000604480422705,1.0001936107255878,1.000689490288492
38,1.7057658167534657,0.29492980608897496,0.0,0.25241842465359365,18.0,0.2143529055563297,-0.1587586251911298,0.060955596614958904,0.20422497957909788,-0.16341151732290687,0.17657314919014608,-0.18030134649885496,0.18110759826131828,-0.1779755940625095,0.18810450447621377,0.06973999833944512,0.059371786064855825,-0.03,0.04026737125604915,0.028416205424473012,0.010565190758900167,0.0033577508730892602,-0.0043761234927010145,-0.0028893516779964906,-0.0034346467660836266,1.0002322856113237,1.0006458411949715,1.000278165280995,1.0004258074027395,1.0001890386018686,1.000609058252876,0.9996348795479314,1.0006374081645153,1.0002003896202696,1.0006872032558165
39,1.7139849500508602,0.30472324854387933,0.0,0.20409233453830516,18.0,0.215510827543605,-0.1404530083980353,-0.05904440338504109,0.21344555310408064,-0.16851596747822645,0.19996493589322564,-0.170035903911306,0.1857695318511116,-0.18155025863486762,0.17969455985136074,0.0011579219872753371,0.018305616793094504,-0.12,0.009220573524982761,-0.005104450155319573,0.023391786703079565,0.010265442587548967,0.004661933589793318,-0.0035746645723580966,-0.008409944624853033,1.0000334784808986,1.0004657057259343,1.0000865447991083,1.0002905183982602,1.0000526349459264,1.0007022907526841,0.9996981801929485,1.0006838102592728,1.0001888970429371,1.0006479939834976
40,1.6588638935056166,0.29688746308254366,0.0,0.25130975478370754,18.0,0.14640811981015517,-0.19885477916356617,-0.029044403385041093,0.17263270795779648,-0.19625517478470003,0.19014690572922058,-0.17288612638238107,0.19070713353810143,-0.1780684360141312,0.1838601067405234,-0.06910270773344983,-0.05840177076553088,0.03,-0.040812845146284166,-0.027739207306473584,-0.009818030164005065,-0.002850222471075081,0.004937601686989798,0.003481822620736444,0.004165546889162652,0.9998723340419867,1.0002219152756013,0.9997803411323356,1.0000533037622719,0.999899707498222,1.000509805789914,0.9995993089828549,1.0006614109863698,1.00019079739469,1.0006575899359225
41,1.7099681492638932,0.3004345144009849,0.0,0.20581025514382223,18.0,0.14466182199087863,-0.2183069158173513,0.0909555966149589,0.1632434055539925,-0.19288160290673784,0.1644579821329407,-0.18553009279020544,0.18337059457590682,-0.17729447436591667,0.1892656625150044,-0.0017462978192765571,-0.019452136653785118,0.12,-0.009389302403803979,0.003373571877962195,-0.02568892359627989,-0.012643966407824364,-0.0073365389621945915,0.0007739616482145412,0.005405555774481013,1.0000634601069605,1.0003940280032073,0.9999600443966672,1.0001717844427587,1.0000146865846373,1.000387325499865,0.9994982800093655,1.0005710352268937,1.0001640017211149,1.0006649329716484
42,1.7015379907435182,0.2955174483509731,0.0,0.25060937529534233,18.0,0.21319989465006356,-0.16039313722136303,0.060955596614958904,0.20144757791251833,-0.16685408986287406,0.17194195196833312,-0.18559361717950082,0.17526166260875248,-0.1840943435110019,0.18179611921415226,0.06853807265918492,0.05791377859598826,-0.03,0.03820417235852583,0.026027513043863776,0.007483969835392429,-6.352438929538295e-05,-0.008108931967154329,-0.006799869145085249,-0.007469543300852144,1.000216941744094,1.0006248730893668,1.0002494513871754,1.0003871878605195,1.0001387042852583,1.000541624574482,0.9995537960471496,1.0005427796516888,1.000117223320567,1.000618326086952
43,1.7113309391849234,0.3045111267486242,0.0,0.2054510066164311,18.0,0.21442015543525006,-0.14173162276264945,-0.05904440338504109,0.211579372511199,-0.1707657997205341,0.19711857870153396,-0.17323963241971818,0.18228348503662156,-0.18520970325228175,0.17593818596009436,0.001220260785186486,0.018661514458713585,-0.12,0.01013179459868066,-0.0039117098576600395,0.02517662673320084,0.012353984759782638,0.0070218224278690705,-0.0011153597412798671,-0.0058579332540578954,1.0000230562710837,1.000451504500419,1.0000672814510476,1.0002656827234964,1.0000211630218143,1.0006606221416394,0.9996487633470597,1.000626777774046,1.0001389092917599,1.000606656299293
44,1.6604679582585373,0.2972547083689671,0.0,0.25554382749401966,18.0,0.14649263021330594,-0.1985729167351908,-0.029044403385041093,0.1735206851942199,-0.1950562116110487,0.1918914897299493,-0.17082270717354395,0.19304583813876514,-0.17563652579876093,0.18638455027871156,-0.06792752522194413,-0.05684129397254137,0.03,-0.03805868731697909,-0.02429041189051459,-0.005227088971584665,0.002416925246174234,0.01076235310214356,0.009573177453520806,0.010446364318617202,0.9998771103027729,1.0002284896902913,0.9997896132141664,1.00006677960046,0.9999183106349494,1.0005352496375983,0.999630615193814,1.0006985395271295,1.000223608090048,1.0006848293994164
45,1.7139304546822942,0.30039822576670544,0.0,0.20211112400184653,18.0,0.1457228827143111,-0.21684703725702237,0.0909555966149589,0.16579695543312392,-0.18960568738481207,0.16882627275155904,-0.18051688741355812,0.18893402682456933,-0.1714776451736706,0.19524746311470853,-0.0007697474989948466,-0.018274120521831555,0.12,-0.0077237297610959765,0.005450524226236625,-0.023065216978390257,-0.009694180240014172,-0.004111811314195815,0.004158880625090358,0.008862912835996967,1.0000777924355857,1.0004135312703377,0.9999869184737219,1.0002080376071176,1.000062176094781,1.0004510880493358,0.9995751946322867,1.0006607676169146,1.0002429225918545,1.0007303181878713
46,1.7039572288391995,0.2952723184107566,0.0,0.25616240587061956,18.0,0.21411247553359292,-0.1593257392998938,0.060955596614958904,0.2031514737694683,-0.16494948957687383,0.17437720382537955,-0.18284224829750678,0.17825151363460617,-0.1809518320740377,0.1850396562128814,0.06838959281928182,0.05752129795712857,-0.03,0.03735451833634437,0.024656197807938235,0.005550931073820514,-0.002325360883948663,-0.010682513189963175,-0.009474186900367124,-0.010207806901827127,1.0002258211003072,1.0006372028346904,1.0002660664831424,1.0004085982206399,1.000165862189634,1.0005775277931084,0.9995961477876919,1.0005917929789583,1.0001602093994906,1.000653883469894
47,1.7096807982501814,0.30448917364232453,0.0,0.2004809678802301,18.0,0.21428355841639196,-0.14208889068311592,-0.05904440338504109,0.2106569232527873,-0.1720662109867793,0.19525339337589573,-0.1754691512629203,0.1797627598936714,-0.1878290077489977,0.17322649924458058,0.00017108288279905903,0.017236848616777878,-0.12,0.007505449483318993,-0.007116721409905463,0.020876189550516178,0.0073730970345864955,0.0015112462590652492,-0.006877175674960004,-0.01181315696830082,1.0000177588464136,1.0004443391160007,1.0000571901412805,1.0002511594860235,1.0000011827804396,1.0006332687792217,0.9996150271352254,1.0005868155448963,1.000103563396291,1.0005773301047007
48,1.656754954051607,0.29656146781897225,0.0,0.25200518934322824,18.0,0.14554497892069085,-0.1999647196695417,-0.029044403385041093,0.171100701232067,-0.1981200351885147,0.1877655100161713,-0.1755405862753357,0.1878169590169067,-0.18114617585424242,0.1807108844930958,-0.06873857949570113,-0.05787582898642579,0.03,-0.03955622202072029,-0.02605382420173541,-0.007487883359724418,-7.143501241541061e-05,0.008054199123235309,0.006682831894755284,0.0074843852485152185,0.9998636373223576,1.0002101162423525,0.9997643461631784,1.0000325800789254,0.9998735649294616,1.000475209460679,0.9995581200867433,1.0006137894010816,1.0001490697637916,1.000623029346735
49,1.7119839381513304,0.30044231573316443,0.0,0.20049183816904845,18.0,0.14493799370155613,-0.21776604105121655,0.0909555966149589,0.1644416690092135,-0.19125052022911831,0.1667471086292596,-0.1828313027636011,0.18639922588750607,-0.17413081912231781,0.19252366114258246,-0.0006069852191347008,-0.01780132138167484,0.12,-0.006659032222853495,0.006869514959396389,-0.021018401386911717,-0.007290716488265403,-0.0014177331294006473,0.007015356731924591,0.011812776649486656,1.0000702507561054,1.000403245135849,0.9999729314653336,1.000189964267694,1.0000393012648878,1.000420798926702,0.9995392924667229,1.0006193734935946,1.0002066743997373,1.000700318917199
50,1.7056372368434574,0.29495915595399197,0.0,0.25169598702564466,18.0,0.2142782470066017,-0.15888038656010434,0.060955596614958904,0.20410849236860779,-0.16355198554461883,0.17637524747223926,-0.18049815313924703,0.18090415425997364,-0.178170246473784,0.18791472740332166,0.06934025330504558,0.058885654491112216,-0.03,0.03966682335939428,0.027698534684499482,0.009628138842979667,0.002333149624354075,-0.005495071627532447,-0.00403942735146616,-0.004608933739260801,1.0002315803354145,1.0006449000324609,1.0002769080649854,1.0004241611690203,1.0001870527643766,1.00060647734168,0.9996319213682412,1.0006341255407027,1.000197596803209,1.000684941816685
51,1.7131599407219265,0.3046507460399538,0.0,0.2031752433939961,18.0,0.2151793281475462,-0.1408492716448289,-0.05904440338504109,0.2128840850543053,-0.1691873170655401,0.1990867019409113,-0.17102458276595325,0.1846887504483259,-0.182666760720388,0.17854873954908637,0.0009010811409444902,0.018031114915275426,-0.12,0.008775592685697525,-0.005635331520921272,0.022711454468672038,0.009473570373293771,0.0037845961883522378,-0.004496514246604036,-0.009365987854235286,1.000030283773122,1.000461374045357,1.0000807025819596,1.0002829500762642,1.0000430213056366,1.000689515826791,0.9996830252582869,1.0006662987176624,1.0001735591303589,1.000635325503827
52,1.6582701770931205,0.2967859818394173,0.0,0.25101005043302294,18.0,0.1461978807177821,-0.1991279573777055,-0.029044403385041093,0.17223422814835013,-0.19675415335802207,0.18949575631276497,-0.1736264093946036,0.1898874326597132,-0.1789391036533391,0.18296285208579854,-0.0689814474297641,-0.05827868573287659,0.03,-0.040649856905955184,-0.027566836292481967,-0.00959094562814633,-0.0026018266286503555,0.005198682211387293,0.0037276570670489034,0.0044141125367121725,0.9998700174609251,1.0002187917729255,0.9997760949278699,1.000047729785775,0.9998925650132794,1.0005002656799022,0.9995878331913938,1.0006480296622389,1.0001790276653648,1.0006478189707302
53,1.7101706196865512,0.30042528081651454,0.0,0.2046112218009352,18.0,0.14474316947602245,-0.21820032880753637,0.0909555966149589,0.16338795348240165,-0.1927174342805449,0.16468508963764572,-0.1852802655844996,0.18363794626401037,-0.1770259754906353,0.18953686004829573,-0.0014547112417596514,-0.01907237142983087,0.12,-0.008846274665948478,0.004036719077477158,-0.024810666675119247,-0.011653856189895978,-0.006249486395702816,0.0019131281627037672,0.006574007962497186,1.0000642621866014,1.0003951227924033,0.999961508565272,1.0001737008833325,1.0000171096841262,1.0003905306030416,0.9995020381744442,1.0005753393042385,1.0001677437073853,1.0006680004244635
54,1.7023103530798838,0.2954089883185393,0.0,0.25054887513570334,18.0,0.21344747724214497,-0.16006138640732326,0.060955596614958904,0.2019616422816399,-0.16622887588495944,0.17277769404221438,-0.18464375925425522,0.17631022246782946,-0.18299967878522388,0.18292402009933428,0.0687043077661225,0.05813894240021311,-0.03,0.038573688799238254,0.026488558395585476,0.00809260440456866,0.0006365063302443685,-0.007327723796180893,-0.005973703294588559,-0.0066128399489614464,1.0002198273137723,1.0006287996393926,1.0002547846686514,1.000394255367129,1.000147813900734,1.0005538012275454,0.9995683799137517,1.0005597634523282,1.0001321386595736,1.00063067680956
55,1.711855715264157,0.30453952839866144,0.0,0.2050202141153716,18.0,0.21457794806068314,-0.14153103064747646,-0.05904440338504109,0.2119210993333612,-0.17032729004354716,0.19768640044020253,-0.172581900845645,0.18301266864425464,-0.18443856894674482,0.17673440491720113,0.0011304708185381623,0.018530355759846795,-0.12,0.009959457051721299,-0.004098414158587721,0.024908706397988145,0.01206185840861021,0.006702446176425167,-0.0014388901615209199,-0.006189615182133151,1.0000249894464164,1.0004541296725664,1.0000708932699685,1.000270486881176,1.0000274271221625,1.00066901910404,0.9996588973857077,1.0006386124049012,1.0001493385638118,1.000615309696095
56,1.6602181521081922,0.29720372822186497,0.0,0.2537683199081544,18.0,0.14642445707434465,-0.19866929974752015,-0.029044403385041093,0.17336236223874976,-0.1952410455877299,0.1916298872001049,-0.17111779049156864,0.192718214389837,-0.17596847908980912,0.18604221290348713,-0.06815349098633848,-0.05713826910004369,0.03,-0.03855873709461144,-0.024913755544182736,-0.006056513240097622,0.00146411035407637,0.009705545745582342,0.00847008985693569,0.009307807986285999,0.9998762460380567,1.0002273048215902,0.9997880124690177,1.0000646234227877,0.9999155095355627,1.000531490238746,0.9996261307460798,1.0006933155672013,1.0002190315963813,1.0006810496307084
57,1.7132087153039932,0.3003980770989893,0.0,0.20266139229081984,18.0,0.14552667978355432,-0.21711442253417365,0.0909555966149589,0.16533552802221585,-0.1901986064291939,0.168034986594334,-0.18142670218904486,0.18792210091138506,-0.17253553267742372,0.19415855954770878,-0.0008977772907903109,-0.0184451227866535,0.12,-0.008026834216533912,0.0050424391585359996,-0.023594900605770908,-0.01030891169747622,-0.004796113478451949,0.003432946412385382,0.008116346644221645,1.0000751801325143,1.0004099845767593,0.9999820377122937,1.000201463286407,1.0000535664059877,1.0004395184772465,0.9995612271050678,1.000644459108007,1.000228572516186,1.0007184246120964
58,1.7034736974578033,0.29532889230965126,0.0,0.2555033297066718,18.0,0.21398348170355386,-0.1594886218829372,0.060955596614958904,0.20283640881151432,-0.16532802853915082,0.1738819259479588,-0.1834170198719518,0.1776161677414521,-0.181624748861835,0.18434169748249052,0.06845680191999955,0.05762580065123646,-0.03,0.037500880789298474,0.024870577890043072,0.0058469393536247916,-0.0019903176829069447,-0.010305933169932932,-0.009089216184411261,-0.009816862065218257,1.0002241646649823,1.0006349083928257,1.0002629203286124,1.0004044003950339,1.0001603690208452,1.000570176237582,0.999587314550824,1.0005814558440405,1.0001510980773194,1.0006463240309735
59,1.709940463609539,0.30449786733043704,0.0,0.20133927914452307,18.0,0.21433325597450492,-0.14200799006772513,-0.05904440338504109,0.21080985304313202,-0.17186463869661742,0.19553968125346477,-0.17513411711585508,0.18013859597572734,-0.18744335592510686,0.17362457217236466,0.00034977427095107816,0.01748063181521206,-0.12,0.007973444231617693,-0.006536610157466594,0.021657755305505982,0.008282902756096722,0.0025224282342752175,-0.0058186070632718495,-0.010717125310125863,1.0000186454127267,1.000445535365139,1.0000588399280717,1.0002534507436083,1.0000042512117522,1.0006374365310742,0.9996201000074978,1.000592778375647,1.0001088176645445,1.0005816797807574
60,1.6574322069693246,0.29668457810422355,0.0,0.25288975831206556,18.0,0.14570370476494082,-0.19972640385795562,-0.029044403385041093,0.17153232097662396,-0.19756467514610387,0.18851648579588018,-0.17467651530587847,0.188778645842207,-0.18013222899260006,0.18175682290209347,-0.06862955120956411,-0.05771841379023049,0.03,-0.03927753206650805,-0.025700036449486457,-0.007023195457584591,0.0004576018099766155,0.008640049866479635,0.007311126932506809,0.008132250729728813,0.9998660538144009,1.0002134067643784,0.9997688862452997,1.0000387645462119,0.9998817070409622,1.0004861645061438,0.9995713950348395,1.0006293448312127,1.000162766528868,1.0006343931201938
61,1.712379932403285,0.30043881654728016,0.0,0.200792274118266,18.0,0.14505377090711608,-0.2176171020855765,0.0909555966149589,0.164700258902597,-0.19091764326601587,0.1671781280814165,-0.18233830912437662,0.1869469669322562,-0.17355342247184258,0.19311873401712878,-0.0006499338578247332,-0.017890698227620877,0.12,-0.006832062074026951,0.006647031880088,-0.021338357714463685,-0.007661793818498158,-0.0018316789099507985,0.006578806520757499,0.011361911115035317,1.0000716961525067,1.0004052141767845,0.999975649479436,1.0001935927557128,1.000044026256862,1.0004271260612319,0.9995469147561677,1.000628255180824,1.0002144893138225,1.0007068027484582
62,1.7053773766224642,0.29500729312122115,0.0,0.25176540133007197,18.0,0.21424522945312707,-0.15895916703242477,0.060955596614958904,0.2039586745257149,-0.1637711149377077,0.1760617532357909,-0.18086340921333396,0.18049102470283368,-0.178601345922965,0.1874700609836076,0.06919145854601098,0.05865793505315173,-0.03,0.03925841562311788,0.02714652832830816,0.008883625154374408,0.0014748999110426597,-0.006455942229422543,-0.005047923451122413,-0.005648673033521179,1.000230656762337,1.0006436730782513,1.0002751880696414,1.0004217098491384,1.0001837393323385,1.0006019555056873,0.9996263449501154,1.000627541414545,1.0001917885752865,1.0006801197801622
63,1.7125250762668036,0.3046201317751864,0.0,0.20272223404228992,18.0,0.21503625601432913,-0.14105725458335153,-0.05904440338504109,0.21248716971780435,-0.16971061581967053,0.19838502236997768,-0.17184445228278716,0.18377566509256593,-0.18362497722206506,0.17755925977921114,0.0007910265612020434,0.017901912449073243,-0.12,0.008528495192089453,-0.0059395008819628226,0.02232326913418678,0.009018956930546801,0.003284640389732238,-0.005023631299100037,-0.009910801204396469,1.0000280429579735,1.0004583294766523,1.0000764805910578,1.0002771845758043,1.0000353697306095,1.0006791934770984,0.9996704882801702,1.0006515996675194,1.0001605967371536,1.0006245767583173
64,1.65794773194561,0.29673218841739046,0.0,0.2511726337676166,18.0,0.1460932763995268,-0.19927214076984157,-0.029044403385041093,0.17200933895065953,-0.19703808708319698,0.18912770150257754,-0.17404300031847517,0.18943037555352704,-0.1794281194270072,0.18246128855575702,-0.06894297961480235,-0.05821488618649004,0.03,-0.04047783076714481,-0.027327471263526443,-0.009257320867400137,-0.0021985480356880027,0.005654710460961096,0.004196857795057865,0.004902028776545886,0.9998687526722566,1.0002170715836316,0.9997737358876945,1.000044601025774,0.9998885385466266,1.0004949023212137,0.9995813848336436,1.0006405273784564,1.0001724363172375,1.0006423524180974
65,1.7104591599062722,0.30042691569210406,0.0,0.20392331345255618,18.0,0.14477003582186293,-0.21813427501176486,0.0909555966149589,0.16355332582706675,-0.1924848700328947,0.16501420518896007,-0.18488788991910188,0.18408123051514141,-0.1765616921696634,0.19001603880485735,-0.0013232405776638784,-0.01886213424192329,0.12,-0.008456013123592787,0.004553217050302288,-0.024113496313617477,-0.010844889600626711,-0.0053491450383856415,0.0028664272573438315,0.007554750249100323,1.000065207908156,1.000396403392956,0.9999633124353818,1.000176283044865,1.000020647225227,1.0003953647505768,0.9995079999354426,1.000582395023983,1.0001739848661404,1.0006731821689219
66,1.7029202577312639,0.2953185437563546,0.0,0.2506679219979176,18.0,0.2135801464785595,-0.15986298681772124,0.060955596614958904,0.20234569421600054,-0.16573902770045798,0.17344064330069092,-0.18387421501286788,0.17716691720047406,-0.18209728492375682,0.18385774546577607,0.06881011065669655,0.05827128819404362,-0.03,0.038792368388933796,0.02674584233243671,0.008426438111730855,0.0010136749062339967,-0.006914313314667339,-0.0055355927540934186,-0.006158293339081272,1.0002219399756105,1.000631690006398,1.0002587771940719,1.0003997095884951,1.0001550334121982,1.0005635265711028,0.9995801700928055,1.0005736027960785,1.0001443372039094,1.000640797584444
67,1.7121379689601752,0.30455842503428343,0.0,0.2047458234531195,18.0,0.21468273244619845,-0.14140501335181166,-0.05904440338504109,0.21211883190135625,-0.1700836184056072,0.19799340650113656,-0.17223342670117733,0.18339248612756331,-0.18403600239405232,0.17714804774623097,0.0011025859676389443,0.018457973465909577,-0.12,0.009773137685355704,-0.004344590705149226,0.024552763200445638,0.011640788311690548,0.006225568927089267,-0.0019387174702954896,-0.006709697719545105,1.0000260809849457,1.000455621619546,1.0000729334781333,1.0002731454704215,1.0000308281143573,1.0006735310623736,0.999664277020232,1.000644839822788,1.0001548061416978,1.000619836393791
68,1.6599005717899509,0.2971321659473331,0.0,0.2521937277723889,18.0,0.14639707978738198,-0.19873410467080568,-0.029044403385041093,0.17318410425363323,-0.19548460275669274,0.19128318677627398,-0.17152818291846506,0.19225298602293606,-0.17645628373686006,0.18553563748186097,-0.06828565265881646,-0.057329091318994024,0.03,-0.038934727647723016,-0.025400984351085537,-0.006710219724862576,0.0007052437827122782,0.008860499895372756,0.007579718657192244,0.008387589735630002,0.9998752602091981,1.0002259580203117,0.9997861176641092,1.0000619074936674,0.9999117876146442,1.0005264075248543,0.9996198724199696,1.0006858955526734,1.0002124696654022,1.000675595759282
69,1.7126475494372229,0.30039657241630363,0.0,0.20304121416153176,18.0,0.14539876346874753,-0.21730042672845823,0.0909555966149589,0.16498285857178183,-0.19066245455957315,0.1674136906519333,-0.18214646279379346,0.18711882071381097,-0.17337894049584252,0.193289534838323,-0.0009983163186344374,-0.018566322057652546,0.12,-0.008201245681851405,0.004822148197119597,-0.023869496124340694,-0.010618279875328401,-0.005134165309125069,0.0030773432410175633,0.007753897356462036,1.000073198510411,1.0004072887990187,0.9999782982762597,1.0001963588299405,1.0000468115524945,1.0004304140291755,0.9995501800780058,1.0006315227808442,1.0002171738964807,1.0007089693460238
70,1.7032161953145728,0.2953512336869424,0.0,0.25441966117190995,18.0,0.2138828459219595,-0.15960156711436638,0.060955596614958904,0.20265194794646713,-0.16552836649816688,0.17362965661827345,-0.18370157365766987,0.17730901657745518,-0.1819488453623586,0.18400677900289694,0.06848408245321198,0.05769885961409185,-0.03,0.0376690893746853,0.025134088061406268,0.0062159659663401645,-0.0015551108638764133,-0.009809804136355807,-0.008569904866516112,-0.009282755835426065,1.0002232308764358,1.0006336010710273,1.0002611622464066,1.000402153804542,1.0001575320238716,1.0005664408234536,0.9995829317659706,1.0005763934697263,1.000146660069596,1.0006426543184717
71,1.7102552936849589,0.3045007695830337,0.0,0.2019812442543246,18.0,0.21436174254198476,-0.14193961441607708,-0.05904440338504109,0.21098700859727598,-0.17161377983627907,0.19589393339697203,-0.1747097807785241,0.18061882822661046,-0.18694115425287283,0.1741450482533218,0.0004788966200252459,0.017661952698289296,-0.12,0.008335060650808856,-0.006085413338112189,0.022264276778698577,0.008991792879145782,0.003309811649155295,-0.004992308890514233,-0.009861730749575137,1.0000196621195208,1.0004469108119303,1.0000607798072987,1.0002562289400245,1.0000080674246279,1.0006426574232836,0.9996265440949776,1.0006004146374643,1.0001155771523067,1.0005872935604088
72,1.6579528598832824,0.29678033745081756,0.0,0.25319366634354734,18.0,0.14582543229568118,-0.19954185534536287,-0.029044403385041093,0.17186763019958443,-0.19713326084853627,0.1890980584706195,-0.1740079171515828,0.1895213069120466,-0.1793465313775498,0.18256646389727801,-0.06853631024630359,-0.057602240929285786,0.03,-0.03911937839769156,-0.025519481012257206,-0.00679587492635253,0.0007018636269412737,0.008902478685436158,0.0075946228753230455,0.00842141564395621,0.9998679231500616,1.0002159551012157,0.9997724052643064,1.0000435586254222,0.9998880156712817,1.0004946454200925,0.9995816718950992,1.0006413835476617,1.0001733658529468,1.000643187229256
73,1.7125747369277784,0.3004317631172086,0.0,0.20106974026919783,18.0,0.14514710847760576,-0.21751338464561398,0.0909555966149589,0.16484247716816017,-0.1907507578600542,0.16738331550496383,-0.18211450168771603,0.18718935585508195,-0.17329967701084192,0.19337856210278154,-0.0006783238180754353,-0.017971529300251116,0.12,-0.007025153031424258,0.006382502988482086,-0.021714742965655676,-0.008106584536133221,-0.002331951056964668,0.0060468543667078906,0.010812098205503523,1.0000724799764595,1.000406285992725,0.9999770967875399,1.00019542189697,1.00004629632323,1.0004301051151991,0.9995504051163495,1.0006322469686315,1.0002179732627567,1.0007096824173136
74,1.7050620433359334,0.2950613913051763,0.0,0.25177128969111945,18.0,0.21421290098155127,-0.15903779013677805,0.060955596614958904,0.20377842727269058,-0.16402925855571165,0.17569685711734206,-0.18129362274184976,0.180004426662644,-0.17911369083962503,0.18693947241278205,0.06906579250394553,0.05847559450883594,-0.03,0.03893595010453041,0.026721499304342533,0.008313541612378239,0.0008208789458662713,-0.007184929192437947,-0.005814013828783091,-0.006439089689999483,1.0002295997413713,1.0006422510565984,1.000273185224848,1.0004188475298885,1.0001798392679508,1.0005966321420323,0.9996197727006602,1.0006197592518038,1.0001849095304383,1.0006744023118412
75,1.7120399285277421,0.30459619748839184,0.0,0.20241920772230573,18.0,0.21491413689783273,-0.14122717163536766,-0.05904440338504109,0.21217686608435832,-0.17011342878928193,0.1978498148621765,-0.17246605319823402,0.18308651205968507,-0.18434894580824612,0.17681259580751854,0.0007012359162814757,0.017810618501410386,-0.12,0.008398438811667741,-0.006084170233570274,0.022152957744834445,0.008827569543615743,0.0030820853970410927,-0.005235254968621109,-0.010126876605263513,1.0000263008778283,1.0004559590316493,1.0000732038168734,1.0002727480238451,1.0000295224755356,1.0006713304494033,0.9996609731162864,1.0006404708419128,1.000150792550129,1.000616450893764
76,1.6578113869334068,0.2967155370238126,0.0,0.25135643530086493,18.0,0.14601291770300495,-0.19936958176377018,-0.029044403385041093,0.171895222575351,-0.197168680731135,0.1889691619801559,-0.17421260032067087,0.18925140977791366,-0.17961997294650184,0.18226743574986248,-0.06890121919482779,-0.058142410128402516,0.03,-0.040281643509007314,-0.02705525194185307,-0.008880652882020612,-0.0017465471224368534,0.006164897718228576,0.004728972861744271,0.005454839942343942,0.9998681108020956,1.0002161986278106,0.9997725690961656,1.0000431503331675,0.9998867834035796,1.000492623703273,0.9995787329627764,1.0006375150900773,1.0001698164141763,1.0006401904350422
77,1.7107829199249818,0.3004286487643444,0.0,0.20335374892037125,18.0,0.14480794988151374,-0.2180555069676031,0.0909555966149589,0.16374239060511556,-0.19222180854422635,0.16538057428916614,-0.1844532671413588,0.18457145476227205,-0.17604648305241133,0.19054788806635573,-0.0012049678214912235,-0.018685925203832915,0.12,-0.008152831970235447,0.004946872186908646,-0.02358858769098976,-0.010240666820687916,-0.004679955015641599,0.0035734898940904952,0.008280452316493242,1.0000662811561503,1.0003978594971257,0.9999653604279012,1.000179186616927,1.000024600219119,1.0004007516503919,0.9995146268878015,1.00059022507925,1.0001809081578843,1.0006789319791658
78,1.703383632144424,0.295255887396458,0.0,0.25087157327424925,18.0,0.21369865366053042,-0.15969801498987082,0.060955596614958904,0.20264653841326746,-0.1653678708468535,0.17393739523097768,-0.18330194748596873,0.17780011174828197,-0.18143095327027703,0.18454654988343758,0.0688907037790167,0.05835749197773227,-0.03,0.03890414780815191,0.02685393769737285,0.008556820941811538,0.0011513196553900595,-0.006771343013990058,-0.005384470217865714,-0.006001338182918148,1.0002235725092423,1.0006339317495292,1.0002618540401238,1.0004038559108788,1.0001604650262756,1.0005708102792326,0.9995889435361442,1.0005838658514061,1.0001533707982095,1.0006482860564216
79,1.7122484734276058,0.3045717622615365,0.0,0.20442462602360667,18.0,0.2147576910648923,-0.14132699637128449,-0.05904440338504109,0.21221193893085835,-0.1699824214261119,0.19810905602226922,-0.17211139644651793,0.18351877352380214,-0.18390197247060736,0.1772838237862212,0.0010590374043618483,0.018371018618586338,-0.12,0.009565400517590888,-0.004614550579258386,0.024171660791291544,0.011190551039450797,0.005718661775520176,-0.0024710192003303127,-0.007262726097216371,1.000026583483503,1.000456312659838,1.0000738522116293,1.0002742492423466,1.0000321384912259,1.000675210829876,0.9996661904402586,1.000646983793746,1.0001566638800907,1.0006213646504964
80,1.6595655449878297,0.29706044587472946,0.0,0.25113175742682003,18.0,0.14635301976309345,-0.1988183040323562,-0.029044403385041093,0.17298678471592657,-0.19574877254986459,0.19091402969973717,-0.1719611628867205,0.19176546890324608,-0.17696971493636932,0.18500388411547475,-0.06840467130179885,-0.05749130766107172,0.03,-0.03922515421493178,-0.025766351123752695,-0.00719502632253205,0.00015023355979743025,0.00824669537944396,0.006932257534238054,0.007720060329253542,0.9998741673672521,1.0002244656063017,0.9997840308680647,1.0000589665148913,0.9999078102039481,1.0005210041265833,0.9996132512854838,1.000678074132611,1.000205561909104,1.000669857048898
81,1.7122309948317742,0.3003995881297128,0.0,0.20325389555583037,18.0,0.14528464853824052,-0.21745460942958525,0.0909555966149589,0.16471296957840006,-0.19100865035663941,0.1669559014177678,-0.18267103338859436,0.1865367166576833,-0.1739890845486043,0.19266178430130043,-0.0010683712248529403,-0.018636305397229047,0.12,-0.008273815137526508,0.004740122193225171,-0.02395812828196936,-0.010709870501873858,-0.005228752245562809,0.0029806303877650403,0.0076579001858256834,1.0000716888404095,1.0004052326038058,0.9999754631405033,1.0001925447209856,1.000041823940688,1.000423723763005,0.9995421143832806,1.0006221173685999,1.0002089015125908,1.00070211330274
82,1.7031239883261622,0.2953507063255371,0.0,0.2533867499779177,18.0,0.21381712612081966,-0.1596639896739656,0.060955596614958904,0.20257102671142252,-0.16559797001318066,0.17355331626271575,-0.1837808669323471,0.17723033909045294,-0.18203117318045475,0.1839225837258442,0.06853247758257915,0.05779061975561964,-0.03,0.037858057133022455,0.025410680343458752,0.006597414844947941,-0.0011098335437527418,-0.009306377567230337,-0.00804208863185045,-0.00873920057545624,1.0002228567093694,1.0006330630384601,1.0002604676059303,1.0004013589434175,1.0001566213864368,1.0005653000543693,0.9995816955297603,1.0005750296823646,1.0001454852246145,1.0006416935653317
83,1.710580203899497,0.3045078699382823,0.0,0.20250018159505245,18.0,0.214410460115582,-0.14185296650650767,-0.05904440338504109,0.2111792964135183,-0.17135085338162573,0.1962571295794682,-0.17427967344653686,0.18110182101782607,-0.18643518607017862,0.17466841398321256,0.0005933339947623711,0.017811023167457946,-0.12,0.008608269702095772,-0.005752883368445066,0.022703813316752447,0.009501193485810244,0.0038714819273731466,-0.004404012889723849,-0.00925416974263163,1.0000207550609148,1.0004483931361523,1.0000628537160436,1.0002591359905968,1.0000119992945389,1.0006480020471091,0.9996330931357507,1.0006081384530525,1.0001224020573434,1.0005929571756491
84,1.6583276257946695,0.29684726707792514,0.0,0.25309791549394284,18.0,0.14593086697136987,-0.19939098288222665,-0.029044403385041093,0.17211853991040618,-0.19681761057720154,0.18951809170337727,-0.17353008331659647,0.19004850734583234,-0.178788916924149,0.18313962277846915,-0.06847959314421216,-0.05753801637571898,0.03,-0.03906075650311211,-0.025466757195575812,-0.006739037876090925,0.0007495901299403862,0.008946686328006284,0.00764626914602963,0.00847120879525659,0.999869320995208,1.0002178610385266,0.9997750214147278,1.0000470720212824,0.999892581594367,1.0005007534044466,0.999589028272817,1.000649964123493,1.0001809068465273,1.000649438071482
85,1.712623433135764,0.30042502741667293,0.0,0.20139810791210946,18.0,0.14520307810512795,-0.2174610061081343,0.0909555966149589,0.16489124986892284,-0.19070516825606573,0.16742793245392745,-0.1820756489019894,0.18722590203681266,-0.17326245581101313,0.1934153949788116,-0.0007277888662419324,-0.018070023225907644,0.12,-0.007227290041483342,0.006112442321135808,-0.02209015924944982,-0.008545565585392934,-0.002822605309019663,0.005526461113135858,0.010275772200342453,1.0000727406073542,1.000406645388339,0.9999775587597627,1.0001959187371443,1.000046815569729,1.00043073125928,0.9995510497424906,1.0006329133291203,1.0002185291962968,1.0007101334483322
86,1.7047418644095256,0.2951115127769719,0.0,0.2516992329123793,18.0,0.21416077091565433,-0.15913175698876875,0.060955596614958904,0.20358559525212655,-0.16428961767044672,0.17533592722305488,-0.18171514911428233,0.17953154690636586,-0.1796112549412261,0.18642464878264126,0.0689576928105264,0.058329249119365545,-0.03,0.03869434538320371,0.026415550585619008,0.00790799476912743,0.00036049978770708035,-0.00769435513044682,-0.006348799130212954,-0.00699074619617035,1.0002285020214479,1.0006407628518335,1.000271111212075,1.0004159505912158,1.0001759522058646,1.0005913619066589,0.9996133256232084,1.0006121604526084,1.0001782040327312,1.0006688349353399
87,1.7116947911679907,0.3045771403219042,0.0,0.20229286573427827,18.0,0.2148113034775982,-0.1413616476455778,-0.05904440338504109,0.2119486745660814,-0.17040271160015463,0.19747103601770663,-0.17290158350718726,0.18260675090812084,-0.1848527292005433,0.17629395085997956,0.0006505325619438757,0.017770109343190954,-0.12,0.008363079313954858,-0.006113093929707908,0.022135108794651748,0.008813565607095064,0.003075204001754997,-0.005241474259317189,-0.010130697922661691,1.000025026069194,1.0004542221351904,1.00007081603409,1.000269561588539,1.0000253719081114,1.0006657765806108,0.9996542944176328,1.0006326926028855,1.0001439517887416,1.000610786064211
88,1.6578044465375052,0.29672150342964526,0.0,0.25145247550635696,18.0,0.14596954275871665,-0.19941418199258448,-0.029044403385041093,0.17186832543543562,-0.19718953593649818,0.1889561450741839,-0.17421674261858155,0.18925485157812927,-0.1796183199251722,0.18227239783316243,-0.06884176071888155,-0.05805253434700669,0.03,-0.04008034913064579,-0.02678682433634355,-0.00851489094352273,-0.0013151591113942929,0.006648100670008442,0.005234409275371096,0.005978446973182866,0.9998679551592061,1.000215988518213,0.9997723120623558,1.0000429196386902,0.9998866117702583,1.0004924621372173,0.9995786310704463,1.0006374768689903,1.0001698104099317,1.000640195615002
89,1.7110972857438842,0.3004283689344922,0.0,0.20291754646240406,18.0,0.14486307166818657,-0.2179639705376653,0.0909555966149589,0.16393361878384705,-0.19196423834871446,0.16573282557732977,-0.18404067271663965,0.18503395428793568,-0.17556106179915065,0.19104827540945593,-0.0011064710905300673,-0.018549788545080825,0.12,-0.007934706651588574,0.005225297587783728,-0.023223319496854133,-0.009823930098058098,-0.004220897290193579,0.004057258126021521,0.0087758775762935,1.0000673599489416,1.000399325526979,0.9999674059906943,1.0001820295872461,1.000028413024508,1.0004059172668933,0.9995209343441888,1.0005976418099802,1.0001874530666763,1.0006843628830113
90,1.7037094900885597,0.2952160189838975,0.0,0.25104198581222736,18.0,0.21379507033982637,-0.1595720279939159,0.060955596614958904,0.2028647019916269,-0.16510754471751835,0.17428106276064764,-0.18290902153049862,0.17823210060658423,-0.18097683781486462,0.18501552571811802,0.06893199867163981,0.05839194254374941,-0.03,0.038931083207779854,0.02685669363119611,0.008548237183317875,0.0011316511861410306,-0.00680185368135143,-0.005415776015713955,-0.0060327496913379075,1.0002247393689252,1.0006355403904583,1.000264048414844,1.0004067707002178,1.0001642422861758,1.0005758511065432,0.9995949730458933,1.0005908924208065,1.0001595467904738,1.0006534011486061
91,1.7122409083090977,0.30457786891633126,0.0,0.20407907375912515,18.0,0.21479497726155738,-0.14129709448519373,-0.05904440338504109,0.21222558380928508,-0.16998086509409494,0.19809532881741773,-0.1721374682684294,0.18348251324808218,-0.1839388926054213,0.17724378133457475,0.0009999069217310058,0.01827493350872217,-0.12,0.009360881817658179,-0.00487332037657659,0.02381426605677009,0.010771553262069217,0.005250412641497962,-0.0029620547905566535,-0.007771744383543278,1.000026643881195,1.000456400688409,1.0000739437419472,1.0002742564614673,1.0000320282209567,1.0006749944983004,0.9996658301793795,1.0006464848878454,1.0001561989490224,1.000620970113347
92,1.659254238352241,0.29699723004215534,0.0,0.25091951912855354,18.0,0.14629631907652957,-0.19891248174493434,-0.029044403385041093,0.1727949487757394,-0.1959994548219694,0.19056931516913328,-0.1723611434802827,0.19131816723507783,-0.17744110492957416,0.18451689973395918,-0.0684986581850278,-0.05761538725974061,0.03,-0.039430635033545686,-0.026018589727874464,-0.007526013648284452,-0.00022367521185329142,0.007835653986995664,0.006497787675847147,0.007273118399384437,0.9998731039022138,1.0002230136734847,0.9997820149001353,1.0000561739244256,0.9999040859957771,1.0005159715610328,0.9996071223092338,1.0006708656191852,1.0001992065641416,1.0006645816515385
93,1.7119465890653736,0.30040397946045894,0.0,0.20331047085208037,18.0,0.1451946920677919,-0.2175697410104204,0.0909555966149589,0.1645237818855693,-0.19124644418051995,0.16664569389305764,-0.1830229823997372,0.18614807873819994,-0.17439596255845208,0.19224361571666618,-0.001101627008737685,-0.01865725926548606,0.12,-0.0082711668901701,0.004753010641449451,-0.02392362127607564,-0.010661838919454492,-0.005170088496877875,0.003045142371122092,0.007726715982706994,1.0000706339901313,1.0004037946484496,0.9999734901490435,1.0001899254071374,1.0000384356967493,1.0004191987531517,0.9995366908127743,1.0006158175152242,1.000203369422839,1.0006975314753181
94,1.7031424605970915,0.29533721108929123,0.0,0.2525130533829406,18.0,0.21378745395337995,-0.1596811555545863,0.060955596614958904,0.20256580277748737,-0.16557932538399994,0.17359228891102288,-0.1837291089866975,0.17729498839139846,-0.18196292063334973,0.18399381939021048,0.06859276188558804,0.057888585455834085,-0.03,0.03804202089191808,0.025667118796520005,0.00694659501796524,-0.000706126586960315,-0.008853090346801498,-0.00756695807489767,-0.0082497963264557,1.0002228835042497,1.000633079254874,1.0002605257727601,1.000401553624978,1.0001569828507122,1.0005658506178503,0.9995824716672308,1.0005760042897867,1.0001463633747318,1.000642431968996
95,1.7108775186479364,0.3045174706948079,0.0,0.20287333144946715,18.0,0.21446913268315887,-0.14176184559874844,-0.05904440338504109,0.21136187273747625,-0.17110760477405942,0.19658765990787133,-0.1738919248425164,0.18153461752452887,-0.18598168378865843,0.17513677340587716,0.0006816787297789367,0.017919309955837875,-0.12,0.008796069959988884,-0.005528279390059482,0.022995370996848452,0.00983718414418111,0.004239629133130404,-0.004018763155308677,-0.008857045984333317,1.0000217866630479,1.0004497944553412,1.0000648023445995,1.0002618234737493,1.0000155901834926,1.0006528588658448,0.9996390087696172,1.0006150874906037,1.0001285330323317,1.0005980412294064
96,1.6585742300922826,0.29688981598089065,0.0,0.2528035434390222,18.0,0.14601113321332482,-0.19928076800023473,-0.029044403385041093,0.17228942754882642,-0.1966061221748056,0.18979570650757313,-0.17321709469344612,0.19039174447330937,-0.17842549599917285,0.1835123340965485,-0.06845799946983404,-0.05751892240148629,0.03,-0.03907244518864983,-0.025498517400746185,-0.006791953400298201,0.0006748301490702713,0.008857126948780478,0.007556187789485594,0.00837556069067133,0.9998702743492262,1.0002191604400126,0.9997767966651192,1.0000494260088875,0.9998956070628156,1.000504782841493,0.9995938564383092,1.0006555743407783,1.0001858299671722,1.0006535161228445
97,1.7125778622290775,0.3004200357545741,0.0,0.20172402677647217,18.0,0.14522541047977916,-0.21744993747952465,0.0909555966149589,0.16487569737343616,-0.19073887013934016,0.1673703919532524,-0.1821515848692142,0.18713637789767806,-0.1733570881387287,0.19331690728316508,-0.0007857227335456435,-0.018169169479289926,0.12,-0.007413730175390265,0.005867252035465453,-0.02242531455432073,-0.008934490175768084,-0.0032553665756312883,0.005068407860444171,0.009804573186616594,1.0000726437972605,1.0004065170844416,0.9999773546266281,1.0001955420425646,1.000046216414948,1.0004298702463919,0.9995499221315736,1.0006315291514678,1.0002172874313835,1.0007090967105303
98,1.7044525857090005,0.2951540218688214,0.0,0.25160892196082885,18.0,0.2141020088493999,-0.1592251193702443,0.060955596614958904,0.20340552543301102,-0.16452390018950547,0.17501560083138887,-0.18208684793331226,0.1791169156202096,-0.18004727555177252,0.18597379531519762,0.06887659836962072,0.058224818109280346,-0.03,0.03852982805957486,0.026214969949834688,0.007645208878136467,6.473693590194896e-05,-0.008019462277468484,-0.006690187413043849,-0.0073431119679674695,1.0002274953760064,1.0006393915650083,1.0002692127895818,1.000413338689693,1.000172483763281,1.0005866806675632,0.9996076355605733,1.0006054758951886,1.0001723122831307,1.0006639467725507
99,1.7114712062531192,0.3045634286776359,0.0,0.2022978602333783,18.0,0.21473476838119093,-0.14145698862243317,-0.05904440338504109,0.21179622159854442,-0.17059206091125326,0.1972270359928583,-0.17317958083680132,0.18230239285368183,-0.185172583741466,0.17596516992984873,0.0006327595317910523,0.01776813074781114,-0.12,0.008390696165533396,-0.0060681607217477895,0.022211435161469423,0.008907267096510935,0.0031854772334722198,-0.005125308189693492,-0.010008625385348885,1.000024178123083,1.00045306547182,1.0000692333347696,1.0002674783115373,1.0000226882003584,1.0006622026255485,0.9996500216380257,1.0006277362235894,1.000139599309507,1.0006071841777664
100,1.6578764897922256,0.29674015134213905,0.0,0.2514899460624595,18.0,0.14595579659594132,-0.1994194849209273,-0.029044403385041093,0.17189827657327306,-0.19714139355865165,0.18903245263048854,-0.17412126215590812,0.1893667735771299,-0.17950175265268037,0.1823948937421845,-0.06877897178524962,-0.05796249629849412,0.03,-0.03989794502527136,-0.026549332647398394,-0.00819458336236975,-0.0009416813191067963,0.007064380723448074,0.005670831088785619,0.00642972381233578,0.9998681167723156,1.0002162107823764,0.9997726426468695,1.0000434576417254,0.999887415922655,1.0004935936614612,0.9995800691305443,1.0006392200324312,1.0001713647121706,1.0006414921199915
101,1.711372564802891,0.30042712234778035,0.0,0.20261908242416887,18.0,0.14492179632578406,-0.21787533074523535,0.0909555966149589,0.164105311324733,-0.19173744430145925,0.16603915468958638,-0.18368483014655518,0.18543126881694721,-0.1751443698079443,0.19147746202968763,-0.001034000270157251,-0.018455845824308065,0.12,-0.0077929652485400625,0.0054039492571923975,-0.022993297940902158,-0.00956356799064706,-0.003935504760182659,0.004357382844736066,0.009082568287503118,1.0000683253925766,1.0004006386480093,0.999969229398331,1.000184531881148,1.000031736485676,1.0004104028730585,0.9995263848527309,1.0006040305367594,1.0001930836289028,1.0006890326702984
102,1.703917767524799,0.2951934780817122,0.0,0.25116656744481825,18.0,0.21386523765544513,-0.15948564782497937,0.060955596614958904,0.20300840383074747,-0.16494214065537477,0.17449589078231584,-0.18266512734786305,0.17849837581357014,-0.18069698496290232,0.18530436203664205,0.06894344132966106,0.05838968292025598,-0.03,0.03890309250601448,0.026795303646084484,0.008456736092729455,0.0010197027986921237,-0.006932893003377086,-0.005552615154958043,-0.006173099993045578,1.0002254945166444,1.0006365865344016,1.000265466717927,1.0004086259767784,1.0001666200282635,1.0005790077036112,0.9995987201832209,1.0005952422215691,1.0001633648918828,1.000656560735722
103,1.7121628250763823,0.30457876993385974,0.0,0.20376049956580816,18.0,0.2148043722270489,-0.1413004551515993,-0.05904440338504109,0.21218933663021136,-0.17003975109103325,0.19800509511035275,-0.17224968059007315,0.18335270049107993,-0.18407415332428395,0.17710287707565833,0.0009391345716037863,0.018185192673380063,-0.12,0.009180932799463887,-0.005097610435658484,0.02350920432803691,0.010415446757789909,0.004854324677509805,-0.0033771683613816467,-0.008201484960983718,1.0000264283679021,1.0004561117745783,1.0000735223346233,1.000273599042515,1.0000310731217856,1.000673659696815,0.9996641427071674,1.0006444543572526,1.0001543917468545,1.0006194658844476
104,1.6589902856801921,0.2969456857028914,0.0,0.2510117008321392,18.0,0.1462392650038442,-0.1990013684130125,-0.029044403385041093,0.17262752571968368,-0.19621519669923562,0.19027596326846866,-0.17269918968870657,0.19094182268952914,-0.1778380831857358,0.1841074676269347,-0.0685651072232047,-0.05770091326141319,0.03,-0.039561810910527684,-0.02617544560820237,-0.00772913184188409,-0.0004495090986334216,0.007589122198449219,0.006236070138548169,0.007004590551276363,0.9998721742867365,1.0002217450263189,0.9997802608337455,1.0000537708350798,0.9999009101781707,1.0005116949356307,0.9996019342340133,1.0006647811298275,1.000193848120738,1.0006601359328975
105,1.7117720919291877,0.3004081467274362,0.0,0.20326586374226435,18.0,0.14513065023326555,-0.21764746816491376,0.0909555966149589,0.1644041687087514,-0.191393408126612,0.16645727922900053,-0.18323420108322863,0.18591618865013793,-0.1746385362571365,0.19199459486118253,-0.001108614770578678,-0.018646099751901263,0.12,-0.00822335701093227,0.004821788572623609,-0.02381868403946813,-0.010535011394522065,-0.0050256340393912274,0.00319954692859932,0.007887127234247837,1.0000699694233763,1.0004028878650115,0.9999722526967266,1.0001883080850036,1.0000363705044386,1.0004164552823331,0.999533425451488,1.0006120423774294,1.0002000606113377,1.0006947929542624
106,1.7032256088929827,0.29531743931844034,0.0,0.25182010870411153,18.0,0.21378287386696226,-0.1596690586221616,0.060955596614958904,0.20260680727561417,-0.1655095060039295,0.17369647977656233,-0.18360405601373048,0.1774389279909951,-0.18181143141246658,0.1841508713156017,0.06865222363369673,0.05797840954275216,-0.03,0.03820263856686276,0.025883902122682517,0.007239200547561803,-0.00036985493050184504,-0.008477260659142824,-0.007172895155330081,-0.007843723545580827,1.000223149349058,1.0006334281337912,1.0002610317452825,1.000402323653009,1.0001580714691019,1.0005673602595686,0.9995843754658862,1.0005782810450852,1.0001483822576382,1.0006441132088753
107,1.7111266063621355,0.30452731623459445,0.0,0.20311498202018782,18.0,0.21452636074408776,-0.1416788200025004,-0.05904440338504109,0.2115186093454844,-0.17090221144741358,0.19686345166368466,-0.17357042941308937,0.18189198289509356,-0.1856069965903952,0.1755233408753454,0.0007434868771254849,0.017990238619661203,-0.12,0.008911802069870217,-0.00539270544348408,0.02316697188712233,0.01003362660064111,0.0044530549040984885,-0.003795565177928603,-0.008627530440256298,1.0000226689524288,1.0004509941363533,1.0000664641605965,1.0002640906164597,1.0000185945985482,1.0006569085746095,0.9996439213514251,1.0006208426026362,1.0001336055597685,1.0006022457191839
108,1.6587175770448508,0.29691309354189177,0.0,0.2524200315255862,18.0,0.1460667270055132,-0.19920770376194452,-0.029044403385041093,0.17239355636514894,-0.19647988030595187,0.1899582312010578,-0.17303611861496984,0.1905884894833661,-0.17821668414861613,0.18372578277324117,-0.06845963373857457,-0.05752888375944412,0.03,-0.039125052980335445,-0.025577668858538294,-0.006905220462626871,0.000534310798119525,0.00869650658827252,0.007390312441779082,0.008202441897895763,0.9998708566484263,1.0002199536000658,0.9997778738693773,1.0000508304101425,0.9998973850233072,1.000507136281139,0.9995966567744315,1.0006588110219796,1.000188664399757,1.0006558619200174
109,1.7124804447810176,0.3004166485989266,0.0,0.20201018510360252,18.0,0.14522534226013073,-0.2174646911021543,0.0909555966149589,0.16482325056402233,-0.19081663908123755,0.16725754776171134,-0.18228854513340645,0.18698040567813035,-0.17352112786574497,0.19314729871952055,-0.0008413847453824647,-0.01825698734020978,0.12,-0.007570305801126609,0.005663241224714316,-0.022700683439346447,-0.009252426518436607,-0.003608083805235765,0.004695556282871147,0.00942151594627938,1.0000723428050047,1.0004061098873966,0.9999767724494639,1.000194680668123,1.0000450084847488,1.0004282060974503,0.9995478474622811,1.0006290570333922,1.000215094602682,1.0007072736745422
110,1.7042125493413984,0.2951875390397683,0.0,0.2517222824027162,18.0,0.21404640477052395,-0.15930729272233748,0.060955596614958904,0.20325270039840898,-0.16471752641127183,0.1747536437150905,-0.18238949344580188,0.17878072230043685,-0.18040076473673916,0.18560840422582903,0.0688210625103932,0.058157398379816816,-0.03,0.03842944983438665,0.02609911266996573,0.007496095953379162,-0.00010094831239543245,-0.008199683377693515,-0.006879636870994174,-0.0075388944936915225,1.000226652536771,1.0006382392550777,1.0002676248206521,1.000411177442407,1.0001696347961408,1.0005828483349628,0.9996029992077352,1.0006000420064227,1.000167526738228,1.0006599783705317
111,1.7113444182936552,0.3045542805315644,0.0,0.20237983237115836,18.0,0.21468266162065702,-0.1415182484719445,-0.05904440338504109,0.21170567416591146,-0.17070120157643506,0.19708988329943714,-0.17333360004319948,0.1821354478604129,-0.18534834108628417,0.17578495678433256,0.0006362568501330906,0.017789044250392988,-0.12,0.00845297376750248,-0.005983675165163238,0.022336239584346634,0.009055893402602405,0.0033547255599760822,-0.004947576349545027,-0.009823447441496463,1.0000236778249911,1.0004523818151771,1.00006830411163,1.0002662799796085,1.000021170500835,1.0006601966119197,0.9996476453473121,1.000624997280006,1.00013719981884,1.0006052005389567
112,1.657988369800385,0.29676457270043566,0.0,0.2514921171274676,18.0,0.14596095383877783,-0.19940099572582903,-0.029044403385041093,0.17195899730139885,-0.19705694157651513,0.1891543462274218,-0.17397589806711058,0.1895322641654883,-0.1793281799943222,0.18257538951847999,-0.06872170778187918,-0.05788274725388454,0.03,-0.03974667686451261,-0.026355740000080063,-0.00793553707201533,-0.0006422980239111087,0.007396816305075368,0.006020161091961976,0.006790432734147422,0.9998684509901842,1.0002166679597195,0.9997732898411723,1.000044399560403,0.9998887212038898,1.000495383002667,0.9995822822661495,1.0006418523243215,1.0001736953174087,1.0006434302421898
113,1.711595168824055,0.3004255008182905,0.0,0.20243566046109693,18.0,0.1449758204272234,-0.2177984119291306,0.0909555966149589,0.1642467676041759,-0.19155326119999466,0.1662854634992312,-0.18340055353650833,0.1857477171310405,-0.17481262590858615,0.19181895097320528,-0.0009851334115544425,-0.01839741620330157,0.12,-0.007712229697222961,0.0055036803765204645,-0.022868882728190598,-0.009424655469397747,-0.003784547034447819,0.004515554085736048,0.009243561454725296,1.0000691189424216,1.0004017186468201,0.9999707238091201,1.000186562973704,1.0000344139779438,1.000414005976645,0.9995307465006346,1.000609130297869,1.0001975737757085,1.0006927552702571
114,1.7040333423357747,0.29518354413904396,0.0,0.25125265414639025,18.0,0.21391205366047822,-0.1594323431464087,0.060955596614958904,0.20309209081038807,-0.16485130154137773,0.1746105822846432,-0.18253654375411754,0.17863696789695926,-0.1805513645127622,0.18545449811368095,0.06893623323325483,0.05836606878272191,-0.03,0.03884532320621217,0.026701959658616936,0.008325118785412006,0.00086400978239079,-0.007110749234081212,-0.005738738604176077,-0.006364452859524333,1.000225921989043,1.0006371834729342,1.000266268044466,1.000409647963179,1.0001679052354984,1.0005806982926901,0.9996007000105839,1.0005975243701857,1.000165363179031,1.0006582118471672
115,1.712050639069722,0.304576595540855,0.0,0.20349339120993903,18.0,0.21479639860909605,-0.1413230874232242,-0.05904440338504109,0.21212714757131834,-0.17012866382419978,0.1978784330368956,-0.17240191221957227,0.18318016847286334,-0.18425448977913755,0.17691593474837364,0.0008843449486178462,0.018109255723184503,-0.12,0.009035056760930277,-0.005277362282822051,0.023267850752252378,0.010134631534545274,0.0045432005759040855,-0.003703125266375354,-0.008538563365307311,1.0000260707846813,1.0004556282585133,1.0000728387649087,1.0002726127485528,1.0000297114482515,1.0006717933671279,0.9996618342504916,1.0006417150238718,1.0001519659021054,1.0006174510650983
116,1.6587827017009527,0.2969065018067878,0.0,0.25109656990099866,18.0,0.14618841471707833,-0.19907729875698302,-0.029044403385041093,0.17249266054158527,-0.19638707516003784,0.1900444813737919,-0.172964409910814,0.19064769141048699,-0.17814865872910812,0.18378760771602612,-0.06860798389201773,-0.057754211333758826,0.03,-0.03963448702973307,-0.02625841133583806,-0.007833951663103689,-0.0005624976912417257,0.0074675229376236635,0.006105831050029417,0.006871672967652481,0.999871424353764,1.0002207219913606,0.9997788510722506,1.0000518568037826,0.9998983996425657,1.0005083240660344,0.999597858153441,1.0006600122485927,1.0001896521571927,1.0006566560639518
117,1.71168208311777,0.30041160297665526,0.0,0.20316642604565538,18.0,0.14508892830149933,-0.21769452881177243,0.0909555966149589,0.16433897923914295,-0.19147026416809718,0.1663619563493138,-0.1833385217335232,0.18580302387546715,-0.17475671106919,0.19187357295480487,-0.0010994864155790124,-0.018617230054789408,0.12,-0.008153681302442317,0.004916810991940662,-0.023682525024478096,-0.010374111822709198,-0.004844667535019817,0.0033919476599181403,0.008085965238778747,1.0000696095697676,1.000402396002727,0.9999715879083487,1.0001874636971062,1.0000353185713042,1.0004150723422331,0.999531802269406,1.0006101836725065,1.000198437830542,1.0006934518392225
118,1.7033388576197697,0.29529602231544355,0.0,0.25130756089066053,18.0,0.21379354591784744,-0.15964096990653967,0.060955596614958904,0.2026711169978818,-0.16541635543986066,0.17382885650456217,-0.18344806002950947,0.17761549583739977,-0.18162568493919867,0.18434317543201129,0.06870461761634812,0.058053558905232755,-0.03,0.03833213775873884,0.026053908728236513,0.007466900155248368,-0.0001095382959862834,-0.008187528038067396,-0.006868973870008663,-0.0075303975227935804,1.0002235299819702,1.0006339389938907,1.0002617521941513,1.0004033573270108,1.000159482092534,1.0005692873439516,0.9995867574244722,1.000581102441295,1.0001508760214461,1.0006461857835258
119,1.7113203941168984,0.30453617207740935,0.0,0.2032524774402393,18.0,0.2145764711438351,-0.1416096080083603,-0.05904440338504109,0.21164317705810187,-0.1707412851708113,0.19707723601577007,-0.17332263245823143,0.18216638948224073,-0.18531910034963434,0.17582009104487228,0.000782925225987649,0.01803136189817936,-0.12,0.008972060060220083,-0.005324929730950639,0.023248379511207895,0.010125427571278045,0.004550893644840945,-0.0036934154104356492,-0.008523084387139002,1.0000233678552444,1.0004519452887872,1.0000677773971527,1.0002658653202476,1.0000209293452236,1.0006600459605521,0.9996477133609082,1.000625274059819,1.00013750790068,1.0006054790083172
120,1.6587837225613138,0.29692219762052885,0.0,0.2520219115884613,18.0,0.14610172271220812,-0.19916457250320013,-0.029044403385041093,0.17244662758085064,-0.19641818494505528,0.19003443238689974,-0.17295362251742066,0.1906763548262373,-0.17812292025617077,0.18382088144823033,-0.068474748431627,-0.05755496449483982,0.03,-0.039196549477251236,-0.025676899774243978,-0.007042803628870331,0.0003690099408107661,0.008509965343996548,0.0071961800934635806,0.008000790403358049,0.9998711547263102,1.0002203591471615,0.9997784182310351,1.0000515161255312,0.9998982255464266,1.0005082338103863,0.9995979421907283,1.0006602785817424,1.0001899433615848,1.000656918142382
121,1.712362153693237,0.3004146116889833,0.0,0.20224193482408356,18.0,0.14521204451322045,-0.21749320201292843,0.0909555966149589,0.16475426983720332,-0.1909126557363163,0.16712336361838623,-0.18244780763926916,0.18680082043523555,-0.1737097401060208,0.19295265317969792,-0.0008896781989876784,-0.0183286295097283,0.12,-0.007692357743647321,0.0055055292087389796,-0.02291106876851351,-0.009494185121848492,-0.003875534391001731,0.0044131801501499784,0.009131771731467592,1.0000719513885064,1.0004055787849269,0.99997602530952,1.0001936193743828,1.000043562086927,1.0004262344127932,0.9995454213350389,1.0006261900149271,1.0002125596899716,1.0007051687705977
122,1.7040274327103047,0.2952120603580028,0.0,0.2517834189849584,18.0,0.21399863818831782,-0.15937400370090185,0.060955596614958904,0.20313240017070258,-0.16486627777017332,0.17455440105809292,-0.1826187303192093,0.1785271059801392,-0.1806674049787903,0.18533287392901845,0.06878659367509739,0.05811919831202658,-0.03,0.038378130333499266,0.02604637796614298,0.007431037439706689,-0.00017092267994014976,-0.008273714455096323,-0.006957664872769484,-0.00761977925067947,1.0002259972512513,1.000637340361597,1.000266391236614,1.0004095152176786,1.0001674587016456,1.0005799304127305,0.9995994849767017,1.000595932551195,1.0001639104085762,1.0006569809804382
123,1.7112891822920242,0.3045487229363082,0.0,0.20249887515587917,18.0,0.21465061359221504,-0.14155267285031678,-0.05904440338504109,0.21166182784275522,-0.17075063402596313,0.19703142699070153,-0.17339680513296624,0.182068788350145,-0.18541884632819455,0.17571316379372576,0.0006519754038972342,0.01782133085058507,-0.12,0.008529427672052642,-0.005884356255789813,0.022477025932608613,0.009221925186243068,0.0035416823700057803,-0.004751441349404237,-0.009619710135292697,1.0000234389861924,1.000452054187574,1.0000678652610155,1.000265739714468,1.0000205138003484,1.0006593449323655,0.9996466603650502,1.0006238812194124,1.0001362284376105,1.0006043998114695
124,1.658112401788506,0.29678997268522467,0.0,0.2514729069207203,18.0,0.14597679090409765,-0.199370294088901,-0.029044403385041093,0.17203174824175368,-0.19695958408373926,0.18929079753828218,-0.1738158222371529,0.18971258862223495,-0.17913853435761362,0.18277183832968988,-0.0686738226881174,-0.05781762123858422,0.03,-0.03963007960100154,-0.026208950057776126,-0.007740629452419351,-0.00041901710418665306,0.007643800272089926,0.006280311970580946,0.007058674535964121,0.9998688533785666,1.000217217668756,0.9997740586045677,1.0000454846607543,0.9998901901539041,1.0004973794017171,0.9995847287283012,1.0006447427468523,1.000176248022945,1.0006455507429854
125,1.7117626368881047,0.30042375917995834,0.0,0.20234032705932123,18.0,0.14502131535046886,-0.21773665451290916,0.0909555966149589,0.16435513460257384,-0.19141411337780243,0.1664697238239151,-0.18318927189835962,0.18598218625366725,-0.1745669277444737,0.19207171270897602,-0.0009554755536288068,-0.01836636042400816,0.12,-0.007676613639179847,0.0055454707059368336,-0.02282107371436709,-0.009373449661206734,-0.003730402368567684,0.00457160661313992,0.009299874379286144,1.000069725468369,1.0004025446159392,0.9999718628608392,1.0001880966515801,1.0000364208483123,1.0004166986691976,0.9995339936992322,1.0006129174847251,1.0002009049182607,1.0006955159523865
126,1.7040809965698867,0.29518217907022926,0.0,0.2513070106803781,18.0,0.2139399987356485,-0.15940443704975785,0.060955596614958904,0.20313093089464676,-0.16481485587716296,0.17465297496731774,-0.18249088108448547,0.1786841168976166,-0.1805018821048986,0.18550532234339362,0.06891868338517963,0.058332217463151315,-0.03,0.03877579629207292,0.02659925750063946,0.008183251143402653,0.0006983908138741557,-0.007298069356050638,-0.0059349543604248906,-0.006566390365582403,1.0002261076509027,1.0006374477859645,1.0002666143602408,1.0004100614749918,1.0001683980844172,1.0005813290524357,0.9996014079887435,1.0005983218773762,1.000166055764332,1.0006587811432601
127,1.7119297751524454,0.3045728725333757,0.0,0.2032852760760374,18.0,0.21477890238488795,-0.14135484884640506,-0.05904440338504109,0.21205595196026655,-0.17022624900868877,0.1977432113743505,-0.1725621910104095,0.18300008777138738,-0.18444298092196676,0.17672094848904168,0.0008389036492394281,0.018049588203352784,-0.12,0.008925021065619793,-0.005411393131525805,0.023090236407032755,0.009928690074075958,0.004315970873770794,-0.003941098817068181,-0.008784373854351935,1.0000256656549762,1.0004550789576956,1.0000720698974261,1.0002715328273581,1.000028248798563,1.0006698039813875,0.9996593952887637,1.0006388375501838,1.0001494231020323,1.0006153410177603
128,1.6586308919813824,0.2968788168628856,0.0,0.251168574356194,18.0,0.14614662898622077,-0.19913746442289398,-0.029044403385041093,0.17239156628647345,-0.1965144693630844,0.18987459483277566,-0.17315788120320638,0.1904340117630065,-0.17837452777237334,0.1835553439663066,-0.06863227339866719,-0.05778261557648892,0.03,-0.0396643856737931,-0.026288220354395625,-0.007868616541574835,-0.0005956901927968716,0.007433923991619115,0.0060684531495934085,0.006834395477264915,0.999870861431351,1.000219954353081,0.9997777967970141,1.000050438470094,0.9998965536973112,1.000505853107811,0.999594880423598,1.0006565372655511,1.0001865976433402,1.0006541239225888
129,1.7116523588806978,0.30041422543045193,0.0,0.20304463375005563,18.0,0.1450649453731715,-0.21771826234452996,0.0909555966149589,0.1643133473269194,-0.19149687401987467,0.16633266001412597,-0.18336753812517656,0.18577322654295042,-0.17478756568656323,0.19184234283242715,-0.0010816836130492918,-0.018580797921635972,0.12,-0.008078218959554045,0.005017595343209724,-0.02354193481864969,-0.010209656921970178,-0.004660785220056071,0.003586962085810122,0.008286998866120554,1.000069470686095,1.000402205214432,0.9999713372478873,1.0001871729051686,1.000034986815423,1.0004146534291543,0.9995313380689046,1.0006096739425088,1.000198000608974,1.0006930929619118
130,1.7034582844348887,0.2952759189856008,0.0,0.2511130683502993,18.0,0.21381223245422465,-0.15960625501826178,0.060955596614958904,0.20274266185309317,-0.16531899199124947,0.17396423933556954,-0.1832898782980315,0.17779310129877712,-0.18143888171013778,0.18453644586058462,0.06874728708105317,0.05811200732626817,-0.03,0.03842931452617376,0.0261778820286252,0.007631579321443566,7.76598271450546e-05,-0.007980125244173283,-0.006651316023574563,-0.007305896971842529,1.0002239394653976,1.0006344933556501,1.0002625256236697,1.0004044406022121,1.0001609377824612,1.0005712625298533,0.9995891761622138,1.0005839543989736,1.000153392906618,1.0006482755780226
131,1.7114605137636276,0.304543441154171,0.0,0.2033130507860856,18.0,0.2146170589923827,-0.14155595872056903,-0.05904440338504109,0.21173529640978575,-0.17062404816406368,0.1972312089537323,-0.17314527692983703,0.1823619725274505,-0.1851137602680079,0.17603152941275738,0.0008048265381580405,0.018050296297692753,-0.12,0.00899263455669258,-0.00530505617281421,0.02326696961816277,0.010144601368194478,0.004568871228673374,-0.0036748785578701454,-0.008504916447827249,1.0000238829314994,1.0004526469067292,1.00006874279836,1.0002671570108808,1.0000226153981553,1.0006623040938911,0.999650431773817,1.0006284422939542,1.0001402950517937,1.0006077872995043
132,1.6587964629649743,0.29692176934220726,0.0,0.25165689041780903,18.0,0.14612069452540732,-0.19914393728129776,-0.029044403385041093,0.1724634211478126,-0.19640180332493193,0.19005068585287715,-0.17293906360836575,0.1906894498187538,-0.17810826581105182,0.18383473820943513,-0.06849636446697539,-0.057587978560728725,0.03,-0.03927187526197315,-0.02577775516086825,-0.007180523100855152,0.0002062133214712769,0.0083274772913033,0.007005494456956099,0.0078032087966777575,0.9998712505882156,1.00022048901604,0.9997785849585588,1.0000516974684355,0.9998984136979109,1.0005084602647238,0.9995981807995946,1.0006605270985325,1.0001901516510467,1.0006570871227893
133,1.712243766513998,0.300413641320838,0.0,0.2024166882698849,18.0,0.14519219769280306,-0.21752697948767774,0.0909555966149589,0.1646826098354033,-0.1910095348011233,0.16699047559411165,-0.1826037106461892,0.18662594607108962,-0.17389326751091422,0.19276344825972713,-0.0009284968326042503,-0.018383042206379985,0.12,-0.0077808113124092915,0.005392268523808641,-0.023060210258765507,-0.009664647037823437,-0.0040635037476641905,0.004214998300137621,0.008928710050292,1.0000715468287147,1.0004050291136313,0.9999752576603287,1.0001925496205388,1.0000421245944873,1.0004242854128382,0.9995430393352622,1.0006233874264414,1.000210085999346,1.0007031160180906
134,1.7038948448318179,0.2952285176480511,0.0,0.25172862247356964,18.0,0.21396058192348555,-0.159424423244596,0.060955596614958904,0.20304431109349236,-0.1649723746126905,0.1744138670670172,-0.18277965579144523,0.1783498929076382,-0.1808536957996758,0.18514044577681818,0.0687683842306825,0.05810255624308175,-0.03,0.03836170125808905,0.0260371601884328,0.0074233914729055495,-0.0001759451452560401,-0.00827605316345141,-0.006960428288761575,-0.007623002482908953,1.0002255237073174,1.0006366884372817,1.0002655005944032,1.0004083281297973,1.0001659165257706,1.0005778698886185,0.9995970160168852,1.0005930528642606,1.0001613785432697,1.0006548836139066
135,1.711282797261261,0.30454587586095544,0.0,0.20262770574446037,18.0,0.21463397509166887,-0.1415673575412692,-0.05904440338504109,0.2116506772746856,-0.17075894961161975,0.19702646501526405,-0.17339871717034605,0.1820694875570294,-0.18541859455564264,0.17571417005869447,0.0006733931681833366,0.01785706570332679,-0.12,0.008606366181193231,-0.005786574998929261,0.022612597948246854,0.009380938621099177,0.003719594649391214,-0.004564898755966815,-0.009426275718123711,1.0000233824970157,1.000451975118497,1.0000677674818708,1.00026565211641,1.0000204441681775,1.0006592773453749,0.9996466161510433,1.0006238591116177,1.0001362186107048,1.0006043951470647
136,1.6582306805287197,0.29681331897610186,0.0,0.25144269515791134,18.0,0.14599738970654547,-0.19933547420859848,-0.029044403385041093,0.17210408018760698,-0.1968647158095504,0.1894216350353612,-0.17366375883104176,0.18988283786304194,-0.1789592010625211,0.18295718443941122,-0.06863658538512339,-0.05776811666732928,0.03,-0.03954659708707861,-0.026105766197930647,-0.007604829979902861,-0.000265041660695714,0.00781335030601256,0.006459393493121537,0.007243014380716756,0.9998692544050983,1.0002177651674782,0.9997748195569067,1.0000465416275155,0.9998916028505501,1.0004992900773926,0.9995870578316658,1.0006474839397204,1.0001786653930078,1.0006475575418516
137,1.7118793040419475,0.30042206274033983,0.0,0.20230796549649274,18.0,0.14505691586378228,-0.21769049619488293,0.0909555966149589,0.16443219798906672,-0.19131670634038014,0.166597253097846,-0.18304416190887277,0.18614263111763624,-0.17439888764932432,0.19224445726519715,-0.0009404738427631759,-0.018355021986284442,0.12,-0.0076718821985402585,0.005548009469170251,-0.02282438193751518,-0.009380403077831001,-0.003740206745405719,0.004560313413196779,0.009287272825785925,1.0000701556785867,1.0004031308795145,0.9999726682902487,1.0001891696552496,1.0000378129496028,1.0004185600717148,0.9995362283746916,1.0006155160072274,1.0002031878058104,1.0006974070429644
138,1.7040827781580825,0.2951860979598603,0.0,0.25133649739147523,18.0,0.21395366308098462,-0.15939473427614012,0.060955596614958904,0.20313871516133897,-0.1648149669269863,0.17464741051305757,-0.18249991251076086,0.17867128510411312,-0.1805154515984434,0.1854910423712988,0.06889674721720236,0.058295761918742806,-0.03,0.03870651717227225,0.026501739413393843,0.008050157415211562,0.0005442493981119012,-0.007471346013523131,-0.006116563949119094,-0.006753414893898357,1.0002261283366742,1.000637484234876,1.00026665055929,1.0004100654551507,1.0001683623978566,1.000581255832879,0.9996012762621423,1.0005981422057313,1.0001658898647114,1.0006586396284904
139,1.7118164210832427,0.3045686346380377,0.0,0.20313449039283293,18.0,0.21475750988646475,-0.1413887657373162,-0.05904440338504109,0.21198683260216475,-0.17031877395400485,0.19761708307838577,-0.172710425580872,0.18283444021470974,-0.1846165159231496,0.1765416707211341,0.0008038468054801101,0.018005968538823913,-0.12,0.008848117440825781,-0.0055038070270185535,0.022969672565328197,0.009789486929888874,0.004163155110596603,-0.00410106432470618,-0.008949371650164684,1.0000252745710556,1.000454547907075,1.0000713306656785,1.0002705103079508,1.0000268794649187,1.00066795012864,0.9996571347674625,1.000636180147543,1.000147077866924,1.0006133960159922
140,1.6585286232034373,0.29686091039755497,0.0,0.251225294275362,18.0,0.1461146792139788,-0.19918182767524156,-0.029044403385041093,0.1723214239740185,-0.1966016889941166,0.18975965492637734,-0.17328780803168867,0.19029124579934725,-0.17852563729820642,0.18340025390542103,-0.06864283067248593,-0.057793061937925355,0.03,-0.03966540862814624,-0.026282915040111737,-0.007857428152008433,-0.0005773824508166769,0.007456805584637502,0.0060908786249431884,0.0068585831842869205,0.999870470251505,1.0002194211350524,0.9997770673348156,1.0000494676638196,0.9998953019607225,1.0005041837807787,0.999592877139742,1.0006542067969095,1.0001845516509666,1.0006524287326524
141,1.711662027230528,0.30041606092912226,0.0,0.20292217933671824,18.0,0.14505415468625715,-0.21772546811642637,0.0909555966149589,0.16431420862167154,-0.1914904563229104,0.16634616763013252,-0.18334819629364021,0.1857967200582058,-0.17476263861709485,0.19186842026923026,-0.0010605245277216374,-0.01854364044118481,0.12,-0.008007215352346969,0.005111232671206195,-0.023413487296244817,-0.010060388261951547,-0.004494525741141439,0.0037629986811115873,0.008468166363809232,1.0000694793442289,1.0004022156166876,0.9999713620899612,1.0001872457460192,1.0000351232283098,1.0004148585605732,0.9995316199764704,1.0006100294216056,1.000198322656721,1.0006933627867138
142,1.7035688513782175,0.2952587457425085,0.0,0.25114506250882007,18.0,0.2138337825638323,-0.15957119972872374,0.060955596614958904,0.2028110326017481,-0.16522934785249846,0.17408717058697845,-0.18314704680689242,0.17795261701317971,-0.18127112713085197,0.1847099304785534,0.06877962787757515,0.05815426838770263,-0.03,0.03849682398007656,0.026261108470411937,0.007741002956845933,0.00020114948674779254,-0.007844103045026099,-0.006508488513757141,-0.007158489790676847,1.000224323200755,1.0006350155417736,1.0002632495091053,1.000405439649847,1.000162267263041,1.0005730585938977,0.999591362202417,1.0005865242504504,1.0001556585032474,1.000650155529626
143,1.7115535928902648,0.304548940269609,0.0,0.20332096818889694,18.0,0.21464765485321718,-0.1415173111672234,-0.05904440338504109,0.2117981992395731,-0.17054543936658867,0.1973329845158927,-0.17302898126081537,0.18248953122867168,-0.18497972001057683,0.17616936786266504,0.0008138722893849121,0.018053888561500336,-0.12,0.008987166637825006,-0.00531609151409021,0.023245813928914255,0.010118065546077054,0.004536914215491947,-0.003708592879724873,-0.00854056261588837,1.0000242332009122,1.0004531245543722,1.0000693973157975,1.0002680221184224,1.0000237336341067,1.0006637954390436,0.9996522179675501,1.0006305168226615,1.0001421176859846,1.0006092959353887
144,1.6587757322784364,0.29691564835044176,0.0,0.2513502965021606,18.0,0.1461280279470346,-0.1991390099813874,-0.029044403385041093,0.17245662011388563,-0.19641440662933618,0.19002916452436455,-0.1729669057751577,0.19065618689307706,-0.17814274296263805,0.18379826406651412,-0.06851962690618256,-0.057621698814163985,0.03,-0.039341579125687476,-0.02586896726274751,-0.007303819991528154,6.207548565767551e-05,0.008166655664405373,0.0068369770479388,0.007628896203849073,0.9998712147037913,1.0002204393595218,0.9997785069446059,1.0000515562890753,0.999898189584203,1.0005081388569583,0.9995977645608953,1.0006600161170358,1.000189693934838,1.0006567045804309
145,1.7121377904605324,0.3004134306658095,0.0,0.20253877269307521,18.0,0.14517049197980086,-0.21756037685757337,0.0909555966149589,0.16461688029271618,-0.1910967303495552,0.16687236419693763,-0.1827411678617341,0.18647233109016076,-0.17405439729071687,0.19259745392637836,-0.0009575359672337608,-0.01842136687618598,0.12,-0.00783973982116945,0.00531767627978097,-0.023156800327426924,-0.009774262086576418,-0.004183855802916289,0.004088345671921165,0.008799189859864248,1.000071176950748,1.0004045261333407,0.9999745584900541,1.0001915874272689,1.000040843867593,1.0004225553621247,0.9995409348280662,1.0006209188783541,1.0002079097769667,1.0007013109301934
146,1.7038078201949995,0.29523834136803995,0.0,0.25160987734687146,18.0,0.2139323695825115,-0.15945973714009168,0.060955596614958904,0.2029848724629424,-0.16504163727681745,0.17432345367969476,-0.18288253466731627,0.178237311049673,-0.18097202477011004,0.18501828295088343,0.06876187760271062,0.058100639717481695,-0.03,0.03836799217022621,0.02605509307273776,0.007451089482757134,-0.00014136680558216042,-0.008235020040487748,-0.0069176274793931875,-0.007579170975494931,1.0002252093574835,1.0006362537242208,1.000264910040348,1.0004075518892688,1.0001649181316628,1.000576542192576,0.9995954359478129,1.0005912163366448,1.0001597657887877,1.0006535486323893
147,1.7113064699931564,0.30454496120550595,0.0,0.20274888307919556,18.0,0.21462836180193445,-0.14156861773361468,-0.05904440338504109,0.21166037220169498,-0.17074165419876783,0.19705420589309475,-0.1733635566614315,0.1821106310531797,-0.1853758067267126,0.17575886033768484,0.0006959922194229445,0.017891119406477002,-0.12,0.00867549973875259,-0.005700016921950379,0.022730752213399985,0.009518978005884776,0.0038733200035066945,-0.0044037819566025566,-0.009259422613198592,1.0000234416600815,1.0004520539137898,1.0000678851918425,1.0002658460629954,1.00002073503294,1.0006596885548635,0.999647142509966,1.000624497385553,1.0001367882259675,1.0006048698289534
148,1.6583330407080557,0.2968329790719509,0.0,0.2514090314674219,18.0,0.1460186899823609,-0.19930183831653794,-0.029044403385041093,0.17216854566752152,-0.1967813364668605,0.18953531370541593,-0.17353253554965595,0.19002908881529135,-0.17880496689187725,0.18311632192749347,-0.06860967181957357,-0.05773322058292327,0.03,-0.03949182653417346,-0.026039682268092668,-0.007518892187678816,-0.0001689788882244525,0.007918457762111628,0.006570839834835376,0.007357461589808628,0.9998696123865877,1.0002182536915645,0.999775495684514,1.0000474703544586,0.9998928329038232,1.000500947914701,0.9995890709640148,1.0006498465575706,1.0001807466561496,1.0006492845021338
149,1.7119531225282971,0.3004205293496618,0.0,0.20231690888547593,18.0,0.1450828168274661,-0.21765858160791451,0.0909555966149589,0.1644823139130315,-0.1912546689372532,0.16667722139103686,-0.1829541450258273,0.18624164351141048,-0.174295266801553,0.1923508678978452,-0.000935873154894809,-0.01835674329137657,0.12,-0.007686231754490014,0.005526667529607288,-0.022858092314379075,-0.00942160947617135,-0.0037874453038808514,0.004509700090324267,0.009234545970351726,1.0000704345126505,1.0004035111983245,0.9999731881932156,1.0001898525134414,1.000038688587904,1.000419725321268,0.9995376185451692,1.0006171257294332,1.0002045996064906,1.0006985757980602
150,1.7040567798483564,0.29519278876005706,0.0,0.25134789446211714,18.0,0.21395729386863305,-0.1593970073503446,0.060955596614958904,0.20312700025408922,-0.16483705809386479,0.17461358237303687,-0.18254089320132677,0.17862372444929497,-0.1805655183284165,0.1854391053143906,0.06887447704116696,0.05826157425756992,-0.03,0.03864468634105772,0.026417610843388423,0.007936360982000012,0.0004132518245005268,-0.007617919062115494,-0.006270251526863488,-0.006911762583454606,1.0002260475924196,1.0006373797679342,1.000266496387223,1.0004098226568736,1.0001680125318069,1.000580766851914,0.999600653293665,1.0005973936548123,1.000165225038439,1.0006580854500826
151,1.7117195259983475,0.3045645374111833,0.0,0.20303407232967285,18.0,0.21473602289365795,-0.1414204094712744,-0.05904440338504109,0.21192624223938222,-0.17039850824963024,0.19750971214749513,-0.17283579837369065,0.1826949271782164,-0.1847627705137445,0.1763907315462151,0.0007787290250249185,0.01797659787907019,-0.12,0.008799241985293,-0.005561450155765452,0.022896129774458263,0.009705094827636124,0.004071202728921433,-0.004197252185328029,-0.009048373768175494,1.0000249331257485,1.0004540837662832,1.0000706871227216,1.0002696300293803,1.0000257105186885,1.000666373106778,0.9996552197391249,1.0006339351016549,1.0001450985640898,1.000611755219699
152,1.6584669287508422,0.29685073499586606,0.0,0.2512668324148234,18.0,0.14609201194486499,-0.19921201138457245,-0.029044403385041093,0.17227728851400081,-0.1966555536624987,0.18968987675423757,-0.17336582207442688,0.19020617863437767,-0.17861585575001193,0.18330792664680998,-0.06864401094879295,-0.057791601913298046,0.03,-0.03964895372538141,-0.02625704541286847,-0.007819835393257563,-0.0005300237007362374,0.007511251456161258,0.006146914763732567,0.006917195100594881,0.9998702235932455,1.0002190851024864,0.9997766101067458,1.000048868335587,0.9998945395339167,1.0005031725325153,0.9995916710776619,1.0006528103258356,1.0001833278808687,1.0006514156004698
153,1.7116943725635612,0.3004172366252614,0.0,0.20281221844545344,18.0,0.14505243951262925,-0.21772197012644726,0.0909555966149589,0.16433091696744576,-0.19146484682386078,0.16638400058263833,-0.1833018023531741,0.1858497943494885,-0.1747067830926029,0.19192622214031527,-0.0010395724322357497,-0.018509958741874805,0.12,-0.007946371546555059,0.005190706838637926,-0.023305876171599238,-0.009935980278747203,-0.004356384284889145,0.003909072657409016,0.00861829549350529,1.0000695758512272,1.0004023459580864,0.9999715500527327,1.0001875296608327,1.0000355268974284,1.0004154174719937,0.9995323209983928,1.0006108679034702,1.000199067502028,1.0006939823683816
154,1.7036624414036539,0.2952451455201252,0.0,0.25117814309525344,18.0,0.2138547869207429,-0.1595396308451187,0.060955596614958904,0.20287029269422707,-0.16515379066248903,0.17418966113840417,-0.18302849696351073,0.17808444516504512,-0.18113250536961528,0.18485323502954204,0.06880234740811365,0.05818233928132854,-0.03,0.038539375726781316,0.02631105616137175,0.007805660555765842,0.0002733053896633586,-0.007765349184443396,-0.006425722277012394,-0.007072987110773227,1.000224651026482,1.0006354633691878,1.0002638673401971,1.0004062827891718,1.0001633807659513,1.0005745576941523,0.9995931779595321,1.0005886536567474,1.0001575342454299,1.0006517111872313
155,1.7116085687747467,0.30455276268099046,0.0,0.20329636931983686,18.0,0.21466901594551602,-0.14149175990881793,-0.05904440338504109,0.21183690004349467,-0.17049834865390512,0.19739263937795928,-0.17296166750760258,0.1825627321035721,-0.18490269078650018,0.1762484110623379,0.0008142290247731415,0.01804787093630078,-0.12,0.008966607349267602,-0.005344557991416088,0.02320297823955511,0.010066829455908144,0.0044782869385269625,-0.003770185416884883,-0.008604823967204134,1.0000244474285376,1.0004534171511255,1.0000697958666542,1.0002685394775883,1.0000243924971741,1.0006646684146703,0.9996532552161046,1.0006317148879114,1.000143168105451,1.0006101646077215
156,1.6587370497775318,0.2969067570242874,0.0,0.25122246319267516,18.0,0.14612758546399468,-0.19914405356170528,-0.029044403385041093,0.17243634093263532,-0.19644311831003397,0.18998718699234685,-0.1730173200912442,0.1905985422407488,-0.17820314166954815,0.18373535713023337,-0.06854143048152132,-0.05765229365288735,0.03,-0.03940055911085935,-0.025944769656128852,-0.007405452385612438,-5.56525836416244e-05,0.008035810137176677,0.006699549116952017,0.007486946067895461,0.9998711033407885,1.0002202869311771,0.9997782899149795,1.0000512359624092,0.9998977410825225,1.0005075217446697,0.9995969982580222,1.0006591021045343,1.000188883816728,1.0006560305809746
157,1.712050444928353,0.30041369733304024,0.0,0.20261630967995833,18.0,0.14514995357511218,-0.21759002851422354,0.0909555966149589,0.16456164189820568,-0.19116891521271448,0.16677558442427035,-0.182853047982965,0.1863476884026103,-0.17418507821686735,0.19246291008642522,-0.0009776318888825158,-0.018445974952518263,0.12,-0.007874699034429639,0.005274203097319491,-0.0232116025680765,-0.009835727891720797,-0.004250853838138516,0.004018063452680784,0.008727552956191847,1.0000708668982758,1.0004041042231195,0.999973974163891,1.0001907912980146,1.0000397923633706,1.0004211392780413,0.9995392189568143,1.0006189113375845,1.0002061417661345,1.0006998449956885
158,1.703757371302164,0.2952431119435812,0.0,0.25146518419783137,18.0,0.21391305191728788,-0.15948224275071887,0.060955596614958904,0.2029489300922989,-0.1650814455869489,0.17427271527957222,-0.18293965774334367,0.17817546775247034,-0.18103700635073905,0.1849512572138252,0.06876309834217571,0.05810778576350467,-0.03,0.038387288194093205,0.02608746962576558,0.007497130855301876,-8.660976037866419e-05,-0.008172220650139964,-0.0068519281338717125,-0.0075116528726000276,1.000225023889797,1.0006359954732338,1.0002645622206632,1.0004071045708918,1.0001643520273171,1.0005757951965863,0.9995945570431445,1.000590200788812,1.000158875818495,1.0006528128944019
159,1.7113457289845693,0.3045453153933109,0.0,0.2028526926743428,18.0,0.21462997348033086,-0.141561668149326,-0.05904440338504109,0.21168158647920265,-0.17071077426947667,0.1970986963925425,-0.17330979967972188,0.18217176810616587,-0.18531194004493162,0.17582511899782993,0.0007169215630429687,0.017920574601392875,-0.12,0.008732656386903764,-0.005629328682527773,0.022825981112970267,0.009629858063621793,0.003996300353695512,-0.004274933694192587,-0.009126138215995255,1.0000235641644266,1.0004522193770469,1.0000681201349406,1.0002661889443136,1.0000212121125136,1.0006603444603173,0.9996479566365554,1.0006254656552793,1.0001376463817078,1.000605582840843
160,1.6584150424703428,0.296848346171258,0.0,0.251376843218139,18.0,0.14603816868025188,-0.19927245791828563,-0.029044403385041093,0.1722214883000647,-0.19671365194476853,0.1896266946224279,-0.17342767316133814,0.19014549613810727,-0.1786820799280805,0.18324292839197714,-0.06859180480007897,-0.05771078976895963,0.03,-0.039460098179137953,-0.026002877675291858,-0.007472001770114589,-0.00011787348161626521,0.007973728031941393,0.006629860116851113,0.007417809394147212,0.9998699067622644,1.0002186552760721,0.9997760495591963,1.0000482241006685,0.9998938235043542,1.0005022790066511,0.9995906819410701,1.0006517325412687,1.0001824064720783,1.000650661189614
161,1.711993388635059,0.30041923223880684,0.0,0.20234976075880454,18.0,0.14510015358390382,-0.2176385982389523,0.0909555966149589,0.1645109396563329,-0.19122044358941503,0.16672015489628675,-0.18290675221188907,0.1862932709775068,-0.17424131299825224,0.19240616586756087,-0.000938015096348041,-0.018366140320666663,0.12,-0.007710548643731802,0.005493208355353496,-0.02290653972614115,-0.009479079050550926,-0.0038522251606004504,0.004440766929828269,0.00916323747558373,1.0000705929098646,1.0004037275626685,0.9999734815645923,1.0001902287406224,1.0000391613018766,1.000420349045579,0.9995383542568304,1.0006179710647096,1.0002053386813412,1.0006991869123134
162,1.7040168117687413,0.2952004529933537,0.0,0.25134721162946905,18.0,0.21395450569112295,-0.159406245712302,0.060955596614958904,0.20310479256552638,-0.16487004415029005,0.17456631588100435,-0.18259677512367514,0.1785602836168207,-0.18063226437869773,0.18536998803434288,0.06885435210721912,0.058232352526650294,-0.03,0.03859385290919348,0.026350399439124983,0.007846160984717604,0.0003099770882139252,-0.0077329873606861305,-0.006390951380445473,-0.007036177833217999,1.0002259143385457,1.000637201543491,1.0002662439441528,1.0004094569932753,1.0001675105374381,1.0005800792931105,0.9995998004553723,1.0005963817643264,1.000164330132521,1.0006573414253548
163,1.711642740482069,0.30456095024025237,0.0,0.20297453356618664,18.0,0.21471674298741283,-0.141447351427302,-0.05904440338504109,0.21187716633866702,-0.17046214789947195,0.19742493680858372,-0.1729342107555388,0.18258583324586575,-0.1848772067581771,0.17627274087600878,0.0007622372962898943,0.017958894285,-0.12,0.008772373773140635,-0.005592103749181898,0.02285862092757937,0.00966256436813634,0.004025549629045069,-0.00424494237947938,-0.009097247158334099,1.0000246575138283,1.0004537087756642,1.0000701689428904,1.0002689280584585,1.0000247852679167,1.0006651287562538,0.9996537142931298,1.0006321746263602,1.000143547907759,1.0006104702767988
164,1.6584361402185182,0.29684626236460215,0.0,0.25129486300002385,18.0,0.14607731733017743,-0.19923048479879654,-0.029044403385041093,0.17225344627408026,-0.19668367928167063,0.18965461647116477,-0.17340438947655645,0.1901647815951964,-0.17865994118563083,0.18326308042020373,-0.0686394256572354,-0.057783133371494544,0.03,-0.039623720064586754,-0.026221531382198682,-0.007770320337418951,-0.00047017872101765,0.007578948349330636,0.006217265572546274,0.006990339544194951,0.9998700898588662,1.0002189030875712,0.9997763648091874,1.000048555606558,0.9998941517685292,1.0005026636807883,0.9995910716373485,1.0006521228121505,1.0001827276363844,1.0006509194879711
165,1.7117369504607607,0.3004179013397651,0.0,0.20272135966444427,18.0,0.14505636454142246,-0.21771240200688416,0.0909555966149589,0.16435539716493355,-0.19143039108540788,0.16643247991314672,-0.18324402311829432,0.18591507095010978,-0.17463820715684014,0.19199701790876272,-0.0010209527887549835,-0.018481917208087617,0.12,-0.00789804910914671,0.005253288196262751,-0.023222136558018053,-0.009839633641737872,-0.004249710645086627,0.004021734028790705,0.008733937488558996,1.000069715035431,1.00040253471469,0.9999718163347479,1.000187910630402,1.0000360488011435,1.0004161303097656,0.9995332002779626,1.0006119085933467,1.0001999882055617,1.0006947470679812
166,1.703735958715328,0.29523511952098674,0.0,0.2512083905749902,18.0,0.21387324954205095,-0.15951348564643014,0.060955596614958904,0.20291782814502662,-0.16509466765330133,0.1742690580900933,-0.18293704317495602,0.17818572976279412,-0.18102601241395078,0.18496328767176579,0.06881688500062848,0.05819891636045402,-0.03,0.03856243098009307,0.02633572343210655,0.00783657817694658,0.00030697994333830914,-0.0077293411873156775,-0.006387805257110621,-0.007033730236996938,1.0002249106808083,1.000635819282802,1.000264356280582,1.0004069433124732,1.0001642470357939,1.0005757202214431,0.9995945796803456,1.0005902937784577,1.0001589778596847,1.0006529078762572
167,1.7116348315384688,0.3045551576764488,0.0,0.20325480353385583,18.0,0.21468257083682396,-0.14147677898012048,-0.05904440338504109,0.21185696500276238,-0.17047517855549219,0.19742067229781127,-0.17293090984430926,0.1825955226748573,-0.1848680710329274,0.17628375892832376,0.0008093212947730272,0.01803670666630966,-0.12,0.008939136857735758,-0.005380510902190855,0.02315161420771797,0.01000613333064676,0.004409792912063157,-0.003842058618976643,-0.008679528743442022,1.0000245572502913,1.0004535676044217,1.000069998452672,1.0002687931459793,1.0000247056162934,1.0006650774462105,0.9996537326683261,1.000632259506459,1.000143643342522,1.0006105567991015
168,1.6586916436786736,0.29689714531609745,0.0,0.2512279708027302,18.0,0.14612251199484771,-0.19915456399583611,-0.029044403385041093,0.17241009094050383,-0.19647849469902162,0.1899373268805533,-0.17307600083142383,0.19053230386434744,-0.17827277002315733,0.1836631770639413,-0.06856005884197626,-0.05767778501571563,0.03,-0.03944687406225855,-0.026003316143529437,-0.0074833454172579805,-0.00014509098711457113,0.007936781189490136,0.006595301009770058,0.007379418135617544,0.9998709583063058,1.0002200887404604,0.9997780121273876,1.0000508416202238,0.9998972048562725,1.0005067917711687,0.9995961021114413,1.000658041947105,1.0001879470630755,1.0006552522653205
169,1.7119835090214415,0.300414214457574,0.0,0.20265888011246277,18.0,0.1451322815018552,-0.21761430283053695,0.0909555966149589,0.16451853409353004,-0.1912244654788782,0.1667018326611388,-0.18293775571441873,0.18625360517832157,-0.174283675488901,0.19236145945890193,-0.0009902304929925027,-0.01845973883470084,0.12,-0.00789155684697379,0.005254029220143425,-0.023235494219414482,-0.0098617548829949,-0.004278698686025886,0.003989094534256346,0.008698282394960621,1.000070625499157,1.0004037755306965,0.999973520483369,1.0001901789391778,1.000038989525707,1.0004200612469465,0.9995379176376171,1.0006173926106183,1.000204805574782,1.000698737515211
170,1.7037342392168329,0.2952443277046056,0.0,0.25132012623748495,18.0,0.21390112024005092,-0.15949467217185184,0.060955596614958904,0.2029309088227081,-0.16509934202043824,0.17425118832631392,-0.1829632387993993,0.17815066085971698,-0.18106305148780982,0.1849244598735849,0.06876883873819574,0.05811963065868511,-0.03,0.03841237472917805,0.026125123458439953,0.007549355665175117,-2.5483084980570947e-05,-0.008102944318604602,-0.006779375998908835,-0.007436999585317017,1.0002249354906305,1.0006358705809963,1.0002643970614504,1.000406902240234,1.0001641056041464,1.000575476213254,0.9995941925107015,1.0005897860823207,1.000158514391213,1.0006525151359715
171,1.7113902272459238,0.3045464040263513,0.0,0.2029351169236104,18.0,0.21463576140545243,-0.14155051208808261,-0.05904440338504109,0.21170749534551395,-0.1706749759647935,0.19714857507820688,-0.17325051967281496,0.18223849090311195,-0.18524212215126884,0.17589737125163762,0.00073464116540152,0.01794416008376923,-0.12,0.008776586522805857,-0.005575633944355257,0.022897386751892956,0.009712719126584335,0.004087830043394983,-0.004179070663459031,-0.009027088621947288,1.0000237118649,1.0004524195429747,1.000068400847054,1.0002665852924753,1.0000217509458973,1.000661078457882,0.9996488580950308,1.000626530418926,1.0001385876956073,1.000606364098724
172,1.6584761590725294,0.2968595029208583,0.0,0.2513489353104665,18.0,0.14605449932319176,-0.19924873287531134,-0.029044403385041093,0.17226192164350085,-0.19666253930374702,0.18969503524874232,-0.17334971559263912,0.19023168768771354,-0.17859099602307676,0.1833366279895657,-0.06858126208226069,-0.05769822078722872,0.03,-0.0394455737020131,-0.025987563338953523,-0.007453539829464562,-9.919591982415765e-05,0.0079931967846016,0.006651126128192061,0.007439256737928085,0.9998701318626289,1.000218962253957,0.9997764715405235,1.000048793178678,0.9998945657008563,1.000503273313436,0.9995918812846353,1.0006531331175335,1.0001836379052929,1.000651682137393
173,1.7120092291468292,0.30041820393031615,0.0,0.20239353328334175,18.0,0.14511051204279907,-0.21762789740838137,0.0909555966149589,0.16452362229007308,-0.19120655404064926,0.16673628723227463,-0.18288999233584446,0.18631095544414428,-0.174222919960552,0.19242489177715216,-0.0009439872803927024,-0.018379164533070036,0.12,-0.007738299353427763,0.005455985263097762,-0.02295874801646769,-0.009540276743205345,-0.003920732243569272,0.004368076062524748,0.009088263787586454,1.0000706621715723,1.0004038225067096,0.9999736077601182,1.0001903808797603,1.0000393418388718,1.000420581309639,0.9995386187766258,1.0006182675329651,1.0002055952220652,1.000699398201372
174,1.7039726523310548,0.29520790339790065,0.0,0.2513393366338692,18.0,0.21394815006147677,-0.1594187005987664,0.060955596614958904,0.20307861440220562,-0.16490610868121724,0.17451594528701178,-0.1826557333445179,0.1784939738421022,-0.18070201168405198,0.18529781781474594,0.06883763801867769,0.05820919680961498,-0.03,0.038554992112132536,0.026300445359432018,0.007779658054737154,0.00023425899132656358,-0.007816981602042097,-0.006479091723499961,-0.007127073962406222,1.0002257635373848,1.0006369977315492,1.0002659589870166,1.0004090559490189,1.0001669699224318,1.000579344722013,0.9995988991910438,1.0005953180707012,1.0001633911061159,1.0006565615861462
175,1.7115861417763243,0.30455803868789066,0.0,0.2029458578404621,18.0,0.2147008221826377,-0.14146862618878414,-0.05904440338504109,0.21184018755885486,-0.1705094010493316,0.1973626854198288,-0.17300603734552922,0.18250653115261561,-0.1849604468526218,0.17618700064107956,0.0007526721211609105,0.017950074409982253,-0.12,0.008761573156649244,-0.005603292368114354,0.02284674013281701,0.009649695998988683,0.004012557310513407,-0.004258435168569816,-0.00911081717366638,1.0000244505413654,1.000453426921172,1.000069780768811,1.0002684073052786,1.000024104090693,1.0006642156204073,0.999652613833015,1.0006308911125397,1.0001424184661254,1.0006095347669584
176,1.6584271857981832,0.2968456836786912,0.0,0.2513118177290032,18.0,0.14606896677604758,-0.19923996777324493,-0.029044403385041093,0.17224432246363605,-0.19669335882167724,0.18964383480688576,-0.1734151647875318,0.19015401520963404,-0.1786716311138014,0.18325152066068295,-0.0686318554065901,-0.05777134158446079,0.03,-0.03959586509521881,-0.02618395777234564,-0.007718850612943029,-0.00040912744200258255,0.007647484057018442,0.006288815738820411,0.007064520019603393,0.9998700381420764,1.0002188328950652,0.9997762728377165,1.000048448223716,0.9998940302280324,1.0005025106486136,0.9995909002576163,1.000651934197195,1.000182565706048,1.0006507866509742
177,1.7117811974252506,0.30041819528312386,0.0,0.20265156501488288,18.0,0.1450632685989598,-0.21770019093398316,0.0909555966149589,0.16438197282669992,-0.19139424437670038,0.16648225563209548,-0.1831854824309808,0.18598081056475008,-0.17456920388360986,0.19206817156251205,-0.0010056981770877743,-0.018460223160738226,0.12,-0.007862349636936133,0.005299114444976855,-0.02316157917479028,-0.009770317643448989,-0.004173204644883952,0.004102427230191566,0.008816650901829093,1.0000698652267654,1.0004027387217396,0.999972101671892,1.0001883098419728,1.0000365868401302,1.000416860637125,0.9995340941499177,1.0006129612787888,1.0002009176960993,1.000695518498663
178,1.7037896555761374,0.29522829049802496,0.0,0.25123374787457053,18.0,0.21388823781405158,-0.1594933577671603,0.060955596614958904,0.2029533018135833,-0.1650516594169298,0.1743261985205795,-0.18287152386198283,0.17825797044629682,-0.18095006580587936,0.1850417435147148,0.0688249692150918,0.05820683316682285,-0.03,0.03857132898688337,0.02634258495977057,0.007843942888484029,0.00031395856899796293,-0.007722840118453242,-0.0063808619222694846,-0.00702642804779724,1.000225101970528,1.0006360824067004,1.0002647161730123,1.0004074243933017,1.0001648733173576,1.000576557807006,0.9995955846635451,1.0005914667815954,1.000160009440257,1.0006537625546843
179,1.7116410548347778,0.3045564360918329,0.0,0.20320741221776134,18.0,0.21469000183631515,-0.14146973484168016,-0.05904440338504109,0.21186370594259268,-0.17046883871700252,0.1974267300033377,-0.17292538248499398,0.18260055004515147,-0.18486260962608086,0.1762890979525825,0.0008017640222635763,0.018023622925480154,-0.12,0.008910404129009397,-0.005417179300072711,0.023100531482758202,0.009946141376988848,0.004342579598854632,-0.0039125438202014945,-0.008752645562132316,1.0000245926973024,1.0004536167018363,1.000070061814723,1.0002688614690023,1.0000247777686684,1.0006651643036435,0.9996538230787876,1.0006323536714907,1.0001437225147325,1.0006106210474421
180,1.658646976990895,0.2968881185412198,0.0,0.2512384253581804,18.0,0.14611518746626256,-0.19916725562509907,-0.029044403385041093,0.17238301528996064,-0.19651415286800172,0.18988797822398146,-0.173133471769034,0.19046787439854607,-0.17834061482709002,0.18359302313787842,-0.0685748143700526,-0.057697520783418915,0.03,-0.039480690652632044,-0.0260453141509992,-0.007538751779356256,-0.00020808928404000837,0.007867324353394614,0.006521994798990863,0.007303925185295934,0.9998708082974562,1.0002198839034184,0.9997777270594654,1.0000504443024902,0.9998966723563235,1.0005060708150324,0.9995952222723647,1.0006570055694082,1.0001870328233038,1.0006544931970802
181,1.7119359026394698,0.30041481892353866,0.0,0.20267593214107088,18.0,0.1451181956169177,-0.2176327849385716,0.0909555966149589,0.1644872650786758,-0.1912641567473236,0.1666497033654274,-0.182997193897909,0.18618781682566227,-0.17435258557862887,0.19229060397539494,-0.0009969918493448887,-0.018465529313472534,0.12,-0.00789575021128483,0.005249996120678113,-0.023238274858554064,-0.009863722128875013,-0.004280057572883814,0.0039880292484611585,0.008697580837516511,1.0000704508307314,1.0004035375425158,0.9999731931898342,1.0001897416415808,1.0000384208543347,1.0004193001446429,0.9995370027882858,1.0006163279293843,1.000203869913555,1.0006979623370793
182,1.7037299767611773,0.2952432734063875,0.0,0.25125620169676666,18.0,0.213894888583966,-0.1594997307882576,0.060955596614958904,0.20292556715645768,-0.1651021721644446,0.17424950107688358,-0.1829641585614412,0.1781507462896263,-0.18106293073157947,0.18492468479356208,0.06877669296704829,0.058133054150314,-0.03,0.03843830207778187,0.026161984582879022,0.007599797711456191,3.303533646781265e-05,-0.008037070536035987,-0.006710345152950617,-0.007365919181832853,1.0002249147956088,1.0006358390691008,1.0002643591817306,1.0004068685973075,1.0001640774451832,1.0005754483041736,0.9995941757988772,1.0005897764974254,1.0001585089822602,1.000652512210376
183,1.7114331890387648,0.30454782436065564,0.0,0.20299599258845352,18.0,0.21464345165683146,-0.14153800091806218,-0.05904440338504109,0.21173349872677674,-0.17063999051443388,0.19719644000682168,-0.17319416279088845,0.1823015441818462,-0.18517607996422691,0.17596561689383597,0.0007485630728654852,0.017961729870195425,-0.12,0.00880793157031906,-0.0055378183499892875,0.0229469389299381,0.009769995770552736,0.004150797892219879,-0.004113149232647426,-0.008959067899726114,1.0000238591610648,1.0004526194959866,1.000068679517329,1.0002669720466093,1.0000222701585197,1.0006617821013448,0.9996497171145358,1.00062754105021,1.0001394798611931,1.0006071041007285
184,1.658518273563659,0.2968669431697026,0.0,0.25132654314661607,18.0,0.14606721579598708,-0.1992309092664052,-0.029044403385041093,0.17229057006344176,-0.19662678033377903,0.18974231617706355,-0.17329615561200332,0.1902906227033434,-0.1785286390073036,0.18340066121929097,-0.06857623586084437,-0.05769290834834301,0.03,-0.039442928663334986,-0.025986789819345157,-0.00745412382975813,-0.00010199282111486574,0.007989078521497231,0.006647440956923337,0.007435044325454998,0.9998702915758368,1.0002191799802154,0.9997767697244644,1.000049191215678,0.9998950802776202,1.0005039602751205,0.999592706657869,1.000654094145235,1.0001844819126968,1.0006523815328494
185,1.7120087074555494,0.30041744316507685,0.0,0.20243926334320672,18.0,0.1451155814900093,-0.21762390780841406,0.0909555966149589,0.16452537821632898,-0.1912063606828789,0.16673459783543026,-0.1828934250709771,0.18630635862583345,-0.17422785588982043,0.19241964522089794,-0.0009516343059777638,-0.018392998542008876,0.12,-0.0077651918471127734,0.005420419650900121,-0.023007718341633288,-0.009597269458973795,-0.003984264077509972,0.004300783117483151,0.009018984001606972,1.0000706705175615,1.0004038344084494,0.999973620096913,1.000190382191544,1.0000393275986508,1.0004205536237245,0.9995385719867834,1.0006182026009405,1.0002055344712977,1.0006993467189893
186,1.7039306245314034,0.29521444404488445,0.0,0.2513279658464817,18.0,0.21394031804994973,-0.15943177819763324,0.060955596614958904,0.2030528064775472,-0.16494022546627182,0.1744690141807956,-0.18271033059790265,0.17843292426095375,-0.18076621618446437,0.18523141450092623,0.06882473655994044,0.058192129610780824,-0.03,0.038527428261218216,0.02626613521660709,0.007734416345365341,0.00018309447307446325,-0.007873434364879708,-0.006538360294643927,-0.007188230719971711,1.0002256180684284,1.0006368000015453,1.0002656844942461,1.0004086758749762,1.0001664630330231,1.0005786592625796,0.9995980637484815,1.0005943352797213,1.0001625244696237,1.000655842362238
187,1.711547649362236,0.30455583249223817,0.0,0.2029387686384316,18.0,0.214688599360983,-0.141484250378601,-0.05904440338504109,0.21181438172109399,-0.17054181860581274,0.19732054181358322,-0.17305430423698068,0.18245350497639906,-0.18501615149170136,0.17612969339203974,0.0007482813110332581,0.01794752781903225,-0.12,0.008761575243546788,-0.005601593139540922,0.02285152763278761,0.009656026360921971,0.004020580715445324,-0.004249935307236982,-0.00910172110888649,1.0000243066641896,1.0004532307871747,1.0000695116953116,1.000268050427163,1.0000236415000694,1.0006635979282184,0.9996518729280344,1.0006300297350956,1.000141661394107,1.000608908015547
188,1.6584323084727848,0.29684750693543915,0.0,0.25132032467807114,18.0,0.14606531217137736,-0.19924304365934742,-0.029044403385041093,0.17224501336668913,-0.19669092252811995,0.18964891393352024,-0.1734080866316372,0.1901628086971459,-0.17866260213201368,0.1832612019678927,-0.06862328718960566,-0.05775879328074643,0.03,-0.03956936835440486,-0.02614910392230721,-0.007671627880062981,-0.0003537823946565266,0.007709303720746838,0.006353549359687696,0.007131508575852957,0.9998700412106192,1.0002188373626868,0.9997762827869985,1.0000484756775525,0.9998940816374106,1.0005025877789429,0.9995910044301595,1.0006520655624893,1.000182684500504,1.0006508863344092
189,1.7118217866616325,0.30041823798934947,0.0,0.20260179486693403,18.0,0.14507123718866743,-0.21768767670618502,0.0909555966149589,0.16440700889486937,-0.1913608888493199,0.1665275669481572,-0.18313265124317424,0.18603990274538545,-0.1745072132484649,0.1921320442224501,-0.000994074982709911,-0.018444633046837605,0.12,-0.00783800447181976,0.005330033678800056,-0.023121346985363028,-0.009724564611537034,-0.004122905951760472,0.004155388883548758,0.008870842254557393,1.0000700062154426,1.0004029304084547,0.9999723684085438,1.0001886779665357,1.0000370778989913,1.0004175245406148,0.99953490262587,1.0006139102750318,1.000201754546835,1.0006962127051915
190,1.703825772029445,0.29522409676633926,0.0,0.2512534925112212,18.0,0.21389955696292945,-0.15947897015608634,0.060955596614958904,0.20297778201584243,-0.165022876056591,0.17436393071451653,-0.18282850802731768,0.17830512907658885,-0.18090049552638726,0.18509292687822637,0.06882831977426203,0.05820870655009869,-0.03,0.03857077312097307,0.026338012792728904,0.007836363766359322,0.00030414321585656157,-0.007734773668796588,-0.006393282277922338,-0.0070391173442237165,1.0002252319824738,1.000636261991056,1.0002649605199285,1.000407746846547,1.0001652892528692,1.0005771116815112,0.999596245112021,1.0005922352113623,1.000160684482844,1.0006543214545178
191,1.7116345675584195,0.30455690765125826,0.0,0.2031615101516667,18.0,0.21469296614221411,-0.14146820712910224,-0.05904440338504109,0.21186172181925353,-0.17047329091732025,0.19741893044247416,-0.17293561451030806,0.1825883468834521,-0.184875263603421,0.176275822725833,0.0007934091792846515,0.018010763026984095,-0.12,0.008883939803411095,-0.005450414860729252,0.02305499972795763,0.009892893517009616,0.004283217806863235,-0.003974768077033744,-0.008817104152393368,1.0000245796701641,1.000453599656848,1.000070034752284,1.000268811100837,1.0000246973678877,1.0006650482086148,0.9996536711415801,1.0006321669478437,1.0001435550949986,1.0006104812541765
192,1.6586074611530617,0.29688039663807075,0.0,0.2512507539918183,18.0,0.14610728056461397,-0.19917992221737713,-0.029044403385041093,0.17235829578206777,-0.19654622365810248,0.18984413641544334,-0.17318416011265386,0.19041132097971097,-0.1784002390466497,0.1835314789914015,-0.06858568557760013,-0.057711715088274884,0.03,-0.03950342603718576,-0.026072932740782234,-0.007574794027030818,-0.00024854560234580103,0.007822974096258858,0.0064750245567713055,0.007255656265568483,0.9998706711005871,1.0002196966495458,0.9997774676463151,1.0000500870551812,0.9998961982003693,1.000505431240328,0.9995944449383725,1.000656092683199,1.000186228445571,1.000653825677875
193,1.7119049394803851,0.3004154057456646,0.0,0.20267583742362283,18.0,0.14510775104257584,-0.21764583555953532,0.0909555966149589,0.1644664120260794,-0.19129012639682905,0.1666160730349783,-0.1830351693006466,0.1861459801843851,-0.1743963775986319,0.19224561772176477,-0.0009995295220381478,-0.01846591334215819,0.12,-0.007891883755988371,0.005256097261273435,-0.02322806338046504,-0.009851009187992726,-0.004265340795325853,0.004003861448017801,0.00871413873036328,1.0000703347060118,1.0004033791903646,0.9999729764059717,1.0001894557228257,1.0000380529567203,1.0004188098748528,0.9995364168010642,1.000615648545268,1.0002032737645064,1.0006974687216181
194,1.7037375147081417,0.29524096505255626,0.0,0.2512505317541233,18.0,0.21389274227168897,-0.15949982256004117,0.060955596614958904,0.20292841626909153,-0.16509564113934624,0.17425992594500667,-0.18295134964018567,0.17816579647545588,-0.18104708270741826,0.18494114108494852,0.06878499122911315,0.05814601299949415,-0.03,0.03846200424301213,0.026194485257482802,0.007643852910028365,8.381966046092093e-05,-0.007980183708929209,-0.006650705108786334,-0.007304476636816243,1.0002249370080898,1.0006358670510347,1.000264401858471,1.0004069399731181,1.0001641835496218,1.0005755984304054,0.9995943700769323,1.0005900116206574,1.0001587183039435,1.0006526869479722
195,1.7114707004631413,0.3045492958599309,0.0,0.20303749194531037,18.0,0.21465147604608253,-0.1415259925862532,-0.05904440338504109,0.2117568195147084,-0.1706091798337755,0.1972380508450952,-0.17314550177468208,0.18235574716734498,-0.18511926686611485,0.1760242624440436,0.0007587337743935468,0.017973829973787964,-0.12,0.008828403245616873,-0.005513538694429249,0.02297812490008852,0.009805847865503592,0.0041899506918890855,-0.004072184158696604,-0.00891687864090493,1.0000239906959982,1.0004527982555156,1.0000689276008896,1.0002673122840688,1.0000227228676006,1.000662393354158,0.9996504601040126,1.0006284126443872,1.0001402484685458,1.0006077413233374
196,1.6585445204181721,0.2968713580873017,0.0,0.25130982880785596,18.0,0.14607641847935976,-0.19921851338613641,-0.029044403385041093,0.17230911085736159,-0.19660402469447333,0.18977194749261042,-0.1732629146382593,0.19032695274260997,-0.1784901320162567,0.1834401027260638,-0.06857505756672279,-0.05769252079988321,0.03,-0.039447708657346814,-0.025994844860697836,-0.007466103352484765,-0.00011741286357722092,0.007971205575264997,0.006629134849858151,0.007415840282020192,0.9998703951294194,1.0002193210789057,0.999776962023343,1.00004944442844,0.9998954037175,1.0005043899803652,0.9995932201150278,1.0006546895172908,1.0001850039472466,1.0006528138167698
197,1.7119983978785616,0.30041692416274973,0.0,0.20248135323806232,18.0,0.1451169352553865,-0.21762437570329354,0.0909555966149589,0.16452037611588738,-0.19121442664428145,0.16672236574827437,-0.1829086428484229,0.18628884290058711,-0.17424630511445943,0.19240053093300988,-0.0009594832239732537,-0.01840586231715713,0.12,-0.007788734741474207,0.005389598050191874,-0.02304958174433605,-0.009645728210163601,-0.004038109842022838,0.004243826901797268,0.008960428206946092,1.000070641340576,1.0004037951022107,0.999973562642261,1.0001902926348933,1.000039197690935,1.0004203724825125,0.9995383428597673,1.0006179271116158,1.0002052892563889,1.0006991425920795
198,1.703894306934579,0.29521974902120035,0.0,0.25131569061846604,18.0,0.21393242301192167,-0.15944385266842373,0.060955596614958904,0.20302994034452668,-0.164969576258746,0.17442909645578591,-0.1827565525195017,0.17838147073055116,-0.1808203222590153,0.1851754760711481,0.06881548775653516,0.05818052303486981,-0.03,0.0385095642286393,0.02624485038553545,0.007706730707511544,0.00015209032892118945,-0.00790737217003594,-0.006574017144555841,-0.007225054861861785,1.0002254911325839,1.0006366267617814,1.0002654452151993,1.0004083484578612,1.0001660298340114,1.0005780755619913,0.9995973559176777,1.0005935046960002,1.0001617926822721,1.0006552353740747
199,1.7115241040179676,0.3045542779190575,0.0,0.20294541185673812,18.0,0.2146798887472423,-0.1414948293910128,-0.05904440338504109,0.21179801571699178,-0.17056189653103543,0.19729493404789417,-0.1730833137955172,0.18242187146480265,-0.18504942363760268,0.17609552730082773,0.0007474657353206265,0.017949023277410936,-0.12,0.0087680753724651,-0.005592320272289425,0.02286583759210825,0.009673238723984512,0.004040400734251479,-0.00422910137858741,-0.009079948770320367,1.0000242158997352,1.0004531068815623,1.0000693426143674,1.0002678297263272,1.00002335913537,1.0006632230354977,0.9996514263692123,1.0006295130410474,1.0001412080792789,1.0006085330265269
200,1.6584453592718005,0.29685058398632375,0.0,0.25132285392237447,18.0,0.1460648674136779,-0.19924194140100224,-0.029044403385041093,0.1722515354322906,-0.19668145466544404,0.1896629989485881,-0.17339101443807126,0.19018244184664362,-0.17864206102090335,0.18328264072013814,-0.06861502133356441,-0.05774711200998944,0.03,-0.039546480284701174,-0.02611955813440861,-0.00763193509930607,-0.0003077006425540596,0.007760570381840984,0.006407362616699316,0.007187113419310415,0.9998700769115969,1.0002188862708472,0.9997763529978501,1.0000485813492392,0.9998942316679631,1.0005027952364576,0.9995912633849914,1.000652375570419,1.0001829596480214,1.0006511153870041
201,1.711855899397798,0.3004181252118933,0.0,0.20256931402680262,18.0,0.14507900659689604,-0.21767629860950527,0.0909555966149589,0.16442848110454053,-0.1913327265208277,0.1665654189648865,-0.18308882057860326,0.18608877061359813,-0.1744559719614373,0.1921848078325443,-0.0009858608167818833,-0.018434357208503033,0.12,-0.007823054327750073,0.005348728144616344,-0.0230975799837016,-0.009697806140532006,-0.004093671233045507,0.004186089059466033,0.008902167112406156,1.0000701268144188,1.0004030944886555,0.9999725958539837,1.0001889886070159,1.0000374889617636,1.0004180785419015,0.9995355745559863,1.000614696917093,1.000202447505155,1.000696787320717
202,1.7038475079105564,0.29522192564053,0.0,0.2512677808614186,18.0,0.2139074764288389,-0.15946955135625576,0.060955596614958904,0.20299306989695193,-0.16500568207007613,0.17438601273291096,-0.18280356094632505,0.1783322313485161,-0.18087201425614713,0.18512231225957554,0.06882846983194284,0.05820674725324951,-0.03,0.0385645887924114,0.02632704445075157,0.007820593768024464,0.00028525963227821194,-0.0077565392650820325,-0.006416042294709837,-0.007062495572968758,1.0002253114357227,1.000636372402264,1.0002651096176063,1.0004079399059413,1.0001655348347724,1.00057743653756,0.9995966287261117,1.0005926793146454,1.0001610739331315,1.0006546435476864
203,1.7116211175755556,0.3045568453861644,0.0,0.2031213400825433,18.0,0.2146929312071063,-0.14147015873195654,-0.05904440338504109,0.2118546982644671,-0.17048376595771184,0.19740361677955912,-0.17295424851824884,0.1825670643530536,-0.18489748166027342,0.1762527487181379,0.0007854547782673998,0.017999392624299226,-0.12,0.008861628367515167,-0.00547808388763571,0.023017604046648155,0.009849312428076212,0.004234833004537461,-0.004025467404126307,-0.008869563541437642,1.0000245388560416,1.0004535446200271,1.0000699561466222,1.0002686946410222,1.0000245336700258,1.0006648222593515,0.999653389428136,1.0006318309284645,1.000143256976935,1.0006102334479345
204,1.6585752070863813,0.29687427295342933,0.0,0.25126291102430637,18.0,0.14609985639083767,-0.19919123926871463,-0.029044403385041093,0.1723375980056137,-0.19657275764290078,0.18980822616078183,-0.17322542821984502,0.19036546349396105,-0.17844863659743232,0.18348159792125318,-0.06859307481626865,-0.05772108053675809,0.03,-0.03951710025885338,-0.02608899168518894,-0.007595390618777287,-0.0002711797015961803,0.00779839914090745,0.006448845062841088,0.007228849203115284,0.9998705560650116,1.000219539700973,0.9997772509962765,1.0000497915498967,0.9998958090955514,1.0005049080023642,0.999593811161121,1.0006553502588018,1.0001855748990538,1.0006532835552475
205,1.7118872500851396,0.3004159163237851,0.0,0.20266543817770938,18.0,0.1451005972902868,-0.217654243928788,0.0909555966149589,0.16445402164191864,-0.191305105816056,0.16659711378147124,-0.18305623300429705,0.1861229592467582,-0.17442044631060216,0.19222093245000285,-0.0009992591005508616,-0.018463004660073362,0.12,-0.007883576363695077,0.005267651826844771,-0.02321111237931059,-0.00983080478445203,-0.004242504247202836,0.004028190286830144,0.00873933452874967,1.0000702660323093,1.0004032854261342,0.999972848938048,1.0001892909883152,1.0000378445933915,1.0004185341752814,0.999536090375578,1.000615272510683,1.0002029446540739,1.0006971964831854
206,1.7037513573177914,0.29523814700368534,0.0,0.2512498437536257,18.0,0.21389327961013438,-0.15949691685838185,0.060955596614958904,0.20293589282831276,-0.16508416701355283,0.1742765384644891,-0.18293163173643834,0.17818826302546686,-0.18102344361448142,0.1849656275515753,0.0687926823198476,0.058157327070406134,-0.03,0.03848187118639412,0.026220938802503174,0.007679424683017855,0.0001246012678587094,-0.007934696221291324,-0.006602997303879268,-0.007255304898427545,1.0002249826913827,1.0006359278743602,1.0002644884985796,1.0004070670038057,1.0001643592421692,1.0005758398376117,0.9995946708072487,1.0005903691760158,1.0001590347433162,1.0006529501490045
207,1.7115009813836588,0.30455064251686126,0.0,0.20306296322985343,18.0,0.21465885605150137,-0.14151555177635397,-0.05904440338504109,0.21177606974951627,-0.1705841264324167,0.1972715157782392,-0.17310659680921706,0.1823989158480948,-0.18507399095948812,0.17607095459379016,0.0007655764413669747,0.017981365082027884,-0.12,0.008840176921203508,-0.005499959418863859,0.02299497731375011,0.009825034927221282,0.004210652822627933,-0.004050547345006719,-0.008894672957785149,1.0000240988923679,1.0004529454336106,1.0000691311491376,1.0002675886950192,1.0000230878776821,1.0006628846326309,0.9996510550198657,1.0006291087760928,1.0001408617745415,1.0006082495859265
208,1.6585584568269742,0.2968734847648556,0.0,0.2512982914305834,18.0,0.14608253792719483,-0.1992106884801741,-0.029044403385041093,0.17231961792610795,-0.19659148859167996,0.18978783996449042,-0.17324539852389775,0.1903458573852464,-0.17847002872731782,0.18346059591582395,-0.06857631812430655,-0.05769513670382012,0.03,-0.03945645182340832,-0.026007362159263275,-0.007483675813748786,-0.00013880171468069746,0.007946941537151572,0.006603962232170316,0.007389641322033791,0.999870453990663,1.0002194012169634,0.9997770703676321,1.0000495838453425,0.9998955781036842,1.0005046196626293,0.9995934918458378,1.000655002206385,1.0001852773024729,1.0006530398784874
209,1.7119832864226392,0.30041660664281916,0.0,0.2025168192251901,18.0,0.14511591120834733,-0.21762747576816324,0.0909555966149589,0.16451183562286922,-0.1912266112687837,0.16670508034927267,-0.1829293466086222,0.18626540118045237,-0.17427093946259048,0.19237508833857886,-0.0009666267188475214,-0.01841678728798915,0.12,-0.007807782303238725,0.005364877322896255,-0.023082759615217746,-0.009683948084724447,-0.004080456204794011,0.004199089264727354,0.00891449242275491,1.0000705926654583,1.0004037291325947,0.9999734692572398,1.000190157850973,1.0000390118894646,1.0004201181140104,0.999538028187567,1.0006175539860644,1.0002049589122,1.0006988681480433
210,1.70386525042837,0.29522375090178665,0.0,0.2513041648378527,18.0,0.21392532178670165,-0.15945405166998858,0.060955596614958904,0.20301125276481422,-0.16499296789459061,0.17439760306967508,-0.18279286668456468,0.17834121046074242,-0.18086265344368052,0.18513172603865316,0.06880941057835431,0.058173424098174664,-0.03,0.03849941714194499,0.026233643374193094,0.007692522720402412,0.00013647992405751985,-0.007924190719709942,-0.006591713981090028,-0.007243362299925699,1.0002253887181836,1.0006364865050323,1.0002652523272695,1.000408087210455,1.000165686601787,1.0005776145684777,0.9995967994232813,1.0005928531764245,1.0001612191088272,1.0006547598488755
211,1.7115120305445832,0.30455327642941366,0.0,0.20295961617320848,18.0,0.21467420856632102,-0.14150125895285967,-0.05904440338504109,0.21178905245481375,-0.17057243630661317,0.1972819712639579,-0.17309768290623054,0.1824064393083723,-0.18506569627979613,0.1760788811205775,0.0007488867796193593,0.017952792717128907,-0.12,0.008777799689999533,-0.005579468412022559,0.022884368194282828,0.009695183778334143,0.004065228847629873,-0.0042030428361155975,-0.009052844918075648,1.0000241666473608,1.0004530394785818,1.0000692514968919,1.0002677141942058,1.0000232149332096,1.0006630336942797,0.9996512039197774,1.0006292581252492,1.000140985246371,1.0006083489902178
212,1.6584618042218116,0.2968540924229832,0.0,0.25132152082598613,18.0,0.14606640039344715,-0.19923844195153492,-0.029044403385041093,0.17226087814397256,-0.19666875441342613,0.18968101755246297,-0.17336972892355906,0.19020652711077507,-0.17861675890062723,0.18330889344696524,-0.06860780817287389,-0.05773718299867525,0.03,-0.039528174310841185,-0.026096318106812955,-0.00760095371149494,-0.0002720460173285255,0.00780008780240278,0.0064489373791688925,0.00723001232638773,0.9998701284812722,1.0002189567595137,0.9997764520620835,1.0000487229399948,0.9998944252179748,1.0005030592358668,0.9995915881670884,1.000652760379902,1.0001832998614597,1.0006513981295533
213,1.711882522395348,0.30041792974667547,0.0,0.2025506555743223,18.0,0.1450858376597131,-0.21766680268138577,0.0909555966149589,0.16444554731707808,-0.19131065512603818,0.16659479604587013,-0.18305502186350173,0.18612633971565484,-0.17441659533500492,0.1922253300361422,-0.0009805627337340223,-0.01842836072985085,0.12,-0.007815330826894479,0.005358099287387952,-0.02308622150659284,-0.009685292939942663,-0.004080187395120213,0.004200163565622292,0.008916436589176957,1.0000702224425493,1.0004032246758665,0.9999727757018329,1.0001892319412058,1.0000378085963975,1.000418508066159,0.9995360935575365,1.000615303020442,1.0002029809002286,1.00069722945926
214,1.7038583032494943,0.29522119777942435,0.0,0.2512772817449631,18.0,0.21391251648099224,-0.1594641138105583,0.060955596614958904,0.2030012175612247,-0.16499727108930853,0.17439635401418596,-0.1827921113118957,0.17834441345799745,-0.1808592196008182,0.1851354893075544,0.06882667882127912,0.05820268887082747,-0.03,0.038555670244146606,0.026313384036729642,0.007801557968315831,0.00026291055160601595,-0.007781926257657376,-0.006442624265813282,-0.007089840728587787,1.000225352104926,1.0006364295704875,1.0002651857105367,1.0004080347894724,1.0001656520681819,1.0005775894036397,0.9995968053963356,1.0005928815326994,1.0001612505565145,1.0006547892570565
215,1.7116048961210923,0.3045564698260611,0.0,0.20308885010785552,18.0,0.21469109575883083,-0.1414739976788947,-0.05904440338504109,0.2118453832465696,-0.1704967604341225,0.19738539634816105,-0.17297597356335967,0.1825425623012003,-0.18492311222032842,0.17622621118458417,0.0007785792778386008,0.017990116131663597,-0.12,0.008844165685344907,-0.005499489344813979,0.022989042333975085,0.009816137748536041,0.004198148843202867,-0.00406389261951022,-0.008909278122970238,1.0000244856266438,1.000453472527718,1.0000698548167413,1.0002685506934286,1.0000243371111517,1.0006645540319759,0.9996530593274076,1.0006314405011323,1.0001429116451706,1.0006099467737917
216,1.6585507194516038,0.29686975466562493,0.0,0.25127368411134743,18.0,0.14609350477616595,-0.199200552210869,-0.029044403385041093,0.17232150007578317,-0.19659316553531742,0.1897808703646048,-0.1732566819161633,0.190330871355955,-0.17848518196691793,0.18344398786478602,-0.06859759098266487,-0.05772655453197428,0.03,-0.03952388317078642,-0.026096405101194903,-0.007604525983556237,-0.00028070835280363804,0.007788309054754708,0.006437930253410509,0.007217776680201848,0.9998704664798853,1.0002194175175387,0.9997770828950844,1.000049564317789,0.9998955121463474,1.0005045098711567,0.9995933305103074,1.0006547885918056,1.0001850809376531,1.0006528739788267
217,1.7118794090752432,0.30041632549597175,0.0,0.2026499358852156,18.0,0.14509617680497428,-0.217658973909519,0.0909555966149589,0.16444802731864178,-0.19131189595747647,0.16658897727578742,-0.1830649043932432,0.18611368215741408,-0.17443011481470333,0.19221105982852482,-0.0009973279711916888,-0.01845842169865,0.12,-0.007873472757141398,0.005281269577840947,-0.02319189308881739,-0.009808222477079881,-0.004217189198540902,0.004055067152214584,0.008767071963738798,1.0000702331376377,1.000403240392958,0.9999727886270535,1.0001892165071244,1.00003775414917,1.0004184165955736,0.9995359544785871,1.0006151185714127,1.000202810852655,1.0006970860945168
218,1.7037675343161818,0.29523532047847795,0.0,0.25125222530507063,18.0,0.21389537467918834,-0.1594925141589188,0.060955596614958904,0.20294536560554619,-0.16507092821137276,0.17429512295040622,-0.18290983508659803,0.17821282393874527,-0.18099760825197075,0.18499236481847678,0.06879919787421405,0.0581664597506002,-0.03,0.03849733828690441,0.02624096774610371,0.007706145674618803,0.0001550693066451614,-0.007900858218668802,-0.00656749343726741,-0.007218695010048043,1.0002250376806632,1.0006360020460145,1.0002645924575388,1.0004072141310243,1.0001645582860907,1.0005761107222046,0.9995950038908596,1.0005907627105977,1.0001593822812953,1.0006532388360292
219,1.711523722707357,0.3045517709786263,0.0,0.2030761093239837,18.0,0.21466507093332332,-0.1415071538287583,-0.05904440338504109,0.21179084333457507,-0.17056517571701457,0.19729655500113805,-0.17307765932020516,0.1824308989621044,-0.1850404251616124,0.1761055370635847,0.0007696962541349633,0.017985360330160488,-0.12,0.008845477729028883,-0.005494247505641814,0.023001432050731824,0.009832175766392864,0.004218075023359122,-0.0040428169096416305,-0.00888682775489208,1.0000241816508348,1.0004530581085873,1.0000692864632241,1.0002677975910919,1.0000233616782077,1.0006632519837648,0.9996514981867533,1.000629626019706,1.0001413170460782,1.0006086267262428
220,1.6585635195778887,0.2968740095231738,0.0,0.2512910840644606,18.0,0.14608615796269303,-0.19920643761398768,-0.029044403385041093,0.17232418527786963,-0.19658642075585303,0.189793793550063,-0.1732391869983407,0.1903522881872345,-0.17846311404305853,0.18346753180374722,-0.0685789129706303,-0.05769928378522937,0.03,-0.039466658056705434,-0.02602124503883846,-0.007502761451075035,-0.00016152767813554236,0.007921389225130068,0.00657731111855385,0.007361994740162525,0.999870479766147,1.0002194362413346,0.999777116794634,1.0000496401204209,0.9998956444547673,1.000504704823808,0.9995935895393847,1.000655111905923,1.0001853722668865,1.0006531180717821
221,1.7119668783649626,0.3004164448157518,0.0,0.202544564279152,18.0,0.14511356465714215,-0.21763183265862335,0.0909555966149589,0.16450206631067385,-0.19123998983007143,0.16668657615655008,-0.18295116924562982,0.18624086433537912,-0.1742966991259573,0.19234851942997663,-0.0009725933055508978,-0.018425395044635667,0.12,-0.007822118967195785,0.005346430925781603,-0.02310721739351293,-0.009711982247289114,-0.004111423851855353,0.004166414917101222,0.008880987626229409,1.000070537389196,1.000403654073475,0.9999733640963574,1.0001900100600578,1.0000388120395318,1.0004198464938059,0.99953769520728,1.000617161437474,1.0002046121614865,1.0006985803184496
222,1.7038436229109113,0.29522654601528187,0.0,0.2512943042925131,18.0,0.2139194461840988,-0.15946204802001757,0.060955596614958904,0.20299704744763317,-0.16501031046006934,0.17437449522949316,-0.18281939509538758,0.17831192497880766,-0.18089344180832917,0.185099917072116,0.06880588152695664,0.05816978463860578,-0.03,0.038494981136959316,0.02622967937000209,0.0076879190729430835,0.0001317741502422365,-0.007928939356571477,-0.006596742682371884,-0.007248602357860623,1.0002253118440785,1.00063638086516,1.0002651076666247,1.0004078932899692,1.0001654336488432,1.0005772759554994,0.9995963925927216,1.0005923780113752,1.0001608011356822,1.0006544135024398
223,1.7115081298407822,0.3045527121075627,0.0,0.20297687258131641,18.0,0.214670949742854,-0.1415045150550157,-0.05904440338504109,0.2117854866088682,-0.17057612804299055,0.19727798070048547,-0.17310173126564637,0.18240237881968818,-0.1850700285640975,0.17607452765609524,0.0007515035587551816,0.017957532965001854,-0.12,0.008788439161235034,-0.005565817582921212,0.022903485470992302,0.009717663829741208,0.00409045384088054,-0.004176586755768333,-0.009025389416020768,1.0000241475552771,1.0004530131656602,1.0000692168775633,1.0002676740976442,1.0000231690344386,1.0006629759185792,0.9996511397182194,1.0006291875371554,1.0001409245349218,1.000608299209339
224,1.658478558414629,0.29685749164711595,0.0,0.25131800472586974,18.0,0.14606896158092852,-0.19923386916827296,-0.029044403385041093,0.17227093338893174,-0.19665544769610924,0.1896995041124554,-0.17334815135767723,0.19023075307288556,-0.17859125845797813,0.18333527619434947,-0.06860198816192546,-0.05772935411325725,0.03,-0.039514553219936466,-0.026079319653118688,-0.00757847658803007,-0.00024642009203085236,0.007828374253197393,0.006478770106119344,0.00726074853825423,0.9998701841637302,1.0002190328038427,0.9997765580465265,1.0000488712210707,0.9998946245563449,1.0005033294351762,0.999591918330921,1.0006531496453932,1.000183643372715,1.0006516833813806
225,1.7119018352147635,0.3004177038905733,0.0,0.20254227769721575,18.0,0.14509138460455684,-0.21765943937994556,0.0909555966149589,0.16445816516388273,-0.19129457296988095,0.16661598012511547,-0.18303081862246476,0.1861531540953683,-0.1743885042869845,0.1922542193516053,-0.0009775769763716996,-0.0184255702116726,0.12,-0.007812768225049005,0.005360874726228287,-0.023083523987339927,-0.009682667264787531,-0.0040775989775172355,0.004202754170993625,0.008918943157255832,1.0000702929749263,1.0004033207593832,0.999972907970201,1.0001894091517944,1.0000380395585373,1.0004188174603592,0.9995364658873984,1.0006157366668922,1.0002033621160826,1.0006975453263633
226,1.703861380074635,0.2952214140638698,0.0,0.2512829018504207,18.0,0.2139152934510971,-0.15946164401905225,0.060955596614958904,0.20300421176975608,-0.1649950296230477,0.17439854319736803,-0.18278998726339243,0.17834633696306873,-0.18085720911746445,0.1851375280554292,0.06882390884654029,0.05819779536089331,-0.03,0.03854604660587335,0.026299543346833237,0.007782563072252557,0.00024083135907232434,-0.007806817132299568,-0.006468704830479968,-0.007116691296176092,1.0002253651591586,1.0006364486879924,1.0002652098713405,1.000408060619595,1.0001656797433138,1.0005776227050238,0.9995968389674701,1.000592916941309,1.0001612805468956,1.0006548135125066
227,1.7115887164523749,0.30455594613559145,0.0,0.2030644028988636,18.0,0.2146883705850296,-0.14147856748832,-0.05904440338504109,0.21183567119350527,-0.17050990145994935,0.19736734691979493,-0.17299726923223274,0.18251870489567723,-0.1849480953211064,0.17620038597171822,0.0007730771339324732,0.01798307653073225,-0.12,0.008831459423749188,-0.005514871836901636,0.022968803722426906,0.009792718031159692,0.004172367932608487,-0.004090886203641966,-0.008937142083710992,1.0000244305367578,1.0004533977709247,1.0000697504926397,1.0002684053759765,1.0000241414928435,1.0006642886307564,0.9996527348963282,1.0006310584772675,1.0001425742936412,1.0006096669205682
228,1.658533483537829,0.29686667690598456,0.0,0.25128248984078794,18.0,0.14608846752210203,-0.19920767843756348,-0.029044403385041093,0.17230986509657073,-0.1966077382832409,0.18976154246916757,-0.17327861883752374,0.19030670023385066,-0.17851074755392893,0.18341772171883977,-0.06859990306292758,-0.05772911094924349,0.03,-0.03952580609693454,-0.02609783682329156,-0.0076058044506273625,-0.00028134960529099806,0.00778799533817344,0.006437347767177484,0.0072173357471215505,0.9998704016424277,1.0002193291192483,0.9997769617081109,1.0000494020945674,0.9998953019172452,1.0005042289415222,0.9995929926099069,1.0006543948318452,1.000184735014234,1.0006525872850953
229,1.7118783183494335,0.3004166300282902,0.0,0.2026329970954648,18.0,0.14509386621765175,-0.21766099285849655,0.0909555966149589,0.16444651202598584,-0.19131304451460132,0.1665882083411575,-0.18306520766367304,0.18611364999282531,-0.17443010230975015,0.19221113781033328,-0.000994601304450296,-0.018453314420933065,0.12,-0.007863353070584889,0.005294693768639586,-0.023173334128010065,-0.0097865888261493,-0.004193050241025328,0.004080645244178796,0.008793416091493506,1.0000702252312441,1.0004032294180967,0.9999727750679388,1.0001892041641893,1.0000377441672497,1.0004184065195716,0.9995359475104434,1.0006151144507112,1.0002028086350667,1.0006970846957586
230,1.7037834113642498,0.2952327872933439,0.0,0.25125620256608605,18.0,0.21389818606879085,-0.15948767478829196,0.060955596614958904,0.20295504133551004,-0.16505802261240554,0.17431293573927129,-0.18288908430341266,0.17823605715397162,-0.18097317354142411,0.1850176392062127,0.06880431985113912,0.058173318070204594,-0.03,0.0385085293095242,0.02625502190219578,0.007724727398113779,0.00017612336026037734,-0.007877592838853684,-0.006543071231673955,-0.0071934986041205795,1.000225092474676,1.0006360764333806,1.0002646958825026,1.0004073578472645,1.000164750407437,1.0005763708007052,0.9995953213453453,1.0005911364285442,1.0001597119125896,1.0006535124402087
231,1.7115395327915794,0.3045526481591735,0.0,0.20308045627781574,18.0,0.21466993018888836,-0.14150086948040883,-0.05904440338504109,0.2118013675981746,-0.17055189253555977,0.19731388786421808,-0.17305776636508144,0.18245278395437164,-0.18501743977769264,0.17612919164214297,0.0007717441200974923,0.01798680530788313,-0.12,0.008846326262664572,-0.005493869923154232,0.023000952124946794,0.009831317938331224,0.004216726800400014,-0.004044266236268537,-0.00888844756406973,1.0000242403884803,1.0004531381578665,1.0000693963996614,1.0002679438663704,1.0000235517666163,1.0006635060857758,0.9996518033810898,1.000629981161087,1.0001416292886232,1.000608885257809
232,1.6585627109720642,0.2968735150203574,0.0,0.2512872408680366,18.0,0.14608789310548365,-0.1992047845481613,-0.029044403385041093,0.17232469838785308,-0.19658637934376613,0.18979314120760718,-0.17324043008618453,0.19035053789130496,-0.178464861384254,0.18346558163240856,-0.06858203708340473,-0.057703915067752465,0.03,-0.03947666921032153,-0.02603448680820636,-0.007520746656610899,-0.00018266372110309348,0.00789775393693333,0.00655257839343866,0.0073363899902655905,0.9998704829234788,1.0002194404377143,0.9997771210841907,1.000049640452987,0.9998956388274177,1.000504694076843,0.9995935722492472,1.00065508794078,1.0001853499162912,1.0006530990775238
233,1.7119514189425,0.30041639419267807,0.0,0.20256474188892165,18.0,0.14511066976002585,-0.2176364866082197,0.0909555966149589,0.16449258698872526,-0.19125267716246022,0.16666928823814833,-0.18297136587704954,0.18621825373308987,-0.17432042186361751,0.19232407209620486,-0.0009772233454578144,-0.018431702060058397,0.12,-0.007832111399127817,0.0053337021813059105,-0.023123852969458847,-0.009730935790865008,-0.00413228415821508,0.004144439520636464,0.008858490463796304,1.0000704839654369,1.000403581454089,0.9999732629304735,1.000189870014687,1.0000386247932267,1.0004195931114892,0.9995373862939666,1.000616798560907,1.0002042920725174,1.0006983147603854
234,1.703828742724788,0.2952283196451826,0.0,0.25128648435333,18.0,0.21391492684526353,-0.15946787694756126,0.060955596614958904,0.20298703490221143,-0.1650221871592742,0.17435886614651797,-0.18283724210198113,0.17829232662663508,-0.180914043024333,0.18507864235605145,0.06880425708523767,0.05816860966065843,-0.03,0.03849444791348616,0.02623049000318603,0.0076895779083696325,0.0001341237750684121,-0.007925927106454803,-0.0065936211607154765,-0.0072454297401534085,1.0002252584324411,1.0006363071781181,1.0002650072570096,1.0004077602994812,1.0001652616519983,1.0005770466334742,0.9995961186522707,1.0005920589913306,1.000160520797618,1.0006541813512935
235,1.7115095563316227,0.3045524700236684,0.0,0.20299414706429472,18.0,0.21466949079450703,-0.14150551913755305,-0.05904440338504109,0.21178554323878612,-0.17057531143488738,0.19727980775233658,-0.17309914470503948,0.18240558667702056,-0.18506672175722116,0.17607802744923023,0.0007545639492434891,0.01796235781000821,-0.12,0.008798508336574695,-0.0055531242756131916,0.022920941605818618,0.009738097396941647,0.004113260050385495,-0.004152678732888146,-0.00900061490682122,1.0000241486173698,1.0004530143424284,1.0000692198916998,1.0002676836033142,1.0000231871052523,1.0006630033723758,0.999651177473782,1.0006292352671515,1.0001409677429645,1.0006083354336681
236,1.658493733570481,0.2968604674426075,0.0,0.2513135458229606,18.0,0.14607187146319733,-0.1992291324818231,-0.029044403385041093,0.17228035795440724,-0.1966431780336301,0.18971632458222626,-0.17332867134830787,0.19025251140720123,-0.17856832525096883,0.1833589576636778,-0.06859761933130971,-0.057723613344270064,0.03,-0.03950518528437888,-0.026067866598742717,-0.0075634831701103244,-0.00022952664326839067,0.007846924730180685,0.006498396506252349,0.007280930214447562,0.9998702364539619,1.0002191041788195,0.9997766570282439,1.0000490079051096,0.999894806376128,1.000503574898087,0.9995922169486889,1.0006535005813795,1.0001839526780385,1.0006519400906788
237,1.7119147160014696,0.3004174825668328,0.0,0.2025409667059291,18.0,0.14509557471954249,-0.2176541346831467,0.0909555966149589,0.16446677781042002,-0.19128378789196143,0.16663000395809485,-0.18301493736955574,0.1861706740651891,-0.17437016149399415,0.1922730673946065,-0.0009762967436548337,-0.018425002201323593,0.12,-0.007813580143987225,0.0053593901416686685,-0.023086320624131407,-0.009686266021247864,-0.004081837342012132,0.004198163756974696,0.00891410973092871,1.0000703409803469,1.0004033862054131,0.9999729976826561,1.0001895279165811,1.0000381928478093,1.000419021995543,0.9995367107617708,1.0006160208869845,1.0002036116271882,1.000697751958086
238,1.7038594897710815,0.2952221754745661,0.0,0.2512855954413895,18.0,0.2139164165162628,-0.15946121965674542,0.060955596614958904,0.20300379059132354,-0.16499673554971853,0.1743955978722055,-0.182793696751029,0.17834188679235763,-0.18086189760776028,0.18513265181872002,0.06882084179672031,0.05819291502640128,-0.03,0.03853701278090352,0.026287052342242906,0.007765593914110636,0.00022124061852674126,-0.007828787272831497,-0.0064917361137661195,-0.0071404155758864885,1.000225360226467,1.0006364429024144,1.0002652002474275,1.0004080421898642,1.000165650629596,1.0005775805745567,0.9995967829211447,1.0005928482760198,1.000161219171286,1.000654762152514
239,1.7115742664955926,0.3045553887806396,0.0,0.20304736928773154,18.0,0.2146853973053281,-0.14148309548797414,-0.05904440338504109,0.21182674351138361,-0.17052174619518623,0.19735130191143935,-0.1730160630699213,0.18249774870740376,-0.18497005691996748,0.17617771000194773,0.0007689807890652739,0.017978124168771287,-0.12,0.008822952920060079,-0.005525010645467704,0.02295570403923386,0.009777633681107706,0.004155861915046119,-0.0041081593122072185,-0.008954941816772283,1.0000243801315885,1.000453329287199,1.00006965535826,1.0002682745441285,1.0000239670492332,1.0006640528902955,0.9996524480553871,1.0006307217555828,1.000142277283352,1.000609420653641
240,1.6585224256992441,0.29686478904761,0.0,0.2512891845290527,18.0,0.14608475160553613,-0.19921273848603935,-0.029044403385041093,0.17230214052239975,-0.19661726566224766,0.1897490799557522,-0.17329264019175036,0.190291344324999,-0.17852701490172979,0.1834010466637488,-0.06860064569979198,-0.05772964299806521,0.03,-0.03952460298898386,-0.02609551946706143,-0.007602221955687161,-0.0002765771218290747,0.007793595617595225,0.006443042018237685,0.007223336661801055,0.9998703585226089,1.0002192703571666,0.9997768815094267,1.0000492960676497,0.9998951660022475,1.0005040481104912,0.9995927761789929,1.000654143559223,1.0001845145863326,1.0006524047148504
241,1.7118814030980771,0.3004168395558476,0.0,0.20261697874822257,18.0,0.14509306825212354,-0.21766116830839208,0.0909555966149589,0.16444785069422108,-0.1913106784104422,0.1665919523281806,-0.18306044517111522,0.18611918245697262,-0.1744242675410707,0.1922171933206,-0.0009916833534126118,-0.01844842982235273,0.12,-0.007854289828178679,0.005306587251805467,-0.023157127627571578,-0.009767804979364858,-0.0041721618680263944,0.004102747360659062,0.00881614665685121,1.0000702331893654,1.000403240087021,0.9999727910605976,1.0001892305004694,1.0000377836385932,1.000418462173373,0.9995360188329627,1.0006152008868432,1.000202885804831,1.000697149006793
242,1.7037974353217071,0.29523069762177795,0.0,0.2512607207873575,18.0,0.21390113216394008,-0.15948308258796343,0.060955596614958904,0.2029638198174888,-0.1650466770860841,0.1743284076963368,-0.18287114880404276,0.17825604402242956,-0.18095215564332412,0.1850393708851386,0.06880806391181653,0.05817808572042865,-0.03,0.03851596912326771,0.026264001324358105,0.007736455368156203,0.00018929636707246122,-0.007863138434543074,-0.006527888102253396,-0.0071778224354613895,1.0002251413785237,1.0006361431136541,1.0002647880902105,1.0004074843708375,1.0001649181241425,1.0005765969790013,0.9995955959535944,1.0005914588537754,1.000159996044727,1.0006537481464979
243,1.71154950779492,0.30455328097733225,0.0,0.20307905222772754,18.0,0.21467346203883086,-0.14149651862096077,-0.05904440338504109,0.21180822695711807,-0.17054341804006823,0.19732475896330937,-0.1730454098762564,0.1824662888346823,-0.1850032405610238,0.17614378051762924,0.0007723298748908008,0.017986563967002656,-0.12,0.008844407139629279,-0.005496740953984142,0.022996351266972553,0.009825738927786348,0.004210244812252725,-0.004051084917699663,-0.008895590367509365,1.000024278488378,1.000453190147966,1.0000694674573758,1.0002680370620576,1.0000236714722197,1.0006636652931542,0.9996519934257989,1.000630201375636,1.0001418225972019,1.0006090452038678
244,1.6585584556358135,0.29687245957198793,0.0,0.25128582631458996,18.0,0.14608831159851143,-0.1992048683399243,-0.029044403385041093,0.17232271862029266,-0.19658936591348977,0.18978858382814442,-0.17324602648556942,0.1903440506853013,-0.1784716352364853,0.18345849154305388,-0.06858515044031942,-0.05770834971896352,0.03,-0.0394855083368254,-0.026045947873421543,-0.007536175135164941,-0.0002006166093130035,0.007877761850618989,0.006531605324538517,0.007314711025424636,0.9998704721423197,1.0002194256475259,0.9997770995742205,1.0000496070985372,0.9998955904946615,1.000504626769009,0.999593487612808,1.000654986095071,1.0001852593500964,1.0006530236216076
245,1.711938158854185,0.3004164158878522,0.0,0.2025782416136434,18.0,0.14510774998752196,-0.21764082896022074,0.0909555966149589,0.16448428076386984,-0.19126361205708484,0.16665455327997206,-0.1829884566330959,0.18619918393551987,-0.17434042004566158,0.1923034765762796,-0.0009805616109894583,-0.018435960620296454,0.12,-0.007838437856422825,0.005325753856404936,-0.02313403054817237,-0.009742430147526487,-0.0041448667497814146,0.004131215190823698,0.008844985033225727,1.0000704372843296,1.0004035179528765,0.999973174825748,1.0001897493826328,1.0000384648553358,1.0004193773944403,0.9995371244027496,1.000616491763323,1.000204021743955,1.0006980905768643
246,1.7038194889986995,0.29522929124597,0.0,0.2512807158044637,18.0,0.21391169947820815,-0.15947178798162337,0.060955596614958904,0.20298059931073603,-0.16502952465925574,0.17434938243368667,-0.18284798662905957,0.17828062025044938,-0.1809263458288835,0.1850659458118381,0.06880394949068618,0.058169040978597375,-0.03,0.03849631854686619,0.026234087397829092,0.007694829153714611,0.00014047000403633048,-0.007918563685070476,-0.00658592578322191,-0.007237530764441502,1.0002252247615608,1.000636260475165,1.0002649440446816,1.0004076779719095,1.000165156474082,1.0005769072144077,0.9995959535114425,1.0005918675090408,1.0001603527875174,1.0006540423514159
247,1.71151403705621,0.30455244742025156,0.0,0.20300961254978292,18.0,0.2146692682518727,-0.14150506274500946,-0.05904440338504109,0.2117877729928638,-0.17057186888582118,0.19728494187146242,-0.17309283943808645,0.1824128288049358,-0.18505916807286926,0.17608588260824792,0.0007575687736645492,0.017966725236613912,-0.12,0.008807173682127772,-0.005542344226565438,0.022935559437775754,0.009755147190973118,0.0041322085544864134,-0.004132822243985743,-0.008980063203590183,1.0000241616912033,1.000453031931514,1.0000692452265207,1.0002677219455127,1.0000232417528532,1.0006630792032007,0.9996512725834605,1.0006293491422564,1.0001410689111248,1.0006084195776075
248,1.6585063601491423,0.2968628750434247,0.0,0.2513089895166698,18.0,0.14607468454288491,-0.19922479622088002,-0.029044403385041093,0.17228841025679098,-0.1966328248354863,0.1897303707522367,-0.17331250538095533,0.19027049305990062,-0.17854935242528674,0.1833785192896795,-0.06859458370898779,-0.05771973347587056,0.03,-0.039499362736072824,-0.02606095594966512,-0.0075545711192257226,-0.0002196659428688741,0.0078576642549648,0.006509815647582504,0.007292636681431569,0.9998702811947284,1.0002191652254984,0.9997767413696186,1.0000491232130975,0.9998949585026168,1.00050377962091,0.9995924651300004,1.000653791488483,1.0001842088208712,1.0006521525853997
249,1.7119223706152613,0.30041728667935463,0.0,0.20254404488704827,18.0,0.14509850720742196,-0.21765062718638672,0.0909555966149589,0.16447207379375628,-0.1912773254703306,0.16663824314078823,-0.1830057352951608,0.18618075725971772,-0.17435961517514809,0.19228388947159222,-0.0009761773354629438,-0.018425830965506707,0.12,-0.007816336463034701,0.005355499365155697,-0.023092127611448465,-0.009693229914205459,-0.004089735800182889,0.004189737250138645,0.00890537018191273,1.000070370377326,1.0004034263267583,0.9999730523444501,1.0001895990114935,1.0000382832640151,1.000419141905093,0.9995368531678589,1.0006161852771338,1.0002037556253602,1.0006978711106571
250,1.7038548107148643,0.29522318477597304,0.0,0.25128624486255924,18.0,0.21391642636722624,-0.15946207041556804,0.060955596614958904,0.20300135935055302,-0.16500063628749756,0.17438987420027108,-0.1828005245656367,0.1783340714015349,-0.18087012188014523,0.18512412963147265,0.0688179191598043,0.05818855677081869,-0.03,0.038529285556796744,0.026276689182833046,0.007751631059482844,0.00020521072952409125,-0.007846685858182836,-0.006510506704997157,-0.007159759840119573,1.00022534499353,1.000636422746215,1.000265171314568,1.000407999077618,1.0001655904221953,1.000577497507138,0.9995966788705306,1.0005927242396837,1.000161109301038,1.0006546707173651
251,1.711562379392395,0.30455486985901575,0.0,0.20303658978274197,18.0,0.21468258802310086,-0.14148712128923843,-0.05904440338504109,0.21181922822925367,-0.1705315632732293,0.19733815304272273,-0.1730313719693972,0.18248074552285676,-0.1849878872411601,0.17615931741639518,0.0007661616558746059,0.017974949126329604,-0.12,0.008817868878700647,-0.005530926985731738,0.022948278842451653,0.009769152596239505,0.004146674121321872,-0.004117765361014866,-0.008964812215077472,1.0000243378548292,1.0004532717919936,1.0000695757746287,1.0002681662095783,1.0000238237212915,1.0006638598280388,0.999652214046065,1.00063044775971,1.0001420358309294,1.0006092205352468
252,1.6585162492025798,0.29686381533522005,0.0,0.25129390411625696,18.0,0.14608222201461785,-0.1992160225460591,-0.029044403385041093,0.1722975820071183,-0.19662275430000564,0.18974206023019397,-0.1733004227919054,0.19028290895150846,-0.178535975131271,0.18339189784485896,-0.068600366008483,-0.057728901256820675,0.03,-0.03952164622213536,-0.026091191026776345,-0.007596092812528765,-0.0002690508225082211,0.007802163428651712,0.006451912109889088,0.007232580428463781,0.9998703330097037,1.0002192356132682,0.9997768344160931,1.000049235015443,0.9998950891094149,1.0005039465441912,0.9995926556189633,1.0006540044713648,1.0001843928722949,1.000652304013833
253,1.7118866745691799,0.30041697004194734,0.0,0.20260320168051205,18.0,0.14509326425910674,-0.2176602163379779,0.0909555966149589,0.16445076509816575,-0.19130644736708824,0.16659801658703793,-0.1830531371332272,0.18612747943176944,-0.1744155451196322,0.19222620662021547,-0.0009889577555111245,-0.018444193791918806,0.12,-0.007846816908952559,0.005316306932917403,-0.02314404364315603,-0.0097527143413218,-0.004155429519739032,0.004120430011638795,0.008834308775356514,1.00007024985226,1.0004032626515837,0.9999728231450078,1.0001892773293108,1.0000378486997834,1.0004185515032145,0.9995361297367639,1.000615332690683,1.00020300259963,1.0006972460698897
254,1.7038088670999674,0.29522909481104975,0.0,0.25126508845929485,18.0,0.21390384890566122,-0.1594791228784153,0.060955596614958904,0.20297113372000122,-0.16503746529544272,0.17434084152741272,-0.1828567963791629,0.178271972398167,-0.18093540740590863,0.18505668197483666,0.06881058464655447,0.0581810934595626,-0.03,0.03852036862183547,0.02626898207164552,0.007742824940374787,0.0001963407540643003,-0.007855507033602452,-0.006519862286276448,-0.007169524645378816,1.0002251815869985,1.0006361981327816,1.0002648638358667,1.0004075872226246,1.0001650534909343,1.000576778936292,0.9995958158571804,1.00059171645576,1.0001602228729798,1.0006539362232036
255,1.7115549218367305,0.30455369969162804,0.0,0.2030743366550106,18.0,0.21467582330361729,-0.14149378921366354,-0.05904440338504109,0.21181215906637293,-0.17053872899126726,0.19733059773251035,-0.1730388886941882,0.1824733299273441,-0.18499582254232744,0.1761513789803984,0.0007719743979560517,0.017985333664751774,-0.12,0.008841025346371711,-0.005501263695824543,0.022989756205097633,0.009817907684974703,0.004201357529177094,-0.004060415136418791,-0.008905302994438258,1.000024300159826,1.0004532197819354,1.000069507641705,1.0002680885096331,1.0000237362281703,1.0006637506443008,0.9996520941811832,1.0006303172254722,1.0001419239960843,1.0006091289955588
256,1.6585525752395422,0.2968711780714827,0.0,0.25128602173077075,18.0,0.14608789397968114,-0.19920598810621673,-0.029044403385041093,0.1723194478549837,-0.1965938593001894,0.18978215753118055,-0.17325365199155218,0.19033539745668643,-0.17848071911500296,0.1834490565190079,-0.06858792932393616,-0.05771219889255319,0.03,-0.039492711211389225,-0.026055130308922148,-0.0075484402013298035,-0.00021476329736397348,0.007862067529342306,0.006515103427324462,0.007297677538609493,0.9998704541123573,1.0002194009942635,0.9997770648108382,1.0000495569938552,0.9998955215647454,1.0005045325283992,0.9995933713812807,1.0006548481304578,1.0001851372905681,1.0006529221509453
257,1.7119276187571355,0.30041647868392507,0.0,0.2025863020788769,18.0,0.14510512285683658,-0.21764452639750181,0.0909555966149589,0.16447755528968983,-0.19127234076209917,0.16664290640866344,-0.18300187851258917,0.18618425314637593,-0.17435607087845856,0.19228736788996204,-0.0009827711228445751,-0.018438538291285084,0.12,-0.007841892565293884,0.005321518538090236,-0.023139251122517107,-0.00974822652103699,-0.004151144310310509,0.004124648236544418,0.008838311370954144,1.0000703995772016,1.0004034666266632,0.9999731038599485,1.0001896531374532,1.0000383381945452,1.0004192070610916,0.9995369183883628,1.000616251021706,1.0002038098283448,1.0006979149003288
258,1.7038145947374526,0.2952296776661556,0.0,0.2512767890013272,18.0,0.2139095893000567,-0.1594741332774081,0.060955596614958904,0.2029769934203897,-0.165033358606518,0.17434459456652202,-0.1828533267338956,0.17827489454410794,-0.18093236063750223,0.1850597470360935,0.06880446644322015,0.05817039312009373,-0.03,0.038499438130699865,0.02623898215558118,0.007701688157858572,0.0001485517786935786,-0.007909358602268005,-0.006576289759043688,-0.007227620853868522,1.0002252065129404,1.0006362349246167,1.000264909867752,1.000407634793749,1.0001651025714795,1.0005768365641141,0.9995958712164297,1.000591772919541,1.000160270047989,1.0006539740301705
259,1.7115198829681169,0.304552559407888,0.0,0.20302236051605568,18.0,0.21466981290595077,-0.1415037758915157,-0.05904440338504109,0.21179107507250225,-0.17056720939790815,0.19729152444063605,-0.17308496148105035,0.18242173474161927,-0.1850498555047989,0.17609553014709428,0.0007602236058940753,0.017970357385892394,-0.12,0.00881408165211256,-0.005533850791390155,0.022946929874114036,0.009768365252845246,0.0041468401975113395,-0.004117494867296664,-0.008964216888999232,1.0000241806132668,1.0004530575402888,1.0000692813191434,1.000267773594711,1.0000233126457412,1.0006631761459535,0.9996513921740916,1.0006294908094833,1.0001411942864928,1.0006085236824915
260,1.658516123413601,0.2968646870624227,0.0,0.2513048546412399,18.0,0.1460771430286898,-0.19922115766887796,-0.029044403385041093,0.1722947887545058,-0.19662471521097086,0.18974126825665605,-0.1733000360888294,0.19028430845719563,-0.1785347607861585,0.18339354177667594,-0.068592669877261,-0.05771738177736227,0.03,-0.039496286317996454,-0.02605750581306271,-0.007550256183980003,-0.00021507460777905885,0.007862573715576346,0.006515094718640438,0.007298011629581658,0.9998703166806031,1.000219213627831,0.9997768080186062,1.0000492135144528,0.9998950767403414,1.0005039382686718,0.9995926568249675,1.0006540156376884,1.0001844059987532,1.000652316096193
261,1.711926075016145,0.30041712643131585,0.0,0.20254943905820583,18.0,0.14510037423377425,-0.2176485703073965,0.0909555966149589,0.16447481671266356,-0.1912741441491147,0.16664213457930002,-0.18300152050510868,0.18618530461174104,-0.1743548698647931,0.19228874343729402,-0.000976768794915553,-0.018427412638518548,0.12,-0.007819972041842232,0.0053505710618561575,-0.023099133677356026,-0.009701484416279271,-0.004099003845454599,0.004179890921365378,0.00889520166061808,1.0000703854834585,1.0004034469873018,0.9999730801629663,1.0001896339408345,1.0000383263337047,1.0004191982757873,0.9995369189318699,1.0006162602653064,1.0002038209822226,1.0006979250875863
262,1.703848947083411,0.295224237047483,0.0,0.25128559623532976,18.0,0.2139157655327783,-0.15946359858582632,0.060955596614958904,0.20299797514972784,-0.16500544634759456,0.1743830822312346,-0.1828085088613483,0.17832505505302093,-0.1808796066280881,0.185114312078833,0.06881539129900403,0.058184971721570194,-0.03,0.038523158437064275,0.026268697801520136,0.007740947651934588,0.00019301164376037128,-0.007860249558720125,-0.006524736763295028,-0.00717443135846102,1.000225325169383,1.000636396069061,1.000265133814779,1.000407945659832,1.000165517853679,1.0005773985658022,0.9995965569052455,1.0005925799627937,1.0001609818342714,1.000654564808197
263,1.7115532863100382,0.3045544285696935,0.0,0.2030307080351377,18.0,0.21468017335962503,-0.14149042085941216,-0.05904440338504109,0.21181335433154186,-0.17053912636359533,0.1973281316092195,-0.17304297168975033,0.18246791158267917,-0.1850013539416248,0.17614543918754877,0.0007644078268467386,0.017973177726414158,-0.12,0.00881537918181402,-0.005533680016000769,0.02294504937798489,0.009765537171597977,0.00414285652965822,-0.004121747313536719,-0.00896887289128423,1.0000243049216648,1.0004532269641861,1.000069513929868,1.0002680828215655,1.0000237142108568,1.000663712778329,0.9996520364708916,1.0006302403624676,1.0001418532367348,1.0006090692602971
264,1.6585136597446197,0.29686349386377936,0.0,0.25129693842332085,18.0,0.1460806725506607,-0.1992178922863157,-0.029044403385041093,0.17229540825191156,-0.19662523521650863,0.18973905412847983,-0.17330363258331527,0.19027952527890957,-0.1785395958165895,0.18338824024688785,-0.0685995008089643,-0.05772747142690354,0.03,-0.0395179460796303,-0.026086108852913292,-0.00758907748073967,-0.00026066089356494015,0.007811613696230416,0.006461758125035286,0.007242801059339082,0.9998703207759901,1.0002192189777004,0.9997768121984631,1.0000492074494878,0.9998950558218638,1.0005039033593977,0.9995926054308653,1.0006539475209357,1.0001843433619677,1.0006522631699426
265,1.7118927060726916,0.30041703939309783,0.0,0.20259222430932564,18.0,0.14509403753095435,-0.21765868647507458,0.0909555966149589,0.16445432032453478,-0.1913015402407477,0.1666048376965674,-0.18304506775926946,0.18613656527031158,-0.17440600457435823,0.19223604958591464,-0.000986635019706375,-0.01844079418875888,0.12,-0.007841087927376783,0.005323694975760934,-0.023134216431912435,-0.009741435175954188,-0.004142960008597998,0.004133591242231269,0.008847809339026791,1.0000702699959532,1.0004032899946103,0.9999728615290686,1.0001893315517008,1.0000379222999491,1.0004186516794578,0.9995362527663914,1.0006154778992855,1.0002031309259864,1.0006973526089364
266,1.7038175351864064,0.29522795355749165,0.0,0.25126890544463265,18.0,0.2139061414605416,-0.15947596081065596,0.060955596614958904,0.2029767960556867,-0.1650305075317997,0.174350137851135,-0.1828461114046321,0.17828378130911166,-0.1809229920382251,0.1850695101096595,0.06881210392958727,0.05818272566441862,-0.03,0.03852247573115192,0.026271032708947983,0.007745300154567619,0.0001989563546373474,-0.007852783961199941,-0.006516987463866877,-0.007166539476255146,1.0002252123287225,1.0006362403407354,1.0002649216987887,1.0004076649989986,1.000165155136483,1.0005769151229051,0.9995959796859719,1.0005919079245387,1.000160391333357,1.0006540758341496
267,1.71155702186347,0.3045539453119354,0.0,0.20306812588469378,18.0,0.2146772316417715,-0.1414923227325035,-0.05904440338504109,0.21181391604893587,-0.17053681106053725,0.1973327942032771,-0.17303656473096599,0.18247574096275931,-0.18499326522505644,0.176153971872622,0.0007710901812298804,0.017983638078152453,-0.12,0.008837119993249182,-0.005506303528737544,0.022982656352142083,0.009809546673666125,0.004191959653647645,-0.004070273186831355,-0.008915538237037501,1.0000243096656796,1.0004532328456786,1.0000695250207925,1.0002681094237291,1.0000237611072593,1.0006637825756683,0.9996521306102104,1.0006303580901668,1.0001419594245136,1.000609158149287
268,1.6585463368161515,0.2968698957434908,0.0,0.251287165018547,18.0,0.14608701740117858,-0.19920761308868454,-0.029044403385041093,0.1723157450906753,-0.19659878570721342,0.18977528403048996,-0.17326169472125408,0.1903263529103667,-0.1784902355637643,0.18343920491748356,-0.0685902142405929,-0.05771529035618103,0.03,-0.03949817095826058,-0.026061974646676173,-0.007557510172787135,-0.0002251299902880921,0.007850611947607375,0.0065030296612921396,0.007285233044861561,0.9998704336214297,1.0002193730052382,0.9997770257373971,1.000049502091881,0.9998954475067483,1.0005044320151042,0.9995932483892697,1.0006547029737074,1.000185009145732,1.0006528157214793
269,1.7119198252930732,0.3004165594173735,0.0,0.20259024140296122,18.0,0.14510294854040162,-0.2176474463537616,0.0909555966149589,0.16447248925740376,-0.1912788227490034,0.16663434419298898,-0.18301167936710794,0.18617338515877707,-0.17436745772713474,0.19227565533153518,-0.0009840688607769404,-0.01843983326507706,0.12,-0.007843255833271529,0.005319962958210023,-0.023140939837500984,-0.00974998464585386,-0.004152967751589645,0.004122777836629579,0.008836450414051622,1.0000703712408814,1.0004034280316276,0.9999730506804425,1.0001895817017905,1.0000382448955065,1.000419081973189,0.9995367676906023,1.0006160753785316,1.0002036553766538,1.000697786910945
270,1.7038128385174662,0.29522967122576227,0.0,0.25127438379722633,18.0,0.21390837347415043,-0.15947528962619362,0.060955596614958904,0.2029754696231916,-0.1650346810954056,0.17434313587206346,-0.18285485324278888,0.1782733696934643,-0.18093395925933337,0.1850581100159162,0.06880542493374879,0.05817215672756798,-0.03,0.03850298036578784,0.026244141653597813,0.007708791679074484,0.00015682612431905385,-0.007900015465312785,-0.006566501532198635,-0.007217545315618967,1.0002251994640443,1.0006362247900311,1.0002648967575665,1.0004076197146599,1.0001650851920656,1.000576814724512,0.9995958474268581,1.0005917465806264,1.0001602473193432,1.0006539554230987
271,1.7115259342128115,0.30455274068323185,0.0,0.20303213072964213,18.0,0.2146707616814722,-0.1415021250499843,-0.05904440338504109,0.21179467432349514,-0.17056230875720224,0.19729828482175543,-0.1730769674485246,0.18243070326354227,-0.18504046599759388,0.1761052394842001,0.0007623882073217597,0.017973164576209316,-0.12,0.008819204700303535,-0.0055276276617966524,0.022955148949691973,0.00977788579426428,0.004157333570077956,-0.004106506738260532,-0.008952870531716117,1.0000242010598077,1.0004530852753126,1.000069320080609,1.000267827807273,1.0000233858421155,1.0006632755752545,0.999651513891857,1.00062963426982,1.000141321014886,1.000608628826997
272,1.6585231356826897,0.29686594974141384,0.0,0.2513014089121016,18.0,0.14607912920310556,-0.1992183221506354,-0.029044403385041093,0.17229948838791964,-0.19661880956914302,0.18974912361412738,-0.17329110418992813,0.1902941621765047,-0.1785243418980525,0.18340425110823236,-0.06859163247836665,-0.057716197100651095,0.03,-0.039495185935575494,-0.026056500811940775,-0.007549161207628052,-0.00021413674140352557,0.007863458912962432,0.006516124099541373,0.0072990116240322644,0.9998703428607115,1.000219249324697,0.9997768570031664,1.0000492792596873,0.9998951621357617,1.000504052486221,0.9995927943452566,1.0006541760142775,1.0001845469333326,1.0006524329146453
273,1.7119270129127961,0.3004170043997494,0.0,0.20255565811039422,18.0,0.14510140364155205,-0.2176476027379386,0.0909555966149589,0.16447573487401942,-0.19127327171714786,0.16664300068037455,-0.1830007498265165,0.18618604283160073,-0.17435411404905538,0.1922894959396322,-0.0009777255615535246,-0.0184292805873032,0.12,-0.007823753513900217,0.005345537851995152,-0.023106122933752832,-0.009709645636588382,-0.004108119344903946,0.004170227848997135,0.008885244831399852,1.0000703904015378,1.0004034537646578,0.9999730889032942,1.000189643435062,1.0000383363848426,1.0004192104862182,0.9995369316638437,1.0006162735740036,1.0002038321473197,1.0006979341718512
274,1.703842988644356,0.29522520441730415,0.0,0.2512842351295308,18.0,0.21391477087148664,-0.1594653732526212,0.060955596614958904,0.20299437425699343,-0.1650102966507764,0.17437636318739158,-0.18281634766181531,0.17831626617406765,-0.18088885035967517,0.18510474961456996,0.06881336722993457,0.0581822294853174,-0.03,0.03851863938297401,0.026262975066371458,0.007733362507017033,0.0001844021647011973,-0.007869776657533092,-0.006534736310619807,-0.007184746325062247,1.0002253046719543,1.0006363682798247,1.0002650951123604,1.0004078916705728,1.0001654454947588,1.000577300499411,0.9995964370129076,1.000592438710321,1.0001608572114322,1.0006544613501192
275,1.7115468319442568,0.30455408030706566,0.0,0.20302839216428115,18.0,0.21467825046940203,-0.1414929359461616,-0.05904440338504109,0.2118090866360432,-0.17054453678306591,0.19732104726087044,-0.17305111810901774,0.18245893772452626,-0.18501077697353285,0.1761357386565958,0.0007634795979154091,0.017972437306459588,-0.12,0.008814712379049766,-0.0055342401322895085,0.022944684073478855,0.009765229552797572,0.004142671550458596,-0.004121926613857699,-0.008969010957974172,1.0000242810787057,1.0004531944791435,1.0000694692713816,1.0002680232252186,1.0000236365804396,1.0006636088993768,0.9996519115514721,1.0006300948772,1.0001417252852294,1.0006089633041237
276,1.6585135008461918,0.29686359853805017,0.0,0.25129863931222535,18.0,0.14607987591712285,-0.19921871426919047,-0.029044403385041093,0.17229489803943046,-0.19662564548455558,0.1897387791008164,-0.17330375346333007,0.19027953690832583,-0.1785396230773335,0.18338827120104542,-0.0685983745522792,-0.05772577832302886,0.03,-0.03951418859661274,-0.026081108701489664,-0.007582268160054029,-0.00025263535431233053,0.007820599183799584,0.006471153896199358,0.00725253254444963,0.9998703178191545,1.0002192149876843,0.9997768072853441,1.0000492029311305,0.9998950522717535,1.0005038998433033,0.99959260286208,1.0006539459797237,1.0001843425014492,1.0006522626358003
277,1.7118985593271372,0.3004170647485198,0.0,0.20258408758875243,18.0,0.14509507658453924,-0.21765697016458582,0.0909555966149589,0.1644578864738135,-0.1912967434054803,0.16661139545644996,-0.18303739054148832,0.18614516842399864,-0.17439697701444073,0.19224535464738202,-0.0009847993325836218,-0.018438255895395356,0.12,-0.007837011565616947,0.005328902079075271,-0.02312738364436645,-0.009733637078158247,-0.004134368484327203,0.004142646062892788,0.008857083446336594,1.0000702901112875,1.000403317331397,0.9999728996587347,1.0001893845091003,1.0000379932826475,1.0004187478263806,0.9995363701286758,1.000615615873273,1.0002032526695184,1.0006974536239803
278,1.703823627571198,0.2952272100265782,0.0,0.25127198904640147,18.0,0.2139079373183504,-0.15947361169489255,0.060955596614958904,0.20298086834370202,-0.16502563868846784,0.17435656742866026,-0.1828387582605878,0.17829186807329872,-0.18091449108376173,0.1850782900645177,0.06881286073381117,0.058183358469693275,-0.03,0.038522981869888506,0.026271104717012467,0.007745171972210307,0.0001986322809005292,-0.007853300350699907,-0.0065175140693209815,-0.007167064582864313,1.00022523413703,1.000636270395426,1.0002649627083768,1.000407719497383,1.000165225788499,1.0005770094287065,0.9995960925233967,1.0005920394394134,1.0001605069350274,1.0006541715823312
279,1.7115569071108903,0.3045540608842381,0.0,0.20306167002735057,18.0,0.2146779183782851,-0.14149177045595152,-0.05904440338504109,0.21181417949430284,-0.1705367621402854,0.19733256826446172,-0.17303701041672412,0.18247511280030626,-0.18499390125708004,0.17615328051845222,0.0007699810599347129,0.017981841238941032,-0.12,0.00883331115060082,-0.005511123451817562,0.022976000835801452,0.009801747843863673,0.004183244727007526,-0.004079410173318296,-0.008925009546065482,1.000024310851913,1.0004532345653887,1.000069526850573,1.000268109767217,1.00002375937756,1.000663779008594,0.9996521245061581,1.0006303495427236,1.000141951436269,1.0006091513643942
280,1.6585405402649318,0.2968687480840289,0.0,0.2512887580358546,18.0,0.1460859570893669,-0.19920937078494483,-0.029044403385041093,0.17231217256390358,-0.19660345357965356,0.18976886566358422,-0.17326914110180663,0.1903180258390968,-0.1784990096363684,0.18343014062116572,-0.06859196128891819,-0.05771760032899331,0.03,-0.039502006930399264,-0.026066691439368156,-0.007563702600877492,-0.00023213068508251555,0.007842913038790547,0.006494891620711665,0.0072768601027135005,0.9998704138089072,1.000219345958349,0.9997769881877948,1.0000494500882415,0.999895378166253,1.0005043383179253,0.9995931342881289,1.0006545687832795,1.0001848908407622,1.000652717521737
281,1.7119145051206373,0.30041664228977716,0.0,0.20259128666063414,18.0,0.14510127568419579,-0.21764959099297448,0.0909555966149589,0.16446895517759022,-0.19128327033532322,0.16662853959260132,-0.183018269464312,0.18616610610406997,-0.17437507996076967,0.19226782119384161,-0.0009846814051710923,-0.018440220208029656,0.12,-0.007843217386313356,0.00532018324433034,-0.023140326070982903,-0.009749128362505355,-0.004151919735026835,0.004123929675598728,0.008837680572675893,1.0000703515268436,1.000403401161078,0.9999730138028237,1.0001895327161416,1.000038181494402,1.0004189972808495,0.9995366661447385,1.0006159573995221,1.0002035517640304,1.000697701091584
282,1.7038131550005966,0.295229429119588,0.0,0.25127314730428896,18.0,0.21390782373235362,-0.15947560894404017,0.060955596614958904,0.20297535884842507,-0.16503435350259374,0.17434383349934401,-0.18285392488080324,0.1782745324908424,-0.1809327329271584,0.1850593895600769,0.06880654804815782,0.058173982048934314,-0.03,0.038506403670834854,0.02624891683272948,0.007715293906742693,0.00016434458350875203,-0.007891573613227579,-0.006557652966388702,-0.0072084316337647225,1.0002251998949097,1.000636224996578,1.000264897701197,1.000407623127069,1.000165091613978,1.0005768245476065,0.999595861337218,1.000591764072364,1.0001602630844533,1.0006539686816314
283,1.7115314714579495,0.30455294459226734,0.0,0.20303908036094231,18.0,0.21467185359774865,-0.1415004291721965,-0.05904440338504109,0.21179807314690532,-0.17055777934865113,0.19730443993806074,-0.17306974578829062,0.18243876457158792,-0.18503201942187014,0.17611396308759752,0.0007640298653950189,0.01797517977184368,-0.12,0.00882271429848025,-0.005523425846057389,0.022960606438716724,0.009784179092512613,0.0041642320807454974,-0.0040992864947117374,-0.008945426472479368,1.0000242202692886,1.000453111367411,1.0000693563638765,1.0002678778503662,1.0000234527126841,1.0006633660251492,0.9996516240658477,1.0006297636948027,1.000141435205956,1.0006087235195844
284,1.6585277543406232,0.2968667488064802,0.0,0.25129874077010494,18.0,0.14608062201213134,-0.19921626842281556,-0.029044403385041093,0.17230268298389742,-0.19661485190005326,0.18975432139770315,-0.17328524119464442,0.19030059465212223,-0.17851753076713728,0.1834112376250775,-0.0685912315856173,-0.05771583925061907,0.03,-0.039495390163007904,-0.026057072551402133,-0.0075501185403575866,-0.00021549540635379394,0.00786183008053433,0.00651448865473285,0.00729727453747997,0.9998703606848334,1.0002192736178757,0.9997768902011006,1.0000493233068435,0.9998952187783839,1.0005041279438345,0.9995928847888756,1.0006542811326353,1.000184639187176,1.0006525093384016
285,1.7119261878176029,0.30041691820403704,0.0,0.20256171817175564,18.0,0.14510182073270794,-0.21764739237458847,0.0909555966149589,0.16447545862852417,-0.1912738800999989,0.16664195565718667,-0.18300213212673483,0.18618441191427543,-0.1743558377180046,0.19228770195062286,-0.0009788012794233886,-0.018431123951772904,0.12,-0.007827224355373252,0.005340971800054356,-0.023112365740516477,-0.00971689093209041,-0.004116182737846821,0.00416169304913265,0.008876464325545369,1.0000703886729099,1.0004034514766327,0.9999730852464077,1.00018963662867,1.000038325514918,1.00041919484586,0.9995369111533257,1.000616248377634,1.0002038095373824,1.0006979152941247
286,1.7038376009196132,0.29522601883791044,0.0,0.25128258884553,18.0,0.21391368018806461,-0.15946710923270868,0.060955596614958904,0.20299102238551373,-0.16501466016763983,0.17437039588288464,-0.1828232730990947,0.17830854006329144,-0.1808969752537306,0.18509634803172603,0.06881185945535666,0.058180283141879785,-0.03,0.03851556375698956,0.02625921993235908,0.007728440225697963,0.00017885902764011585,-0.007875871850983998,-0.00654113753572598,-0.007191353918896831,1.0002252859289813,1.000636342749312,1.0002650597639349,1.000407843025491,1.000165380885165,1.0005772132909432,0.9995963309985633,1.0005923141585475,1.0001607474287375,1.000654370266105
287,1.7115426448729274,0.30455382457358604,0.0,0.2030284653165773,18.0,0.214676825985123,-0.14149471415753886,-0.05904440338504109,0.21180623475962035,-0.17054808226918583,0.19731647606153094,-0.17305632896295803,0.18245323130232605,-0.18501677481324347,0.17612957317636,0.0007631457970583705,0.017972395075169817,-0.12,0.008815212374106624,-0.005533422101546004,0.0229460801786463,0.009766944136136685,0.00414469123903459,-0.004119799559512874,-0.008966774855366039,1.0000242652158433,1.0004531728412316,1.0000694396561258,1.0002679842192983,1.0000235863058964,1.0006635419335488,0.9996518314674988,1.0006300019620746,1.0001416436838224,1.0006088957720225
288,1.6585148207730374,0.296863948532968,0.0,0.2512993589064785,18.0,0.14607961607249725,-0.19921881938201,-0.029044403385041093,0.17229544227244584,-0.19662476694182354,0.1897401759115027,-0.1733020034878222,0.190281589737614,-0.1785374858598877,0.1833905177223932,-0.06859720991262573,-0.057724105224471134,0.03,-0.03951079248717451,-0.026076684672637712,-0.007576300150028248,-0.0002456745248641812,0.007828358435287966,0.006479288953355741,0.00726094454603321,0.999870320754285,1.0002192190248866,0.9997768132992676,1.0000492127529506,0.9998950669840602,1.0005039205601358,0.9995926292090754,1.0006539779320076,1.0001843709966267,1.0006522864060439
289,1.7119036886978831,0.300417060991136,0.0,0.20257851688055942,18.0,0.14509616604935183,-0.21765532251829064,0.0909555966149589,0.16446108348634156,-0.19129251827815344,0.16661710391816964,-0.18303075804219565,0.18615257485263914,-0.17438920911829975,0.19225335581948286,-0.000983450023145413,-0.018436503136280646,0.12,-0.007834358786104278,0.005332248663670103,-0.02312307199333305,-0.009728754554373442,-0.0041290148849748715,0.004148276741587978,0.008862838097089654,1.0000703080903446,1.0004033417844045,0.9999729336182787,1.0001894311263095,1.0000380552125618,1.000418831420099,0.9995364717173164,1.000615734959333,1.0002033576271356,1.0006975406738494
290,1.70382752869993,0.2952267839674129,0.0,0.25127430662236333,18.0,0.21390924519056553,-0.15947199909295953,0.060955596614958904,0.2029835551128325,-0.16502253937258513,0.17436059515412064,-0.1828341840384908,0.17829686383362553,-0.18090924042684903,0.18508370986294234,0.06881307914121369,0.05818332342533111,-0.03,0.038522471626490945,0.026269978905568314,0.007743491235951,0.0001965740037048469,-0.007855711019013625,-0.006520031308549293,-0.007169645956540516,1.0002252482739113,1.0006362899730148,1.0002649892594264,1.0004077542514256,1.0001652703530932,1.0005770686058997,0.9995961627994515,1.0005921210338273,1.0001605785608207,1.0006542308577246
291,1.7115554721540844,0.30455408606293527,0.0,0.2030557468905387,18.0,0.21467809868862614,-0.14149182629835577,-0.05904440338504109,0.21181351675649263,-0.17053784266747885,0.19733090894021593,-0.17303907521550171,0.18247272260116454,-0.18499639122390582,0.17615068637730202,0.0007688534980605927,0.01798017279460376,-0.12,0.008829961643660122,-0.00551530329489372,0.022970313786095292,0.00979510882298909,0.004175858767538995,-0.004087150797056779,-0.008933023485640318,1.0000243069085464,1.0004532292799784,1.0000695191339766,1.000268097700374,1.000023741823712,1.0006637544634134,0.9996520934596262,1.0006303121721516,1.0001419181725244,1.0006091236756063
292,1.6585356202076973,0.2968678023561954,0.0,0.2512904537523698,18.0,0.14608489796158813,-0.19921102313581043,-0.029044403385041093,0.1723090547608807,-0.19660747415565974,0.18976339727566688,-0.17327544425261415,0.19031100764367626,-0.17850641276172613,0.18342250487503348,-0.06859320072703799,-0.05771919683745466,0.03,-0.03950446199561192,-0.026069631488180894,-0.007567511664549054,-0.00023636903711243828,0.00783828504251173,0.006489978462179677,0.007271818497731453,0.9998703964917877,1.0002193223276785,0.9997769555108282,1.0000494053068374,0.9998953189687942,1.000504258592245,0.9995930375561548,1.0006544553269583,1.000184790918701,1.000652634618183
293,1.7119112332418687,0.3004167176225572,0.0,0.20259048088763468,18.0,0.14510008072025515,-0.21765104329896667,0.0909555966149589,0.16446671496338106,-0.19128602557019153,0.16662500535477553,-0.18302223386013228,0.18616175282449005,-0.17437963458441408,0.19226314545030335,-0.0009848172413329664,-0.01844002016315624,0.12,-0.007842339797499653,0.005321448585468208,-0.023138391920891344,-0.009746789607518125,-0.004149254819186196,0.004126778177312038,0.00884064057526987,1.0000703390764332,1.000403384174234,0.9999729906167011,1.0001895023959817,1.0000381427577554,1.0004189458108599,0.9995366048641182,1.0006158865375459,1.0002034896492928,1.0006976496807152
294,1.7038146849726208,0.2952290707785891,0.0,0.2512727441170721,18.0,0.21390773258728596,-0.15947539110839457,0.060955596614958904,0.20297610975167693,-0.16503306782462032,0.174345754752702,-0.1828516176090446,0.1782771895241675,-0.18092993645507305,0.18506228874469693,0.06880765186703082,0.05817565219057211,-0.03,0.038509394788295875,0.02625295774557121,0.0077207493979264685,0.00017061625108769074,-0.007884563300322542,-0.006550301870658984,-0.007200856705606412,1.0002252047797988,1.0006362314020458,1.0002649069994405,1.0004076373034605,1.000165111676912,1.0005768523823633,0.9995958964602826,1.0005918060874013,1.0001603003443884,1.0006539997119328
295,1.7115361161457725,0.3045531406372587,0.0,0.20304360111436617,18.0,0.2146729165831825,-0.1414988848671505,-0.05904440338504109,0.211800993329613,-0.17055395043870886,0.19730958250142902,-0.17306374956902543,0.18244543086704634,-0.18502502993426395,0.17612117467031188,0.0007651839958965484,0.017976506241244056,-0.12,0.008824883577936066,-0.005520882614088535,0.022963827748727017,0.00978786804001916,0.004168241342878867,-0.004095093479190917,-0.008941114074385054,1.00002423671085,1.0004531337223426,1.0000693873338553,1.000267920113159,1.0000235087329885,1.0006634415443676,0.9996517156885824,1.0006298710415817,1.0001415298248906,1.0006088019487271
296,1.658530446541929,0.2968671847195922,0.0,0.2512968214916202,18.0,0.14608166076791973,-0.19921490134328806,-0.029044403385041093,0.17230463566767262,-0.19661248297765543,0.18975737292829797,-0.173281841967099,0.19030429141616734,-0.17851360743686623,0.18341524865192146,-0.06859125581526278,-0.057716016476137555,0.03,-0.03949635766194037,-0.026058532538946577,-0.007552209573131047,-0.00021809239807357717,0.00785886054912098,0.006511422497397709,0.007294073981609583,0.9998703716046289,1.000219288491856,0.9997769104051561,1.000049349661117,0.9998952521574215,1.000504172135907,0.9995929373852537,1.0006543419361535,1.000184692438156,1.0006525534114672
297,1.7119243891257738,0.30041686266887857,0.0,0.20256704414985516,18.0,0.14510182554540824,-0.2176476596687195,0.0909555966149589,0.16447449299438943,-0.19127531516624194,0.16663987110112688,-0.18300466391045994,0.18618152767599644,-0.1743588713134524,0.19228456513502026,-0.0009798352225115076,-0.018432758325431425,0.12,-0.007830142673283191,0.005337167811413496,-0.023117501827171094,-0.009722821943360938,-0.004122763740170884,0.004154736123413841,0.0088693164830988,1.0000703831281001,1.0004034439764138,0.9999730745172898,1.0001896207337788,1.0000383032051987,1.0004191640997442,0.9995368728067932,1.000616202673248,1.0002037689922727,1.0006978815848309
298,1.7038331241185627,0.29522665544596427,0.0,0.2512809444622087,18.0,0.21391264664889537,-0.1594686390512822,0.060955596614958904,0.20298817344081446,-0.16501827115123932,0.1743655094567809,-0.18282891949230068,0.17830226722410214,-0.18090357113538502,0.18508952990280378,0.06881082110348714,0.058179020617437294,-0.03,0.03851368044642503,0.026257044015002617,0.007725638355654013,0.00017574441815926267,-0.007879260451894285,-0.006544699821932606,-0.0071950352322164846,1.0002252702160168,1.0006363212672345,1.000265030157144,1.0004078027200738,1.0001653277439502,1.0005771418016738,0.9995962445013797,1.000592212774892,1.0001606581389864,1.0006542962216156
299,1.7115402628010175,0.30455365137168866,0.0,0.20302996787300154,18.0,0.21467585138790418,-0.14149586176489415,-0.05904440338504109,0.2118045350167006,-0.17055013238587705,0.19731389822540982,-0.17305922496283838,0.18245009157842867,-0.18502008035558393,0.17612618373833963,0.0007632047390088298,0.017972777286388048,-0.12,0.008816361575886139,-0.005531861234637725,0.022948388768628925,0.009769694529462303,0.004147824354326521,-0.004116509220198891,-0.008963346164464148,1.000024255824569,1.0004531600079778,1.0000694222101096,1.000267961708844,1.000023557783724,1.000663504227684,0.999651786791155,1.00062995045914,1.0001415985610322,1.0006088584684318
300,1.6585168912198223,0.29686440925112734,0.0,0.2512994123982685,18.0,0.14607970650609492,-0.19921848219205338,-0.029044403385041093,0.1722965634657532,-0.19662320567768976,0.18974243125063883,-0.17329931247221964,0.19028465416817564,-0.17853427177337988,0.18339386032877622,-0.06859614488180928,-0.05772262042715923,0.03,-0.0395079715509474,-0.026073073291812715,-0.007571466974770985,-0.00024008750938125933,0.007834562589746977,0.006485808582204031,0.007267676590436589,0.9998703269244729,1.000219227465491,0.9997768252527162,1.0000492301662782,0.9998950911320558,1.0005039536715907,0.9995926701744865,1.000654026665871,1.0001844141485257,1.0006523222922006
