step,J,D,stress,movement,active_directed_pairs,x_0,x_1,x_2,x_3,x_4,x_5,x_6,x_7,x_8,x_9,v_0,v_1,v_2,v_3,v_4,v_5,v_6,v_7,v_8,v_9,y_0,y_1,y_2,y_3,y_4,y_5,y_6,y_7,y_8,y_9
1,0.2793127419127362,0.008336040291015704,0.0,0.22593982112930136,18.0,0.028967141530112327,-0.025382643011711847,-0.003945552280145281,0.03923029856408025,-0.02634153374723336,-0.026341369569491804,0.039792128155073915,0.031191730759678262,-0.028694743859349524,0.029425600435859647,0.024,-0.024,-0.010422437661152206,0.024,-0.024,-0.024,0.024,0.023517383468149175,-0.024,0.024,1.000009203930329,1.0000886452849211,1.00002937683399,0.9999250763032398,1.000072492712002,1.0001708305185784,1.000001000720829,1.0001595805732313,1.0002247754629159,1.0001173367168972
2,0.5193127419127361,0.02750305190282704,0.0,0.24,18.0,0.052967141530112324,-0.049382643011711844,-0.02794555228014528,0.06323029856408025,-0.05034153374723336,-0.050341369569491805,0.06379212815507392,0.05519173075967826,-0.052694743859349524,0.053425600435859644,0.024,-0.024,-0.024,0.024,-0.024,-0.024,0.024,0.024,-0.024,0.024,0.999963603930329,1.0000916452849213,0.9999783768339899,0.9997822763032398,1.000032292712002,1.0002440305185782,0.9999500007208291,1.0002435805732313,1.000368175462916,1.000195936716897
3,0.7593127419127362,0.058190063514638374,0.0,0.24,18.0,0.07696714153011233,-0.07338264301171185,-0.05194555228014528,0.08723029856408024,-0.07434153374723336,-0.0743413695694918,0.08779212815507392,0.07919173075967825,-0.07669474385934952,0.07742560043585964,0.024,-0.024,-0.024,0.024,-0.024,-0.024,0.024,0.024,-0.024,0.024,0.9999180039303289,1.0000946452849213,0.9999273768339899,0.9996394763032398,0.999992092712002,1.0003172305185783,0.999899000720829,1.0003275805732315,1.000511575462916,1.0002745367168973
4,0.9973424646227058,0.09998189349169083,0.0,0.23802972270996958,18.0,0.10096714153011233,-0.09738264301171184,-0.07594555228014528,0.1104183959049051,-0.09834153374723337,-0.0983413695694918,0.1106337535242187,0.10319173075967825,-0.10069474385934951,0.10142560043585963,0.024,-0.024,-0.024,0.02318809734082486,-0.024,-0.024,0.022841625369144775,0.024,-0.024,0.024,0.9998718737398414,1.0000954709915488,0.9998742025406175,0.9994945020098674,0.9999465908071262,1.0003851286137027,0.9998443429188382,1.0004079227712406,1.000651317660925,1.0003526065264097
5,1.1933836871191625,0.14279390869820988,0.0,0.19604122249645678,18.0,0.11911808889168186,-0.11953538478705093,-0.09867464546778529,0.12744846369633686,-0.11877970573572308,-0.11740651204556679,0.1271920278108131,0.12194727636539557,-0.11951574016100946,0.12376584215779962,0.018150947361569535,-0.02215274177533909,-0.02272909318764,0.017030067791431763,-0.02043817198848972,-0.019065142476075,0.01655827428659439,0.018755545605717322,-0.01882099630165995,0.022340241721939987,0.9998212072610246,1.0000792904000098,0.9998120360621043,0.9993606455247878,0.9998923322309166,1.0004266423761274,0.9997920846556352,1.000477048710823,1.0007676298281358,1.0004242113530466
6,1.3357359188357663,0.1787822046815439,0.0,0.1423522317166034,18.0,0.13197372741080615,-0.1364686196317615,-0.11438468159525186,0.13969800352353526,-0.13396620447763616,-0.13124203060297007,0.13884884706627776,0.13547918895724798,-0.133430746925353,0.14024386864492625,0.012855638519124302,-0.01693323484471057,-0.015710036127466576,0.012249539827198409,-0.015186498741913069,-0.013835518557403276,0.011656819255464648,0.013531912591852402,-0.01391500676434353,0.016478026487126613,0.9997837961646766,1.0000666846218118,0.9997652606617371,0.9992622721039902,0.9998521020669892,1.0004542711215605,0.9997510758116106,1.0005258228283618,1.0008506468541043,1.0004757549670253
7,1.437817723049414,0.20718527405752526,0.0,0.10208180421364808,18.0,0.14162144311497948,-0.14906725603676083,-0.12360692059415394,0.14897401096125762,-0.144985501225858,-0.1411116934129458,0.14713565538769205,0.14523967760420334,-0.14397357677335573,0.15210198793820728,0.009647715704173321,-0.012598636404999348,-0.009222238998902078,0.009276007437722375,-0.011019296748221823,-0.00986966280997572,0.0082868083214143,0.00976048864695535,-0.010542829848002736,0.011858119293281042,0.9997608087723349,1.0000624811445316,0.9997362637667733,0.999195823377371,0.9998278705751756,1.0004751890892374,0.9997199999502049,1.0005595615372544,1.0009088129784516,1.0005115467089047
8,1.5088278432511857,0.22837321027701743,0.0,0.07101012020177182,18.0,0.14916287958500135,-0.15846244164214626,-0.12581599315904377,0.1562251433326715,-0.15295295958122407,-0.14806762485521488,0.15305150748080038,0.15236465223099602,-0.15207769942437135,0.1606469419597163,0.007541436470021876,-0.00939518560538543,-0.0022090725648898353,0.0072511323714138905,-0.007967458355366068,-0.006955931442269074,0.005915852093108339,0.007124974626792688,-0.008104122651015613,0.00854495402150901,0.9997534462533607,1.0000698021686094,0.9997256580095516,0.9991578207505952,0.9998206381663798,1.0004927735618416,0.9996973728934062,1.000583700481578,1.0009501678530948,1.0005369287828965
9,1.5443265610287722,0.24058738702998475,0.0,0.06757182813673615,18.0,0.15531466674207725,-0.16553056614380757,-0.10977943797946865,0.16206507127120395,-0.1586545905514412,-0.15288141331253607,0.1572781629526335,0.15763902139889963,-0.15834654622440725,0.16683708445229672,0.006151787157075896,-0.007068124501661315,0.01603655517957511,0.005839927938532441,-0.005701630970217156,-0.004813788457321182,0.004226655471833121,0.00527436916790361,-0.006268846800035904,0.006190142492580425,0.9997840519844712,1.0001122337537953,0.9997552609250546,0.9991672046270044,0.9998525663086529,1.0005112634346078,0.9996842900446767,1.000604338033444,1.0009827195313925,1.0005580684914204
10,1.5598669235734084,0.24828451907601834,0.0,0.06354036254463657,18.0,0.1613952167584869,-0.1704971313540878,-0.08577943797946866,0.16739047445336136,-0.1622349533141127,-0.15606868585292386,0.16034338362309483,0.16160424206268117,-0.1632076600333922,0.1713457381417989,0.0060805500164096415,-0.004966565210280235,0.024,0.005325403182157413,-0.003580362762671488,-0.0031872725403877785,0.003065220670461338,0.003965220663781538,-0.004861113808984949,0.004508653689502172,0.9998341055636718,1.0001730712744399,0.9998080426294832,0.9992038890893732,0.9999053492070382,1.0005324446034347,0.9996793747635614,1.0006226952747468,1.0010089652722327,1.0005760381364504
11,1.566087338451923,0.2541566536106314,0.0,0.05422041487851451,18.0,0.16689325951802111,-0.17385315997280193,-0.06177943797946866,0.1721243248309622,-0.16444562705497368,-0.15811591737080555,0.16261772156761223,0.16463702646386005,-0.16697386060119176,0.17464700309222572,0.005498042759534222,-0.0033560286187141117,0.024,0.004733850377600848,-0.002210673740860981,-0.002047231517881697,0.0022743379445173974,0.0030327844011788768,-0.003766200567799552,0.0033012649504268066,0.9998860167974322,1.0002345685552148,0.9998645658943411,0.9992479230984991,0.9999608096736888,1.0005535759644586,0.9996790565457822,1.0006384928420922,1.0010298297375848,1.0005907618893524
12,1.5649469320097258,0.25871255953401506,0.0,0.046859593557802844,18.0,0.17131148224389942,-0.17617788579836482,-0.03777943797946866,0.17607680591283006,-0.16591876239321313,-0.1594213771107518,0.16431057922816342,0.16698801168529567,-0.16988566414858525,0.17707692550915352,0.00441822272587829,-0.0023247258255629055,0.024,0.003952481081867853,-0.001473135338239451,-0.001305459739946242,0.0016928576605512006,0.0023509852214356306,-0.002911803547393476,0.0024299224169278023,0.9999379019014665,1.00029445743344,0.9999211402180552,0.9992953018086769,1.0000164205427253,1.000572863465268,0.9996811680912263,1.0006521199302045,1.0010466878385536,1.0006030492746376
13,1.558233880768523,0.26246187174686897,0.0,0.04128694875879733,18.0,0.1748392691859591,-0.17772150357022545,-0.013779437979468658,0.17937149904601846,-0.1669000739439421,-0.16022180734631009,0.16556289462519544,0.16882941353835113,-0.17213478701037896,0.1788731945226737,0.003527786942059678,-0.001543617771860636,0.024,0.003294693133188392,-0.0009813115507289695,-0.0008004302355582894,0.0012523153970320357,0.0018414018530554487,-0.002249122861793705,0.0017962690135201805,0.9999896286686312,1.0003528559541994,0.9999773307878255,0.9993447488012422,1.0000716799848535,1.000590309007816,0.9996848571431652,1.000664079341053,1.0010606283142354,1.0006136084987471
14,1.56774448092247,0.2658122732276088,0.0,0.0370694761128842,18.0,0.1776825907881013,-0.1786507903840514,0.010220562020531343,0.1821434315681232,-0.16753534495774422,-0.16065810929327362,0.1664885334437376,0.17028864288123663,-0.1738711487452272,0.18020532684044344,0.0028433216021422057,-0.0009292868138259541,0.024,0.002771932522104753,-0.000635271013802129,-0.000436301946963525,0.0009256388185421432,0.0014592293428854924,-0.001736361734848234,0.001332132317769731,1.0000412560473326,1.0004100964962581,1.0000331419701032,0.9993956416520384,1.0001265356871913,1.0006062329559822,0.9996896983885092,1.0006748458927506,1.0010724747132516,1.0006229556729533
15,1.5754505557016691,0.26979254739989794,0.0,0.02814719882026174,18.0,0.18000688629263745,-0.17910232759243055,-0.008046454008352445,0.18450387750109026,-0.1679239860895513,-0.16082376853016297,0.16717636607749523,0.17146052606223086,-0.17521008470248212,0.18119627884523581,0.0023242955045361443,-0.0004515372083791495,-0.018267016028883788,0.0023604459329670483,-0.0003886411318070846,-0.00016565923688934074,0.0006878326337576263,0.0011718831809942297,-0.0013389359572549397,0.000990952004792365,1.0000082968434196,1.0003819171953594,1.0000040882266579,0.9993630401030507,1.000096502457418,1.000612508113365,0.9996869759946124,1.0006763424044167,1.0010743812315288,1.0006230050431195
16,1.5874899952726744,0.27146422514709934,0.0,0.03077196851761399,18.0,0.17868707582768556,-0.18164619692358033,0.013678462161784193,0.18463888597082231,-0.16981376159301592,-0.16092520966504534,0.167509134748807,0.17241473470733149,-0.17624052974641413,0.18193600392818807,-0.0013198104649518863,-0.0025438693311497676,0.021724916170136638,0.00013500846973203869,-0.0018897755034646018,-0.0001014411348823714,0.00033276867131177786,0.0009542086451006344,-0.001030445043932007,0.0007397250829522391,1.0000451719150025,1.0004190656590934,1.000036984695509,0.9993974672492207,1.0001358346731972,1.000615526540325,0.9996864751275327,1.0006825901043748,1.0010808799982958,1.000628605334474
17,1.5895179872129976,0.2741496406472819,0.0,0.03028673797747789,18.0,0.18022921489831104,-0.18186947312857657,-0.010321537838215808,0.18611338632067662,-0.17015961221695827,-0.16047429880825217,0.16761232587088984,0.1732001096328463,-0.17704979366762577,0.18248823483064514,0.0015421390706254758,-0.00022327620499622343,-0.024,0.001474500349854294,-0.00034585062394234856,0.00045091085679315574,0.00010319112208283734,0.0007853749255148167,-0.0008092639212116432,0.0005522309024570655,0.9999996737390614,1.0003765533463609,0.9999936942188726,0.9993532108892095,1.0000922085892383,1.0006173976780233,0.9996828112206709,1.0006815681407124,1.001078742030263,1.0006261887504115
18,1.5952552626683567,0.2744974397248234,0.0,0.03269569317415214,18.0,0.17838680190125694,-0.18412655541089915,0.013275278014503587,0.18561456707230992,-0.17209604828049696,-0.1597887593792254,0.16748142652415676,0.17390704023775216,-0.1776767850939644,0.18290200075379148,-0.0018424129970540937,-0.002257082282322573,0.023596815852719395,-0.0004988192483667014,-0.0019364360635386931,0.0006855394290267588,-0.0001308993467330784,0.000706930604905866,-0.0006269914263386309,0.0004137659231463359,1.000039872235138,1.0004157417334594,1.0000285256248282,0.999392226262798,1.0001344254391853,1.0006192080314547,0.9996836566600873,1.0006881670212624,1.001083644200726,1.0006314443491109
19,1.5950202325093379,0.27609902254577223,0.0,0.030859130864407204,18.0,0.1800644301677621,-0.18372737736049305,-0.010724721985496413,0.18690966932134492,-0.17225764836836388,-0.1582077582404861,0.16718980321609264,0.17455184164385326,-0.17816851090718053,0.18321847129826485,0.0016776282665051602,0.00039917805040610765,-0.024,0.001295102249035007,-0.00016160008786692099,0.0015810011387392886,-0.000291623308064121,0.0006448014061010968,-0.0004917258132161386,0.00031647054447336056,0.9999958416583072,1.000374333738683,0.9999867540298542,0.9993521028474825,1.0000928859355087,1.0006227545718909,0.9996830316821576,1.000688973731618,1.0010805379332632,1.0006291254645798
20,1.5970448412652922,0.27542392433946794,0.0,0.03358086460472906,18.0,0.17827562667101138,-0.18551535671206187,0.012841449440034028,0.18626899358648172,-0.17415179447553295,-0.15605423329155388,0.16671940145774786,0.17520886921895634,-0.17854212316624385,0.18346699324566823,-0.0017888034967507304,-0.0017879793515688334,0.02356617142553044,-0.0006406757348631998,-0.0018941461071690594,0.0021535249489322327,-0.00047040175834477403,0.0006570275751030751,-0.0003736122590633287,0.00024852194740338906,1.0000371712077158,1.0004143659197284,1.0000225243821586,0.999395618058756,1.0001379471295135,1.0006273184629868,0.9996877160630006,1.0006987587027747,1.0010849929301713,1.0006348505462352
21,1.5938863492509465,0.2757698470308674,0.0,0.03377729564223348,18.0,0.17998213903134255,-0.18476154099137312,-0.011068058188964107,0.18746591312186933,-0.174334151598141,-0.1517984430125819,0.1661025630691531,0.17587137426471885,-0.17882828465521128,0.18367388131759133,0.0017065123603311637,0.000753815720688748,-0.023909507628998135,0.001196919535387615,-0.00018235712260806678,0.004255790278971962,-0.0006168383885947572,0.000662505045762506,-0.0002861614889674416,0.00020688807192308559,0.9999946328875802,1.000374251361652,0.9999819995205561,0.9993633224864077,1.0001027988337559,1.0006371451082203,0.9996942175374846,1.0007063687280273,1.0010820698744833,1.0006335929541967
22,1.5892721918093489,0.2730009280935208,0.0,0.03940507883919364,18.0,0.1782193261194999,-0.18626402239816442,0.012739782430731351,0.1868032846307053,-0.17633462785412596,-0.14402496918457486,0.16535991834873523,0.17663420200878158,-0.1790297741706496,0.1838622846633806,-0.0017628129118426727,-0.0015024814067912898,0.02380784061969546,-0.0006626284911640189,-0.00200047625598497,0.007773473828007065,-0.0007426447204178751,0.0007628277440627317,-0.00020148951543833257,0.00018840334578927126,1.000038488757343,1.0004167654087202,1.0000200124960485,0.9994229546070553,1.000162792221874,1.0006565156543743,0.9997142952143596,1.0007315833377703,1.001088045136502,1.0006415733569605
23,1.5664031742998683,0.26749037131189474,0.0,0.05402429685236307,18.0,0.17995530330155798,-0.1852553609275295,-0.010983857040357307,0.18811492542380592,-0.17663744664595538,-0.12002496918457486,0.1646617050691797,0.17754770978613532,-0.1791516825547987,0.1840702143659736,0.0017359771820580933,0.001008661470634915,-0.02372363947108866,0.0013116407931006114,-0.0003028187918294261,0.024,-0.0006982132795555256,0.0009135077773537578,-0.00012190838414910582,0.00020792970259299792,1.0000023527479758,1.000383285471959,0.9999858512170057,0.9994458497588168,1.0001822135559644,1.0007213115497615,0.9997760510257306,1.0007947222541693,1.001091784052901,1.0006471974492142
24,1.5479454489865376,0.26138111243519424,0.0,0.05505856309421501,18.0,0.17821445112560225,-0.18645624639277936,0.013016142959642693,0.1881403949571945,-0.178441784651442,-0.09602496918457487,0.1649729927572817,0.1791437025619798,-0.17911824756733896,0.18441651682870158,-0.0017408521759557365,-0.0012008854652498567,0.024,2.546953338857152e-05,-0.0018043380054866183,0.024,0.00031128768810197345,0.001595992775844493,3.3434987459746064e-05,0.0003463024627279802,1.000052548215919,1.0004335325157074,1.0000320385002417,0.9995537871924903,1.0002928828610036,1.00079344913367,0.9998482423540446,1.0008721421138072,1.001109803912539,1.0006643768320944
25,1.5254230771775632,0.2584802760134142,0.0,0.05487984339974489,18.0,0.1799802482083663,-0.18510690865442778,-0.009689697406807595,0.18994675018816753,-0.17834566826933973,-0.07202496918457488,0.16581821971028965,0.1806920437112727,-0.1788787370430758,0.18493983480124124,0.0017657970827640703,0.0013493377383515849,-0.022705840366450288,0.0018063552309730366,9.611638210228666e-05,0.024,0.000845226953007958,0.0015483411492928818,0.00023951052426316897,0.0005233179725396482,1.0000202138827576,1.0004048560518886,1.0000035782982826,0.9995823431644695,1.000321595738818,1.0008675614220057,0.999919451231189,1.000944900927249,1.001123162725981,1.0006754535327633
26,1.5095709136649647,0.2540876501728851,0.0,0.05573486938985882,18.0,0.178335507003736,-0.18599922913150713,0.014310302593192405,0.1898395095412507,-0.1797032331523219,-0.04802496918457488,0.16715676926952602,0.18211235010384694,-0.17852689985020176,0.18556214383480674,-0.0016447412046303159,-0.000892320477079355,0.024,-0.00010724064691682683,-0.0013575648829821682,0.024,0.0013385495592363858,0.0014203063925742202,0.0003518371928740347,0.0006223090335655033,1.0000716413631,1.000456066369921,1.000051734095328,0.9996921193621413,1.0004363914250511,1.0009433115044373,0.999996526763088,1.0010271312731231,1.001145993071855,1.0006946697948274
27,1.4841173554948555,0.25315483174806325,0.0,0.056285889935306546,18.0,0.18011637999540753,-0.18449654109815578,-0.008129506536045588,0.19148461856978705,-0.1790635090239669,-0.024024969184574876,0.16908695174076604,0.18335116061187426,-0.1781098905523927,0.18625382818188466,0.0017808729916715341,0.0015026880333513393,-0.022439809129237993,0.0016451090285363472,0.0006397241283550065,0.024,0.0019301824712400243,0.0012388105080273245,0.0004170092978090605,0.0006916843470779097,1.0000405798419916,1.0004283361945954,1.0000254432992917,0.9997228243875659,1.0004699412094955,1.0010208764660502,1.0000720739582063,1.0011035735236242,1.001163035322356,1.0007065005526559
28,1.4712968840317668,0.2504239336136761,0.0,0.05605808432165747,18.0,0.17849060708334832,-0.18526867220253712,0.015870493463954412,0.1912736040226739,-0.17986810546277868,-2.4969184574875902e-05,0.1714635660897768,0.1843996094493868,-0.1776369066552376,0.18700035041749824,-0.0016257729120591992,-0.0007721311043813542,0.024,-0.00021101454711314164,-0.0008045964388117767,0.024,0.0023766143490107647,0.0010484488375125452,0.00047298389715512337,0.0007465222356135705,1.0000926405461874,1.0004799695943332,1.000075266357042,0.9998342422387476,1.000588992025909,1.0010997939953135,1.0001529086912035,1.0011887381111537,1.0011887999098856,1.0007258482814432
29,1.472977374470976,0.25324747869179304,0.0,0.039811426830303275,18.0,0.18027105263044998,-0.18369294725226276,-0.006636100843993548,0.19284202025847072,-0.17874868609327024,-0.006411268285423629,0.17422609744534934,0.1852154212344278,-0.1771370762434278,0.1877967041839002,0.0017804455471016507,0.0015757249502743526,-0.02250659430794796,0.0015684162357968046,0.0011194193695084301,-0.006386299100848753,0.0027625313555725397,0.0008158117850409942,0.0004998304118098011,0.0007963537664019612,1.0000534995323411,1.0004440046233645,1.0000418200796546,0.9997825862695972,1.0005423131246218,1.0010960132132518,1.0001475263320616,1.0011835247523921,1.0011993926413985,1.000728982178296
30,1.4845583186618634,0.25093631471191996,0.0,0.04611452038191846,18.0,0.1786384645912824,-0.18454883561734053,0.016886951930555547,0.19135404522681637,-0.18051066808132996,0.0076865286018118605,0.17530733929446626,0.1845169016156945,-0.17673673996688477,0.18837184373568142,-0.0016325880391675784,-0.0008558883650777852,0.023523052774549094,-0.001487975031654356,-0.001761981988059714,0.01409779688723549,0.0010812418491169286,-0.0006985196187333085,0.0004003362765430257,0.0005751395517811992,1.0001001537041647,1.0004876456457492,1.0000814966425662,0.9998593588736574,1.0006233531058497,1.0011326685296007,1.0001884558571206,1.0012303598329115,1.0012113356746222,1.0007380058585271
31,1.4800898103842413,0.2543992418805047,0.0,0.04963614678982001,18.0,0.1803597199081296,-0.183182936363373,-0.0064286210710944765,0.19249450509964236,-0.17966175853890132,-0.010875459087433549,0.1772909600406081,0.18443877383504198,-0.17655082954257967,0.18880624689743716,0.0017212553168471974,0.0013658992539675428,-0.023315573001650023,0.001140459872825976,0.0008489095424286385,-0.01856198768924541,0.001983620746141846,-7.812778065252864e-05,0.00018591042430509409,0.0004344031617557406,1.000054656713603,1.0004444580864298,1.0000402191297173,0.9997698167465998,1.0005370154634818,1.0010880703948772,1.0001421339089913,1.0011835939489828,1.001210510710224,1.0007318251181145
32,1.4899263403172702,0.25103709579520006,0.0,0.055105662232101574,18.0,0.17863609019558027,-0.18425233073675185,0.01679183766073566,0.1905911146212567,-0.18174423320272687,0.01208700646323148,0.1775174846343576,0.18287771329272143,-0.17640842428482703,0.18902010522508148,-0.0017236297125493396,-0.0010693943733788463,0.023220458731830138,-0.0019033904783856662,-0.0020824746638255453,0.02296246555066503,0.00022652459374950765,-0.0015610605423205532,0.00014240525775264078,0.00021385832764430485,1.0001016971942622,1.0004876442013702,1.000078719676664,0.9998674762958966,1.0006369709253198,1.0011416629289116,1.0002000293853064,1.001246896765147,1.0012169814241507,1.000737684215638
33,1.4817210564876662,0.2548312662003703,0.0,0.05485357435598442,18.0,0.18030966094570763,-0.18299533716156488,-0.006617322267188194,0.19216867756166095,-0.18035835594726699,-0.011040288369505975,0.17970134619109812,0.1828855336512064,-0.17640071014664668,0.18924382424582026,0.0016735707501273492,0.0012569935751869732,-0.023409159927923855,0.0015775629404042486,0.001385877255459873,-0.023127294832737455,0.002183861556740537,7.820358484988835e-06,7.714138180354379e-06,0.00022371902073879265,1.0000546746788492,1.0004438162509115,1.0000380099500303,0.999767267194039,1.0005406784847843,1.001087529850795,1.0001427260417708,1.0011872302494818,1.0012145549631963,1.0007293613284804
34,1.4911561215530358,0.25117344408714287,0.0,0.056324235649529694,18.0,0.1785767283938159,-0.18410843088036444,0.016821497976856697,0.19022706049490565,-0.18238132469966628,0.012823171769102948,0.1796741368221441,0.18090037241312978,-0.17630065571693856,0.18934274238611146,-0.0017329325518917556,-0.0011130937187995612,0.02343882024404489,-0.0019416170667553156,-0.002022968752399309,0.023863460138608922,-2.720936895402055e-05,-0.001985161238076626,0.00010005442970812533,9.891814029118957e-05,1.0001020436251515,1.0004872534226537,1.0000768954420793,0.9998675542088763,1.0006426451569328,1.0011415000498827,1.0002009431868721,1.0012503329229996,1.001218595572871,1.0007334754034514
35,1.4812109268254892,0.25482705039651,0.0,0.05544415580657134,18.0,0.18027135331123087,-0.18288047018006257,-0.006681790981621673,0.1919265790755746,-0.18081342475279766,-0.010429455420128903,0.18174089238107669,0.18064622753920095,-0.17636337768199617,0.18945735550179912,0.0016946249174149925,0.0012279607003018826,-0.02350328895847837,0.001699518580668938,0.0015678999468686145,-0.02325262718923185,0.00206675555893259,-0.0002541448739288242,-6.272196505761471e-05,0.00011461311568766548,1.0000546662668408,1.000443317589469,1.000036487383775,0.9997673081546401,1.0005460453046027,1.0010864627439215,1.0001422667815953,1.0011885155621076,1.0012143284642725,1.0007236280548435
36,1.4912923243775942,0.25105921971584655,0.0,0.05654594864741176,18.0,0.1785378264052849,-0.18402075865268708,0.016804279562987127,0.19004673839394706,-0.18272421674413322,0.013437265629921804,0.1816387633351174,0.1782968800412352,-0.17630719266759193,0.1894784029446885,-0.0017335269059459792,-0.0011402884726245046,0.0234860705446088,-0.0018798406816275322,-0.0019107919913355716,0.023866721050050707,-0.00010212904595929438,-0.0023493474979657584,5.6185014404251106e-05,2.1047442889382178e-05,1.0001019386797771,1.0004867833250248,1.0000756538373505,0.9998678850041375,1.0006481423600202,1.0011394130309275,1.0001992007287768,1.0012498198263895,1.0012165625939553,1.0007261379329506
37,1.4795218538699133,0.25450562134706217,0.0,0.05588198332887152,18.0,0.18024082836929448,-0.1828095706600033,-0.006684455233977902,0.19179545877815338,-0.1810668179574466,-0.00982372719724991,0.18358744801597043,0.17758078509523828,-0.17640726077704144,0.18952550178553754,0.0017030019640095634,0.0012111879926837781,-0.02348873479696503,0.0017487203842063025,0.0016573987866866135,-0.023260992827171714,0.001948684680853053,-0.0007160949459969156,-0.0001000681094495008,4.7098840849023536e-05,1.0000543808436457,1.0004427666476716,1.0000353663072674,0.9997677274641555,1.0005513386475882,1.0010827944634129,1.0001387257879395,1.00118577469687,1.0012100884216832,1.00071440231204
38,1.490070447182765,0.2505845077008723,0.0,0.057156041731683274,18.0,0.17851355627129573,-0.18396307419163063,0.016804912313826956,0.18994849731365993,-0.18291516006734754,0.014045559566912334,0.18342864646688947,0.17457699191162893,-0.17639052367859143,0.18948352540098215,-0.0017272720979987525,-0.0011535035316273298,0.023489367547804858,-0.0018469614644934598,-0.0018483421099009128,0.023869286764162244,-0.0001588015490809601,-0.0030037931836093537,1.673709845000629e-05,-4.1976384555381346e-05,1.0001014026850081,1.0004860483920683,1.0000744892819167,0.9998682587408786,1.000653257928191,1.0011336467873677,1.0001933709307198,1.0012444369390998,1.0012096741791716,1.000714416833711
39,1.4760072869184235,0.25369972465842533,0.0,0.05685508133720796,18.0,0.18022106660226847,-0.18276272123477624,-0.006670759173234432,0.19171771726085896,-0.18121152338881863,-0.009250180899246155,0.1852843906237368,0.1728939060083216,-0.176533069707525,0.18946195201963736,0.0017075103309727496,0.0012003529568543995,-0.023475671487061388,0.0017692199471990282,0.0017036366785289107,-0.02329574046615849,0.0018557441568473226,-0.00168308590330733,-0.00014254602893356733,-2.1573381344773872e-05,1.0000534826194347,1.0004417109968882,1.0000339850692632,0.9997677924316245,1.0005559115722533,1.0010736336138395,1.0001293260668076,1.0011764860824988,1.0011993802802244,1.0006991124255402
40,1.4860033813755251,0.24941915404563467,0.0,0.058885934198908585,18.0,0.17849826975108113,-0.18392429807440008,0.016812162295112287,0.1898801421639079,-0.18303131225792524,0.014604621953831285,0.18509407369780723,0.16824818577339273,-0.17657593407785593,0.1893343813302112,-0.001722796851187346,-0.0011615768396238382,0.02348292146834672,-0.0018375750969510723,-0.0018197888691066193,0.02385480285307744,-0.00019031692592959217,-0.004645720234928887,-4.286437033094649e-05,-0.00012757068942617392,1.0000998933811036,1.0004844006689855,1.0000725802164052,0.999867753991577,1.0006571887600282,1.001119052811284,1.000178331331057,1.001229155320627,1.001193008881291,1.000693254882307
41,1.4674891708019473,0.25163490362111524,0.0,0.0603338283426262,18.0,0.1802081672492202,-0.18273138501420613,-0.0066564549901428766,0.19164768697559978,-0.18130950759848974,-0.008751873404092966,0.1868840611632573,0.16330927454198554,-0.17680998479286328,0.1891807750720894,0.0017098974981390837,0.0011929130601939456,-0.023468617285255164,0.0017675448116918888,0.001721804659435492,-0.02335649535792425,0.0017899874654500687,-0.004938911231407193,-0.00023405071500734662,-0.00015360625812178516,1.000050806033152,1.0004388925992778,1.000030946207181,0.9997660042947195,1.0005583931912576,1.0010480544382752,1.0001030164200522,1.001149447928017,1.0011711088146922,1.0006665218495514
42,1.4684738733762976,0.24525620969321787,0.0,0.06914239633054221,18.0,0.17848804578781516,-0.1838987047929217,0.016811182493106633,0.18979339411748844,-0.18312901185196712,0.015036798848848615,0.18668616748965267,0.14879129907008537,-0.17703872887116145,0.1888005400532506,-0.0017201214614050366,-0.0011673197787155543,0.02346763748324951,-0.0018542928581113342,-0.001819504253477368,0.02378867225294158,-0.0001978936736046194,-0.014517975471900183,-0.00022874407829818244,-0.00038023501883883363,1.000093787750537,1.0004781193736247,1.000066079096958,0.9998623363122953,1.000656029424566,1.0010609838458586,1.0001189802268264,1.001168222326173,1.0011310062490222,1.0006269535968002
43,1.4299518754522313,0.24356811666176428,0.0,0.08076542164834333,18.0,0.18019838283630288,-0.18271236512506359,-0.00666013659382874,0.19150135980768837,-0.18143469837679102,-0.00865211856300239,0.18829194179917166,0.12479129907008538,-0.17782410852826222,0.18788546475203524,0.001710337048487716,0.0011863396678581128,-0.023471319086935373,0.0017079656901999318,0.001694313475176109,-0.023688917411851005,0.0016057743095189985,-0.024,-0.0007853796571007722,-0.0009150753012153583,1.0000378438268902,1.000425634080501,1.0000174060091531,0.9997527241988806,1.0005488844168104,1.0009258872124593,0.9999779510169847,1.0010202925318705,1.001041706525314,1.0005333182824563
44,1.4203321943856135,0.23706620297229633,0.0,0.08127445824597491,18.0,0.17847866115436148,-0.18388821254239737,0.016756820283415068,0.18951227987823033,-0.18335336115354894,0.01465704839681341,0.1876697295690747,0.10079129907008538,-0.17914311824362053,0.18608166409406635,-0.001719721681941406,-0.0011758474173337804,0.023416956877243808,-0.0019890799294580374,-0.0019186627767579152,0.0233091669598158,-0.0006222122300969634,-0.024,-0.0013190097153583172,-0.001803800657968904,1.000076398495061,1.0004601608618144,1.0000476157992189,0.9998429458014427,1.0006392780060334,1.0009039302793032,0.9999558670900824,1.0009964377689955,1.0009601615742134,1.0004534533043767
45,1.3823124579131356,0.2369273407764159,0.0,0.08127034153489773,18.0,0.18018421976156482,-0.1827178265182837,-0.006783556406277192,0.19105407174173264,-0.1817895935835139,-0.009138325886299562,0.18879386677109708,0.07679129907008539,-0.18047505080952564,0.1845846473647557,0.0017055586072033378,0.0011703860241136911,-0.02354037668969226,0.001541791863502302,0.0015637675700350424,-0.02379537428311297,0.0011241372020223662,-0.024,-0.0013319325659051043,-0.001497016729310659,1.0000196280557576,1.0004065125510346,0.9999974859654718,0.999731619912225,1.0005291439292734,1.0007659688805846,0.9998105879752576,1.0008425877456766,1.000865205102245,1.0003554616619632
46,1.3714169708145754,0.23283765943770712,0.0,0.08144507952867489,18.0,0.17845661081213304,-0.18391166051467722,0.016534269585719272,0.18895350151690046,-0.1838133223229911,0.014275972345410516,0.187874447414678,0.05279129907008539,-0.1817220423575825,0.18308384487439797,-0.0017276089494317696,-0.0011938339963935372,0.023317825991996464,-0.002100570224832179,-0.0020237287394772037,0.023414298231710078,-0.0009194193564190938,-0.024,-0.0012469915480568408,-0.0015008024903577115,1.0000579683825694,1.000440599223141,1.0000270192479144,0.9998214358548729,1.000618357728203,1.0007430105927289,0.9997879553187308,1.0008194432704085,1.0007841102388537,1.000276849230834
47,1.3346941428964676,0.23426102683613095,0.0,0.08054818564186303,18.0,0.18015157223592543,-0.18275549418622775,-0.00704110327326006,0.1904136292741826,-0.18231300101775105,-0.009724027654589485,0.18867193091189172,0.028791299070085388,-0.18291701761332227,0.18191506765923182,0.001694961423792386,0.0011561663284494854,-0.023575372858979333,0.0014601277572821422,0.0015003213052400656,-0.024,0.0007974834972137301,-0.024,-0.0011949752557397807,-0.0011687772151661314,1.0000010696913877,1.000386657290668,0.9999764530383779,0.9997091814474143,1.0005064355642197,1.0006033240998915,0.9996415478951294,1.0006657155007692,1.0006897824692143,1.0001803682557522
48,1.321726532126719,0.2325373467965669,0.0,0.08130178240336498,18.0,0.17841913802948256,-0.18395809053562664,0.01623186614289649,0.18825349281235187,-0.18440022800948816,0.013496186619403152,0.1874239176162931,0.004791299070085388,-0.18406622732669486,0.18068608596439684,-0.0017324342064428564,-0.0012025963493989026,0.02327296941615655,-0.002160136461830723,-0.0020872269917371045,0.023220214273992637,-0.0012480132955986212,-0.024,-0.0011492097133725906,-0.0012289816948349882,1.0000392526612485,1.0004204659841933,1.0000055654711721,0.9997981026967153,1.0005938812668729,1.0005786784575956,0.9996176565185716,1.0006423725717228,1.0006089695098397,1.0001029249322757
49,1.3089928886863946,0.23463889800990684,0.0,0.0634496288289802,18.0,0.1801091889683332,-0.18280904187807603,-0.007370123868770562,0.18966256990750027,-0.18294809450311678,-0.010503813380596848,0.18794691340951641,-0.0027355037857819363,-0.18519265515865102,0.17971498382605153,0.0016900509388506312,0.0011490486575506103,-0.023601990011667053,0.0014090770951484027,0.001452133506371395,-0.024,0.0005229957932233299,-0.007526802855867324,-0.001126427831956155,-0.0009711021383453041,0.9999876269432738,1.0003716936473366,0.9999600604347044,0.9996909160914802,1.0004862969986439,1.0004915618730343,0.9995241383052218,1.0005423095882668,1.0005683065263837,1.000060849860178
50,1.3257462812173146,0.23263686474800327,0.0,0.0672667706131174,18.0,0.17837375651895612,-0.18401691347292543,0.015876738012677014,0.1875406812812644,-0.18501939785580768,0.013103636471411143,0.18715698647918005,0.009400093213116075,-0.18535103388494156,0.1799070440270352,-0.001735432449377062,-0.0012078715948494025,0.023246861881447575,-0.0021218886262358784,-0.002071303352690893,0.02360744985200799,-0.0007899269303363687,0.012135596998898011,-0.00015837872629054207,0.0001920602009836579,1.0000386242219685,1.0004183941015632,1.0000021004563875,0.9997937273853537,1.0005888778875673,1.000587795031793,0.9996241693954607,1.0006476493142276,1.000615217813961,1.0001098939504671
51,1.31448249889224,0.2355076804017053,0.0,0.07324333527911575,18.0,0.1800616086694122,-0.1828654946073014,-0.007687241330771352,0.1891397139584479,-0.1833941273220289,-0.009994713901055946,0.1891272525820084,-0.006089096217696282,-0.18425463217945326,0.18186861812406407,0.0016878521504560895,0.0011514188656240243,-0.023563979343448366,0.0015990326771835109,0.00162527053377879,-0.02309835037246709,0.0019702661028283427,-0.015489189430812357,0.0010964017054883146,0.0019615740970288656,0.9999871335023047,1.0003701414230706,0.999957504636596,0.9996896845479872,1.0004883412839651,1.0004843677119237,0.9995209576997927,1.0005474010724358,1.000572137989341,1.0000614944073696
52,1.3316384032384658,0.2329793882884417,0.0,0.07546081968870942,18.0,0.17833180041630803,-0.1840552024102362,0.01570117557796431,0.18717759026378197,-0.1852688846793295,0.013193195549822076,0.18798161343031206,0.013912691292331037,-0.18469146661656832,0.1813247830018126,-0.0017298082531041802,-0.0011897078029348158,0.023388416908735662,-0.001962123694665917,-0.0018747573573006148,0.023187909450878022,-0.0011456391516963674,0.02000178751002732,-0.0004368344371150501,-0.0005438351222514818,1.0000405002019872,1.0004195348222713,1.0000026798317427,0.9997945850601666,1.0005920223602247,1.0006044548662143,0.999643642126088,1.0006724682592476,1.0006398151002618,1.0001322647439999
53,1.316210622334495,0.23599219270195354,0.0,0.07853203161869773,18.0,0.18003529844026844,-0.18288390005441357,-0.007811692859008814,0.18888832069063505,-0.18357282862555055,-0.009434405483677138,0.19002350973511,-0.006694204748309387,-0.18338598118495295,0.18348048051256916,0.0017034980239604197,0.001171302355822634,-0.023512868436973124,0.0017107304268530637,0.0016960560537789598,-0.022627601033499214,0.002041896304797955,-0.020606896040640425,0.001305485431615369,0.0021556975107565597,0.9999878464634929,1.0003703453128916,0.999957306448484,0.9996909086420176,1.000492014260888,1.0004864947591454,0.9995263300690144,1.0005586155551518,1.0005819657087238,1.000068902232439
54,1.3337456106334438,0.2332342020784629,0.0,0.078033638796326,18.0,0.17831399905817183,-0.18406064261303307,0.015623079822957495,0.1870135494199716,-0.1853719334915465,0.013296205488705819,0.18853439830354365,0.015047076425824474,-0.184228085570487,0.1822566404392022,-0.0017212993820966073,-0.001176742558619498,0.02343477268196631,-0.0018747712706634523,-0.0017991048659959366,0.022730610972382957,-0.0014891114315663527,0.02174128117413386,-0.00084210438553405,-0.0012238400733669609,1.000041319584961,1.0004200220225363,1.0000029351721804,0.9997951193820364,1.0005940577695713,1.0006099489244356,0.9996509280173131,1.0006831310291515,1.000650222920567,1.0001411800451474
55,1.3165059210843102,0.23621611106823373,0.0,0.0789229136611562,18.0,0.18002407471392226,-0.18288228958576486,-0.007860333453266758,0.1887635872289884,-0.18366321400529725,-0.009183923832843896,0.19046915676621115,-0.006401875622428504,-0.1830002182163475,0.18425724765923976,0.001710075655750422,0.0011783530272681964,-0.023483413276224253,0.0017500378090168152,0.0017087194862492217,-0.022480129321549715,0.0019347584626674852,-0.02144895204825298,0.0012278673541395299,0.002000607220037547,0.9999884083919095,1.0003706546560482,0.9999574124245363,0.9996916497121862,1.0004939560415524,1.000489379155573,0.9995306822040526,1.0005657926464144,1.0005885228579008,1.000074256134632
56,1.3346839765050194,0.23339360221397384,0.0,0.07833999064330556,18.0,0.17830678873054545,-0.18405585310521258,0.01558429096111592,0.18692977844061837,-0.18543236460793375,0.013399457149800334,0.18885106371458255,0.015356357423173228,-0.18397642159218108,0.1827916007798561,-0.0017172859833768227,-0.001173563519447737,0.023444624414382678,-0.0018338087883700213,-0.0017691506026364845,0.02258338098264423,-0.0016180930516285963,0.021758233045601733,-0.0009762033758335872,-0.0014656468793836554,1.0000417182198094,1.0004202510211517,1.0000030282007837,0.9997954776924433,1.0005952635331135,1.0006121291548462,0.9996540706254885,1.0006882150984884,1.0006550514420427,1.0001451535700132
57,1.316653029249651,0.236337891986316,0.0,0.07875548244180725,18.0,0.18001868929176315,-0.18287645927754237,-0.007882488977541024,0.188700912360832,-0.18371236942802868,-0.009079499423374169,0.19070072121964352,-0.006208345938934242,-0.18282270128525807,0.18465084204673382,0.001711900561217697,0.0011793938276702027,-0.023466779938656944,0.0017711339202136425,0.0017199951799050557,-0.022478956573174502,0.0018496575050609605,-0.02156470336210747,0.0011537203069230133,0.0018592412668777332,0.999988710627083,1.0003708299746137,0.9999574771434007,0.999691980151784,1.000494902522439,1.0004909315907273,0.999532920734148,1.000569470157269,1.0005919419183418,1.0000770499710487
58,1.3351900240158148,0.2334848454323595,0.0,0.07844665214304859,18.0,0.17830327687518294,-0.18404974778289365,0.015566824506455086,0.18688563755930898,-0.18546866872660317,0.013462575209545946,0.1890208896058812,0.015501220790412674,-0.18385431642952477,0.18307686653000638,-0.0017154124165802151,-0.0011732885053512962,0.02344931348399611,-0.00181527480152303,-0.0017562992985744948,0.022542074632920114,-0.0016798316137623022,0.021709566729346916,-0.0010316151442666952,-0.0015739755167274536,1.0000419347929945,1.0004203782090522,1.0000030737044172,0.9997956841542793,1.0005959189089733,1.0006132396956737,0.999655655182863,1.0006908441120366,1.000657524238393,1.000147167836457
59,1.316746014310487,0.23640718830502597,0.0,0.07866391314152076,18.0,0.1800159708755626,-0.1828708403001511,-0.007893211385592038,0.18866871383008113,-0.18374059427171407,-0.009027341244340051,0.19082502632645962,-0.006107316981055032,-0.18273795745014582,0.1848590416453855,0.0017126940003796666,0.0011789074827425335,-0.023460035892047124,0.0017830762707721473,0.0017280744548891045,-0.022489916453885997,0.0018041367205784216,-0.021608537771467706,0.0011163589793789618,0.0017821751153791069,0.9999888728416071,1.000370926987113,0.9999575106500017,0.9996921464197399,1.0004953955642941,1.0004917394426185,0.9995340607311447,1.0005713763338093,1.000593719003389,1.0000784914323075
60,1.335465752779325,0.2335368645173143,0.0,0.0785028249453151,18.0,0.1783013358961411,-0.18404470650979832,0.01555903610565575,0.18686265192627038,-0.18548991894858535,0.013496214564511685,0.18911234292082182,0.015574784440759078,-0.18379601315977742,0.18322874830700414,-0.001714634979421468,-0.0011738662096472258,0.023452247491247788,-0.0018060619038107466,-0.0017493246768712758,0.022523555808851736,-0.0017126834056377814,0.02168210142181411,-0.0010580557096316035,-0.0016302933383813584,1.0000420525994436,1.0004204494695943,1.00000309715196,0.9997957934795474,1.0005962672181865,1.0006138171976855,0.9996564628860816,1.000692212229252,1.000658809098205,1.0001482057723186
61,1.3168032946669168,0.2364467021005027,0.0,0.0786161060523228,18.0,0.18001445990421602,-0.18286652587931454,-0.007898151139957569,0.18865203014047227,-0.1837569971913561,-0.00899989836847565,0.1908921234269209,-0.0060552763758694745,-0.18269786857605136,0.18496996366428275,0.0017131240080749096,0.001178180630483769,-0.02345718724561332,0.0017893782142018866,0.0017329217572292393,-0.022496112932987335,0.0017797805060990905,-0.021630060816628553,0.0010981445837260576,0.001741215357278602,0.9999889606072985,1.000370980968333,0.9999575277246524,0.9996922334553197,1.0004956569668324,1.0004921619554847,0.9995346433084358,1.0005723701794833,1.0005946449279453,1.0000792361946926
62,1.3356164848531433,0.23356658473651995,0.0,0.07853187133815914,18.0,0.17830019086549795,-0.18404106818807256,0.015555544004114671,0.18685072716978135,-0.1855023080743003,0.013513950507291506,0.18916181787312367,0.01561237056603705,-0.18376868106909877,0.1833098265358254,-0.0017142690387180867,-0.0011745423087580105,0.02345369514407224,-0.0018013029706909157,-0.0017453108829442031,0.022513848875767156,-0.0017303055537972339,0.021667646941906524,-0.0010708124930474139,-0.0016601371284573699,1.0000421163903341,1.000420489112853,1.0000031089196857,0.9997958506895229,1.0005964522801765,1.0006141184848747,0.9996568744169884,1.0006929252747139,1.0006594782472085,1.000148741338951
63,1.3168382893471675,0.23646927781383595,0.0,0.07859086123527906,18.0,0.18001354672519151,-0.18286352915220416,-0.007900343964415753,0.18864337500802336,-0.18376655400277678,-0.00898538349610301,0.19092847752210054,-0.006028538943520531,-0.18267931088330644,0.18502922964952523,0.0017133558596935637,0.0011775390358683933,-0.023455887968530424,0.001792647838242002,0.0017357540715235238,-0.022499334003394517,0.001766659648976884,-0.02164090950955758,0.0010893701857923376,0.0017194031136998284,0.9999890080669667,1.000371010901358,0.9999575361548517,0.9996922790426198,1.0004957959903442,1.0004923831330703,0.9995349404693967,1.0005728888659702,1.000595127690123,1.0000796208008134
64,1.3356991624799768,0.23358359940920934,0.0,0.07854684998640582,18.0,0.17829947499752583,-0.18403862171125815,0.015554022950074697,0.18684454157580702,-0.18550953897867495,0.013523307853619384,0.18918867739799336,0.01563155724564081,-0.1837562068586271,0.18335321291075563,-0.0017140717276656896,-0.0011750925590539758,0.02345436691449045,-0.0017988334322163535,-0.001742984975898158,0.022508691349722394,-0.001739800124107192,0.021660096189161343,-0.0010768959753206454,-0.001676016738769616,1.0000421508589366,1.0004205110556277,1.0000031145929256,0.9997958804886167,1.0005965507467864,1.0006142758104197,0.9996570835621241,1.0006932971184,1.0006598269314622,1.0001490175024876
65,1.316859547064906,0.236482203865937,0.0,0.07857752424027782,18.0,0.1800129659940585,-0.18286156027528108,-0.007901278887437795,0.18863888370450552,-0.18377213130066108,-0.008977690789881943,0.19094824382437595,-0.006014823524886338,-0.18267099419427862,0.18506097456953932,0.0017134909965326685,0.0011770614359770636,-0.02345530183751249,0.001794342128698505,0.0017374076780138773,-0.022500998643501326,0.0017595664263825896,-0.02164638077052715,0.001085212664348463,0.001707761658783683,0.9999890336847729,1.0003710274242745,0.9999575401288481,0.9996923028400511,1.0004958700558104,1.0004924989989976,0.999535091627784,1.0005731597123826,1.0005953794970877,1.0000798192387619
66,1.3357446599607683,0.23359336067445324,0.0,0.07855455414207078,18.0,0.17829901010074822,-0.18403704687277192,0.015553392862038187,0.18684133272096545,-0.18551376516000645,0.013528250717004415,0.18920331027915238,0.01564132889233619,-0.18375073478503012,0.183376487570715,-0.0017139558933102772,-0.0011754865974908442,0.02345467174947598,-0.0017975509835400577,-0.0017416338593453735,0.022505941506886357,-0.0017449335452235698,0.02165615241722253,-0.001079740590751511,-0.0016844869988243277,1.0000421694470052,1.0004205231457652,1.0000031171741552,0.9997958959310438,1.0005966032176221,1.0006143579974804,0.9996571894841477,1.0006934911013088,1.0006600086807842,1.0001491597430305
67,1.3168723992275695,0.23648962058047668,0.0,0.07857047620820186,18.0,0.18001258597246678,-0.18286031219310792,-0.00790165279358596,0.18863655283967415,-0.183775390796596,-0.008973606521667435,0.19095902897775124,-0.006007799878384547,-0.18266744782878302,0.18507802142555246,0.0017135758717185643,0.0011767346796639922,-0.023455045655624146,0.0017952201187086973,0.0017383743634104482,-0.02250185723867185,0.0017557186985988672,-0.021649128770720737,0.0010832869562470958,0.001701533854837442,0.9999890474869573,1.0003710365064575,0.9999575418771652,0.9996923152099613,1.0004959095799053,1.0004925597402896,0.9995351682601286,1.0005733012117322,1.0005955108878732,1.0000799215096334
68,1.335769779326224,0.23359897217210276,0.0,0.0785585028954837,18.0,0.17829870251785973,-0.18403606253376834,0.015553153168336897,0.18683966813675162,-0.18551623825158664,0.013530865298483274,0.1892113105448441,0.015646291358643236,-0.18374848170473768,0.18338900581121254,-0.0017138834546070439,-0.0011757503406604223,0.023454805961922856,-0.0017968847029225185,-0.0017408474549906587,0.02250447182015071,-0.0017477184329071352,0.021654091237027783,-0.0010810338759546405,-0.0016890156143399143,1.0000421794508418,1.000420529778819,1.0000031182427527,0.9997959038859674,1.000596631222929,1.0006144009494502,0.9996572429041033,1.0006935923347822,1.0006601034431686,1.0001492329046975
69,1.3168801388284406,0.2364938848387429,0.0,0.07856675042551209,18.0,0.1800123342395203,-0.18285954055107484,-0.007901785693450795,0.1886353432410731,-0.1837772980470279,-0.008971434096927222,0.19096493480877288,-0.006004210114012733,-0.1826660582558054,0.18508719978077515,0.0017136317216605694,0.0011765219826934898,-0.02345493886178769,0.0017956751043214658,0.0017389402045587619,-0.022502299395410496,0.0017536242639287658,-0.02165050147265597,0.0010824234489322758,0.0016981939695625975,0.9999890549090327,1.0003710414790958,0.99995754255849,0.9996923216078768,1.0004959307082284,1.000492591607893,0.9995352069543242,1.00057337517419,1.00059557947358,1.0000799741495963
70,1.3357836935210399,0.23360220436207005,0.0,0.0785605183149479,18.0,0.17829849794081037,-0.18403546016545508,0.015553076753354166,0.18683880481862358,-0.1855176869942932,0.013532250312518894,0.18921570033730223,0.01564880302151417,-0.18374765611054641,0.18339575706662187,-0.0017138362987099008,-0.00117591961438024,0.02345486244680496,-0.0017965384224495114,-0.0017403889472652962,0.022503684409446115,-0.001749234471470653,0.021653013135526904,-0.0010815978547410296,-0.0016914427141532713,1.0000421848236445,1.0004205334034022,1.000003118607665,0.9997959079549683,1.0005966461956397,1.0006144234063215,0.9996572697098156,1.0006936451856527,1.0006601528661292,1.0001492704752184
71,1.3168847841108473,0.23649634130902356,0.0,0.07856478017786264,18.0,0.18001216722688843,-0.18285907216002656,-0.00790182097508893,0.18863471567302825,-0.1837784152140543,-0.008970276332171808,0.19096818050279246,-0.006002379569605854,-0.18266560118957342,0.18509215526761733,0.0017136692860780485,0.001176388005428508,-0.023454897728443096,0.0017959108544046633,0.001739271780238895,-0.022502526644690702,0.0017524801654902396,-0.021651182591120026,0.001082054920973,0.0016963982009954655,0.9999890588924414,1.0003710441916793,0.9999575427574476,0.9996923248977693,1.000495942023779,1.0004926083412928,0.9995352263983078,1.0005734138565676,1.0005956152904898,1.0000800012031323
72,1.3357914262860962,0.2336040694772208,0.0,0.07856154178009912,18.0,0.17829836223464404,-0.1840350973586355,0.01555306353404863,0.18683835726529147,-0.18551853642970312,0.013532985107977536,0.18921811780840295,0.01565006917426362,-0.1837474289366998,0.18339940843642938,-0.0017138049922443895,-0.0011760251986089455,0.02345488450913756,-0.0017963584077367826,-0.0017401212156488031,0.022503261440149344,-0.0017500626943895191,0.021652448743869474,-0.0010818277471263554,-0.0016927468311879455,1.0000421877030843,1.0004205353765465,1.0000031186695797,0.9997959100187053,1.000596654215128,1.0006144351531012,0.9996572830784884,1.0006936727889282,1.0006601786507858,1.0001492897327033
73,1.3168875643091638,0.2364977589269923,0.0,0.07856373787508325,18.0,0.1800120569174529,-0.1828587918072023,-0.007901820669403627,0.1886343902335978,-0.18377907017056272,-0.008969658044266906,0.1909699707537948,-0.006001448590881794,-0.18266551863755545,0.18509483848444555,0.001713694682808846,0.0011763055514331907,-0.023454884203452257,0.0017960329683063166,0.0017394662591404123,-0.022502643152244442,0.0017518529453918346,-0.021651517765145414,0.0010819102991443533,0.001695430048016167,0.9999890610260151,1.0003710456662382,0.9999575427583544,0.9996923265778563,1.0004959480959879,1.0004926171360644,0.9995352361121331,1.000573434099902,1.0005956340035616,1.0000800150825262
74,1.3357957378000638,0.23360514754731057,0.0,0.07856205834506477,18.0,0.17829827282368838,-0.184034881520258,0.015553071280465743,0.18683812541756506,-0.18551903484923185,0.013533375564850217,0.18921945396762568,0.015650704407256667,-0.1837474289112404,0.18340138905788186,-0.0017137840937645104,-0.0011760897130557008,0.02345489194986937,-0.0017962648160327465,-0.0017399646786691288,0.022503033609117123,-0.0017505167861691122,0.02165215299813846,-0.0010819102736849635,-0.001693449426563699,1.0000421892428235,1.000420536446794,1.0000031186183833,0.9997959110545942,1.0005966585187012,1.0006144413007876,0.9996572896957466,1.0006936872122278,1.0006601921077047,1.000149299581992
75,1.3168892242398866,0.23649857838867872,0.0,0.07856318623894594,18.0,0.1800119846037859,-0.18285862584633714,-0.007901810194307447,0.18863422160209203,-0.18377945443467528,-0.008969327138438775,0.19097096180723455,-0.006000976588378608,-0.18266556635272882,0.18509629567190797,0.0017137117800975175,0.0011762556739208373,-0.02345488147477319,0.0017960961845269658,0.001739580414556575,-0.022502702703288992,0.0017515078396088562,-0.021651680995635275,0.00108186255851158,0.001694906614026096,0.9999890621663792,1.0003710464651234,0.9999575426926454,0.9996923274287627,1.00049595136135,1.0004926217631789,0.9995352409304236,1.0005734447007943,1.000595643785462,1.0000800221885824
76,1.3357981495122953,0.23360577165983298,0.0,0.07856231712693584,18.0,0.17829821442094962,-0.18403475437168204,0.015553083392343962,0.1868380054423492,-0.18551932748729702,0.013533583395265928,0.1892201951508679,0.015651021272022166,-0.1837474979148024,0.18340246666471502,-0.0017137701828362835,-0.0011761285253448967,0.02345489358665141,-0.0017962161597428546,-0.0017398730526217378,0.022502910533704703,-0.0017507666563666337,0.021651997860400774,-0.0010819315620735918,-0.0016938290071929554,1.0000421900642398,1.0004205370252606,1.0000031185384142,0.9997959115678492,1.000596660832892,1.0006144445200063,0.9996572929405539,1.000693694752394,1.0006601991334905,1.0001493046065832
77,1.316890213258994,0.2364990528084649,0.0,0.07856289415113524,18.0,0.18001193760986295,-0.1828585284718679,-0.007901799024482244,0.18863413432388548,-0.18377968002309067,-0.008969149634518768,0.19097151241590918,-0.006000738164510657,-0.1826656441362366,0.18509708945462933,0.0017137231889133395,0.0011762258998141391,-0.023454882416826205,0.001796128881536284,0.0017396474642063465,-0.022502733029784696,0.0017513172650412763,-0.021651759436532823,0.0010818537785658164,0.001694622789914306,0.9999890627745268,1.0003710468965326,0.9999575426164807,0.999692327855362,1.000495953121228,1.000492624200341,0.999535243299306,1.0005734502562673,1.0005956489016128,1.0000800258180897
78,1.3357995028187226,0.23360613348366668,0.0,0.07856244557450565,18.0,0.17829817662071543,-0.1840346800663545,0.015553094172362433,0.1868379434522471,-0.18551949939299242,0.013533694213197353,0.18922060776433874,0.01565117822058466,-0.18374757413282106,0.18340305478310895,-0.001713760989147515,-0.0011761515944866082,0.023454893196844677,-0.0017961908716383893,-0.001739819369901758,0.02250284384771612,-0.0017509046515704217,0.021651916385095317,-0.0010819299965844687,-0.0016940346715203674,1.000042190501345,1.0004205373368358,1.0000031184632014,0.9997959118179413,1.0005966620800095,1.0006144462067945,0.9996572945127853,1.0006936986963124,1.0006602028031348,1.000149307162171
79,1.3168908014868133,0.23649932785534675,0.0,0.07856273941457154,18.0,0.18001190734231023,-0.1828584717546361,-0.007901790032161064,0.18863408922414282,-0.18377981252642167,-0.008969054191147728,0.19097181940804236,-0.006000618254816778,-0.18266571554401415,0.18509752320912026,0.001713730721594821,0.0011762083117184197,-0.023454884204523498,0.0017961457718957269,0.0017396868665707375,-0.02250274840434508,0.0017512116437036344,-0.021651796475401438,0.0010818585888069212,0.0016944684260113106,0.9999890630980725,1.0003710471287512,0.9999575425505668,0.9996923280665316,1.000495954071947,1.0004926254856095,0.9995352444509669,1.0005734531699821,1.0005956515791052,1.0000800276667035
80,1.3358002645615632,0.23360634352094894,0.0,0.07856250859047377,18.0,0.17829815237468075,-0.1840346369292096,0.015553102269526529,0.18683791148809953,-0.18551960041880186,0.013533753411752255,0.18922083826984148,0.01565125528559287,-0.1837476373428007,0.18340337677125762,-0.0017137549676294916,-0.0011761651745734944,0.023454892301687593,-0.0017961777360433002,-0.0017397878923801928,0.022502807602899983,-0.0017509811382008938,0.02165187354040965,-0.0010819217987865538,-0.0016941464378626434,1.0000421907333112,1.0004205375040747,1.0000031184031324,0.9997959119371207,1.0005966627536127,1.000614447091238,0.9996572952628447,1.00069370076039,1.000660204720696,1.0001493084573674
81,1.3168911508028385,0.23649948751984354,0.0,0.07856265739656967,18.0,0.18001188801584575,-0.1828584389193914,-0.00790178357954727,0.18863406597000232,-0.18377989038731923,-0.008969002744205768,0.19097199116528857,-0.006000558264701715,-0.182665770773326,0.18509776098321049,0.0017137356411650033,0.0011761980098181982,-0.0234548858490738,0.0017961544819027992,0.0017397100314826325,-0.022502756155958023,0.0017511528954470752,-0.021651813550294587,0.0010818665694747147,0.001694384211952854,0.9999890632697591,1.0003710472533485,0.9999575424999769,0.9996923281693636,1.000495954586808,1.0004926261643268,0.9995352450028016,1.0005734546994913,1.0005956529812834,1.000080028605137
82,1.3358006946144703,0.23360646559133488,0.0,0.07856253904351601,18.0,0.17829813695468044,-0.1840346120255179,0.015553107868800924,0.18683789505095097,-0.18551965980993285,0.013533785096246713,0.18922096748081832,0.01565129271319405,-0.18374768399391808,0.18340355362041003,-0.0017137510611653084,-0.0011761731061264978,0.023454891448348194,-0.001796170919051341,-0.0017397694226136174,0.02250278784045248,-0.0017510236844702617,0.021651850977895765,-0.0010819132205920992,-0.0016942073628004673,1.0000421908560462,1.0004205375935245,1.000003118358952,0.9997959119921764,1.0005966631183147,1.0006144475553371,0.9996572956132781,1.0006937018413193,1.0006602057232061,1.0001493091110079
83,1.3168913579663886,0.23649958031359516,0.0,0.0785626138973562,18.0,0.18001187577534788,-0.18285842000787192,-0.007901779230111153,0.18863405401407832,-0.18377993615507987,-0.008968974941460347,0.19097208758433584,-0.006000528442233387,-0.18266581007193972,0.18509789174393002,0.0017137388206674377,0.0011761920176459888,-0.023454887098912077,0.0017961589631273547,0.0017397236548529695,-0.02250276003770706,0.0017511201035175312,-0.021651821155427436,0.0010818739219783696,0.0016943381235199771,0.9999890633606049,1.0003710473199834,0.9999575424636344,0.9996923282183576,1.0004959548663477,1.0004926265232683,0.9995352452621633,1.000573455503148,1.000595653716128,1.0000800290796503
84,1.3358009381096252,0.23360653661320427,0.0,0.07856255346779784,18.0,0.1782981272249669,-0.1840345977163709,0.015553111556457059,0.18683788662820755,-0.18551969473422006,0.013533802088474002,0.18922104014985297,0.015651310635334457,-0.18374771630955233,0.183403651066189,-0.001713748550380979,-0.0011761777084989768,0.023454890786568212,-0.0017961673858707602,-0.0017397585791401897,0.022502777029934348,-0.0017510474344828591,0.021651839077567844,-0.001081906237612606,-0.0016942406777410237,1.0000421909207717,1.0004205376411939,1.0000031183280418,0.9997959120164571,1.000596663316265,1.0006144477990717,0.9996572957722746,1.0006937024077749,1.000660206247606,1.0001493094392013
85,1.3168914806839214,0.23649963430096663,0.0,0.07856259081232778,18.0,0.18001186808065253,-0.1828584091638204,-0.00790177641068147,0.18863404788993002,-0.18377996306531258,-0.00896895987662035,0.19097214188672063,-0.006000513732034477,-0.18266583669226008,0.18509796388588898,0.00171374085568563,0.00117618855255049,-0.02345488796713853,0.0017961612617224802,0.0017397316689074845,-0.02250276196509435,0.0017511017368676465,-0.021651824367368934,0.0010818796172922442,0.0016943128196999651,0.9999890634085238,1.000371047355501,0.9999575424386039,0.9996923282410004,1.0004959550185275,1.0004926267134007,0.9995352453808429,1.0005734559258548,1.0005956541015493,1.0000800293184553
86,1.3358010763587196,0.2336065779748971,0.0,0.0785625601122294,18.0,0.17829812112988858,-0.18403458952827592,0.015553113908747595,0.1868378823319443,-0.18551971527533806,0.01353381122020741,0.1892210811490752,0.01565131905805214,-0.18374773782428566,0.1834037049329047,-0.0017137469507639493,-0.001176180364455528,0.023454890319429066,-0.0017961655579857216,-0.0017397522100254682,0.02250277109682776,-0.0017510607376454174,0.021651832790086617,-0.0010819011320255885,-0.0016942589529842758,1.0000421909547792,1.0004205376665014,1.0000031183071318,0.9997959120263765,1.000596663423986,1.0006144479271952,0.9996572958413265,1.0006937027048446,1.0006602065220744,1.0001493096029719
87,1.3168915533051968,0.23649966574124132,0.0,0.07856257855265866,18.0,0.18001186327656374,-0.18285840296958578,-0.00790177463086009,0.18863404476809187,-0.18377997889115824,-0.00896895169159692,0.19097217256457005,-0.006000506546343407,-0.18266585415107212,0.1850980038153547,0.0017137421466751693,0.0011761865586901385,-0.023454888539607685,0.0017961624361475818,0.0017397363841798266,-0.02250276291180433,0.0017510914154948319,-0.021651825604395547,0.0010818836732135338,0.0016942988824500246,0.9999890634337109,1.0003710473743663,0.9999575424218612,0.9996923282510011,1.0004959551016026,1.00049262681429,0.9995352454330587,1.0005734561484407,1.0005956543038774,1.000080029437953
88,1.3358011550601048,0.23360660208443457,0.0,0.07856256304999554,18.0,0.17829811733667442,-0.18403458485958693,0.015553115376019538,0.1868378801534522,-0.1855197273587299,0.01353381613816654,0.1892211043505987,0.015651322915538838,-0.18374775176622604,0.1834037348051116,-0.0017137459398893315,-0.001176181890001156,0.023454890006879628,-0.0017961646146396556,-0.0017397484675716595,0.02250276782976346,-0.0017510682139713761,0.021651829461882245,-0.0010818976151539285,-0.0016942690102431188,1.000042190972572,1.000420537679883,1.0000031182933258,0.9997959120298632,1.0005966634827637,1.0006144479946146,0.9996572958692403,1.0006937028607648,1.0006602066658228,1.0001493096840761
89,1.3168915962431615,0.23649968406700372,0.0,0.078562572037112,18.0,0.18001186029578842,-0.18285839944331603,-0.007901773528451467,0.18863404318661894,-0.18377998819979266,-0.008968947232174214,0.19097218994726584,-0.006000503079403988,-0.1826658653441316,0.18509802598621855,0.0017137429591140042,0.001176185416270897,-0.023454888904471005,0.0017961630331667267,0.0017397391589372485,-0.022502763370340753,0.0017510855966671318,-0.021651825994942826,0.0010818864220944408,0.0016942911811069366,0.999989063446897,1.00037104738435,0.9999575424109003,0.9996923282551013,1.0004959551470822,1.0004926268679262,0.9995352454546392,1.0005734562657922,1.000595654410192,1.0000800294973342
90,1.3358011999751818,0.23360661614902284,0.0,0.07856256426611809,18.0,0.17829811499000398,-0.18403458220602786,0.01555311627635347,0.18683787905726373,-0.18551973446763817,0.01353381879260219,0.18922111751817522,0.015651324617126223,-0.18374776062656142,0.18340375142342946,-0.001713745305784447,-0.0011761827627118373,0.023454889804804938,-0.0017961641293552121,-0.001739746267845503,0.022502766024776404,-0.001751072429090625,0.02165182769653021,-0.0010818952824298356,-0.0016942745627890857,1.0000421909818367,1.0004205376869275,1.0000031182843754,0.9997959120306505,1.0005966635149242,1.0006144480301318,0.9996572958790672,1.0006937029426735,1.0006602067411616,1.0001493097238627
91,1.3168916216112632,0.2364996947571426,0.0,0.07856256857155368,18.0,0.1800118584567153,-0.18285839744190766,-0.007901772855212659,0.1886340423919445,-0.18377999367569584,-0.008968944795711203,0.1909721998243285,-0.00600050143344839,-0.18266587240096974,0.1850980383353294,0.001713743466711314,0.0011761847641202025,-0.02345488913156613,0.0017961633346807778,0.0017397407919423251,-0.022502763588313393,0.0017510823061532772,-0.021651826050574613,0.001081888225591686,0.0016942869118999233,0.9999890634537686,1.0003710473896124,0.9999575424038419,0.999692328256556,1.0004959551720527,1.0004926268964993,0.9995352454625925,1.0005734563277446,1.0005956544661139,1.0000800295265884
92,1.3358012256691507,0.23360662435970156,0.0,0.07856256471147745,18.0,0.17829811354603023,-0.18403458070209958,0.015553116821983164,0.1868378785111906,-0.1855197386502748,0.013533820228550908,0.18922112501149402,0.015651325324621327,-0.18374776617572597,0.18340376069718017,-0.0017137449106850635,-0.0011761832601919332,0.023454889677195823,-0.0017961638807538916,-0.0017397449745789571,0.02250276502426211,-0.001751074812834498,0.021651826758069717,-0.0010818937747562212,-0.0016942776381492241,1.0000421909866335,1.0004205376906188,1.0000031182786555,0.999795912030434,1.000596663532571,1.000614448048866,0.9996572958814272,1.0006937029857432,1.0006602067806776,1.0001493097431466
93,1.3168916365889745,0.2364997009976116,0.0,0.07856256672664626,18.0,0.18001185732782535,-0.18285839630904804,-0.007901772448490055,0.1886340419968552,-0.1837799968972119,-0.008968943460725362,0.19097220545145285,-0.006000500668827798,-0.18266587679358443,0.18509804523495327,0.0017137437817951202,0.0011761843930515302,-0.02345488927047322,0.0017961634856646005,0.0017397417530629186,-0.02250276368927627,0.0017510804399588219,-0.021651825993449125,0.0010818893821415397,0.001694284537773094,0.9999890634573306,1.0003710473923744,0.9999575423993555,0.9996923282568977,1.0004959551858033,1.0004926269117542,0.9995352454648109,1.0005734563604975,1.000595654495563,1.0000800295408439
94,1.3358012404003483,0.23360662915608893,0.0,0.07856256483106834,18.0,0.178298112661828,-0.18403457985193414,0.015553117149476797,0.18683787824276604,-0.1855197411113051,0.013533821007135067,0.18922112928663215,0.015651325589159663,-0.1837477696120548,0.18340376588805657,-0.0017137446659973685,-0.0011761835428860952,0.023454889597966853,-0.0017961637540891658,-0.0017397442140931895,0.02250276446786043,-0.0017510761648207003,0.02165182625798746,-0.0010818928184703764,-0.0016942793468966988,1.0000421909891009,1.0004205376925424,1.000003118275042,0.9997959120299412,1.0005966635422818,1.000614448058761,0.9996572958810416,1.0006937030084142,1.0006602068014214,1.0001493097523477
95,1.3168916454269008,0.23649970464291387,0.0,0.0785625657435729,18.0,0.18001185663806804,-0.182858395669405,-0.007901772204844067,0.1886340418031949,-0.18377999879254725,-0.00896894272716458,0.19097220866527137,-0.00600050032435449,-0.182665879500603,0.18509804910144792,0.0017137439762400489,0.0011761841825291218,-0.023454889354320864,0.0017961635604288604,0.0017397423187578338,-0.022502763734299647,0.001751079378639226,-0.021651825913514153,0.0010818901114517886,0.0016942832133913567,0.9999890634591656,1.000371047393817,0.9999575423965338,0.9996923282568226,1.0004959551933983,1.0004926269199181,0.9995352454648398,1.0005734563778406,1.0005956545110901,1.000080029547694
96,1.3358012488638686,0.23360663195961512,0.0,0.0785625648263388,18.0,0.17829811212277766,-0.18403457937248047,0.015553117344549467,0.1868378781131908,-0.18551974255938308,0.013533821430279794,0.18922113173153415,0.01565132566646395,-0.18374777172105186,0.1834037688021573,-0.0017137445152903723,-0.0011761837030754684,0.023454889549393534,-0.0017961636900041046,-0.0017397437668358346,0.022502764157444375,-0.0017510769337372098,0.02165182599081844,-0.00108189222044885,-0.001694280299290606,1.0000421909903598,1.0004205376935391,1.0000031182727804,0.9997959120294546,1.0005966635476415,1.0006144480639956,0.9996572958798952,1.000693703020361,1.0006602068123212,1.000149309756646
97,1.3168916506392614,0.2364997067735279,0.0,0.07856256521919916,18.0,0.1800118562183851,-0.18285839530907633,-0.007901772059862904,0.1886340417100912,-0.18377999990766747,-0.008968942322924936,0.19097221050502694,-0.006000500176160422,-0.18266588115556165,0.18509805127450438,0.0017137440956074468,0.0011761840634041264,-0.02345488940441237,0.001796163596900412,0.0017397426517156253,-0.02250276375320473,0.0017510787734927884,-0.021651825842624373,0.0010818905654902187,0.0016942824723470765,0.9999890634601037,1.0003710473945666,0.9999575423947744,0.9996923282566303,1.0004959551976058,1.0004926269242982,0.9995352454641953,1.000573456387039,1.0005956545192882,1.0000800295509247
98,1.3358012537358888,0.2336066335991655,0.0,0.07856256478397515,18.0,0.17829811179545826,-0.18403457910269116,0.015553117460037364,0.18683787805221486,-0.1855197434114341,0.013533821660796167,0.18922113313285052,0.015651325671528955,-0.18374777300611891,0.18340377044275832,-0.0017137444229268512,-0.0011761837936148296,0.02345488951990027,-0.0017961636578763586,-0.001739743503766631,0.022502763983721103,-0.0017510773721764181,0.021651825847689377,-0.0010818918505572691,-0.0016942808317460577,1.0000421909909962,1.0004205376940518,1.0000031182713762,0.9997959120290628,1.0005966635506083,1.0006144480667694,0.9996572958787443,1.0006937030266643,1.000660206818054,1.0001493097585952
99,1.3168916537119981,0.23649970801949338,0.0,0.07856256493918798,18.0,0.18001185596399796,-0.18285839510653285,-0.007901771974054207,0.18863404166654432,-0.18378000056374874,-0.008968942099527076,0.19097221156046157,-0.006000500117111729,-0.18266588216078578,0.18509805249923378,0.001713744168539688,0.0011761839961583272,-0.02345488943409157,0.0017961636143294536,0.0017397428476853543,-0.022502763760323244,0.0017510784276110526,-0.021651825788640684,0.0010818908453331326,0.0016942820564754485,0.9999890634605791,1.0003710473949539,0.9999575423936855,0.9996923282564377,1.0004959551999437,1.0004926269266545,0.9995352454634733,1.0005734563919266,1.000595654523623,1.0000800295524097
100,1.335801256545539,0.23360663455845937,0.0,0.07856256473819129,18.0,0.17829811159742445,-0.18403457895119993,0.015553117528071685,0.18683787802458107,-0.18551974391277135,0.013533821786675148,0.18922113393767948,0.015651325653674455,-0.1837477737845409,0.18340377136892047,-0.001713744366573524,-0.0011761838446670767,0.023454889502125893,-0.0017961636419632579,-0.0017397433490225934,0.022502763886202225,-0.0017510776227820813,0.021651825770786184,-0.0010818916237551226,-0.0016942811303133202,1.0000421909913138,1.0004205376943136,1.0000031182705098,0.9997959120287754,1.0005966635522552,1.0006144480682417,0.9996572958778207,1.0006937030299945,1.0006602068210724,1.0001493097594407
101,1.3168916555227004,0.23649970874847137,0.0,0.07856256478948573,18.0,0.1800118558103351,-0.18285839499291728,-0.007901771923487347,0.18863404164699785,-0.18378000094974759,-0.008968941975720164,0.19097221216714902,-0.006000500096897083,-0.18266588276810639,0.18509805319134243,0.001713744212910648,0.001176183958282652,-0.023454889451559033,0.0017961636224167615,0.001739742963023757,-0.022502763762395312,0.001751078229469535,-0.02165182575057154,0.0010818910164345239,0.001694281822421948,0.9999890634608173,1.0003710473951524,0.9999575423930156,0.9996923282562817,1.000495955201247,1.0004926269279257,0.999535245462871,1.0005734563945288,1.0005956545259187,1.0000800295530674
102,1.3358012581685534,0.23360663511997837,0.0,0.07856256470026339,18.0,0.17829811147800487,-0.18403457886630756,0.015553117567989282,0.1868378780127893,-0.18551974420774178,0.013533821855579513,0.1892211344008009,0.015651325632440465,-0.18374777425377092,0.1834037718931288,-0.0017137443323302255,-0.0011761838733902671,0.02345488949147663,-0.0017961636342085443,-0.0017397432579941982,0.022502763831299677,-0.00175107776634811,0.021651825729337548,-0.0010818914856645487,-0.001694281298213636,1.00004219099147,1.000420537694446,1.0000031182699785,0.9997959120285758,1.0005966635531724,1.0006144480690249,0.9996572958771496,1.0006937030317564,1.0006602068226638,1.0001493097597816
103,1.3168916565893471,0.23649970917515845,0.0,0.07856256470934711,18.0,0.18001185571780615,-0.18285839492931344,-0.007901771893793628,0.18863404163879463,-0.18378000117683874,-0.008968941906915459,0.19097221251652527,-0.006000500092496409,-0.18266588313340068,0.18509805358346276,0.0017137442398012703,0.0011761839369941144,-0.02345488946178291,0.0017961636260053133,0.001739743030903046,-0.022502763762494972,0.0017510781157243646,-0.021651825724936874,0.0010818911203702521,0.0016942816903339716,0.999989063460935,1.0003710473952534,0.9999575423926056,0.9996923282561669,1.0004959552019752,1.0004926269286136,0.9995352454624248,1.0005734563959168,1.0005956545271364,1.0000800295533419
104,1.3358012591075492,0.2336066354487879,0.0,0.07856256467215936,18.0,0.17829811140620752,-0.18403457881883017,0.015553117591332388,0.18683787800828086,-0.1855197443812843,0.013533821893387586,0.18922113466775942,0.015651325614428474,-0.18374777453547061,0.18340377219056783,-0.0017137443115986268,-0.0011761838895167308,0.023454889485126015,-0.00179616363051376,-0.0017397432044455596,0.022502763800303045,-0.001751077848765853,0.021651825706924883,-0.0010818914020699216,-0.0016942813928949264,1.0000421909915453,1.0004205376945121,1.0000031182696543,0.999795912028442,1.0005966635536845,1.0006144480694423,0.9996572958766888,1.00069370303269,1.0006602068235038,1.0001493097599008
105,1.3168916572174991,0.2364997094250046,0.0,0.0785625646663877,18.0,0.1800118556622487,-0.18285839489377761,-0.007901771876407136,0.18863404163576403,-0.18378000131043518,-0.00896894186857341,0.19097221271806075,-0.006000500093768294,-0.18266588335230183,0.1850980538061621,0.0017137442560411827,0.0011761839250525495,-0.023454889467739524,0.0017961636274831793,0.0017397430708491202,-0.022502763761960996,0.0017510780503013413,-0.021651825708196768,0.0010818911831687898,0.0016942816155942739,0.9999890634609919,1.0003710473953045,0.9999575423923559,0.9996923282560871,1.0004959552023835,1.0004926269289869,0.9995352454621147,1.000573456396659,1.0005956545277837,1.0000800295534449
106,1.3358012596515785,0.23360663564139592,0.0,0.07856256465257577,18.0,0.17829811136315954,-0.18403457879233012,0.015553117604945862,0.18683787800695414,-0.18551974448338007,0.013533821914182577,0.18922113482188938,0.015651325600995834,-0.18374777470400783,0.18340377235973326,-0.001713744299089164,-0.0011761838985525207,0.023454889481353,-0.00179616362880988,-0.001739743172944891,0.022502763782755987,-0.001751077896171376,0.021651825694764128,-0.0010818913517059987,-0.001694281446428839,1.0000421909915806,1.0004205376945448,1.000003118269457,0.9997959120283544,1.0005966635539714,1.0006144480696655,0.9996572958763837,1.0006937030331855,1.0006602068239479,1.0001493097599288
107,1.316891657587323,0.23649970957135266,0.0,0.07856256464332427,18.0,0.1800118556289773,-0.18285839487396302,-0.00790177186625092,0.18863404163496253,-0.18378000138902487,-0.008968941847150047,0.19097221283449417,-0.006000500096504078,-0.1826658834830645,0.18509805393293163,0.0017137442658177729,0.0011761839183670882,-0.023454889471196783,0.0017961636280083857,0.0017397430943552018,-0.022502763761332624,0.00175107801260479,-0.02165182569749991,0.0010818912209433263,0.0016942815731983568,0.9999890634610189,1.0003710473953298,0.9999575423922045,0.9996923282560336,1.0004959552026131,1.0004926269291903,0.9995352454619078,1.0005734563970567,1.0005956545281285,1.0000800295534753
108,1.3358012599671867,0.2336066357542557,0.0,0.07856256463944919,18.0,0.17829811133741344,-0.18403457877756835,0.015553117612867082,0.18683787800689972,-0.18551974454343942,0.013533821925647302,0.18922113491100728,0.015651325591638413,-0.18374777480454826,0.1834037724561575,-0.001713744291563879,-0.0011761839036053185,0.023454889479118002,-0.0017961636280628248,-0.0017397431544145534,0.02250276377279735,-0.001751077923486889,0.02165182568814249,-0.0010818913214837513,-0.001694281476774148,1.0000421909915964,1.0004205376945603,1.0000031182693376,0.9997959120282981,1.0005966635541326,1.000614448069785,0.9996572958761866,1.0006937030334488,1.0006602068241828,1.0001493097599232
109,1.316891657805007,0.23649970965710332,0.0,0.0785625646309222,18.0,0.18001185560909982,-0.18285839486293692,-0.007901771860329636,0.18863404163502934,-0.18378000143525328,-0.008968941835148915,0.19097221290185593,-0.006000500099135539,-0.1826658835609676,0.18509805400524995,0.001713744271686395,0.0011761839146314252,-0.023454889473196718,0.0017961636281296136,0.0017397431081861482,-0.022502763760796216,0.0017510779908486481,-0.02165182569077395,0.0010818912435806474,0.0016942815490924507,0.9999890634610312,1.0003710473953422,0.9999575423921129,0.9996923282559985,1.0004959552027426,1.0004926269293013,0.9995352454617733,1.0005734563972704,1.0005956545283123,1.0000800295534773
110,1.3358012601504994,0.23360663582040495,0.0,0.07856256463088185,18.0,0.1782981113220504,-0.18403457876936216,0.015553117617467551,0.18683787800726673,-0.18551974457876766,0.013533821931982866,0.18922113496260387,0.01565132558538818,-0.18374777486437663,0.18340377251123352,-0.0017137442870494215,-0.0011761839064252486,0.023454889477797187,-0.0017961636277626107,-0.0017397431435143707,0.02250276376713178,-0.0017510779392520483,0.02165182568452372,-0.001081891303409018,-0.0016942814940164267,1.000042190991603,1.0004205376945678,1.0000031182692655,0.9997959120282625,1.0005966635542232,1.0006144480698491,0.9996572958760616,1.0006937030335892,1.0006602068243076,1.0001493097599086
111,1.316891657933113,0.23649970970736187,0.0,0.07856256462424148,18.0,0.1800118555972503,-0.18285839485681413,-0.007901771856882879,0.1886340416353649,-0.18378000146244408,-0.008968941828409132,0.19097221294087743,-0.0060005001012083635,-0.18266588360727282,0.18509805404658897,0.0017137442751999146,0.001176183912548038,-0.02345488947435043,0.0017961636280981682,0.0017397431163235747,-0.022502763760391998,0.00175107797827357,-0.021651825686596543,0.0010818912571038126,0.0016942815353554526,0.9999890634610366,1.0003710473953482,0.9999575423920576,0.999692328255976,1.0004959552028159,1.0004926269293621,0.9995352454616877,1.0005734563973854,1.0005956545284107,1.0000800295534704
112,1.3358012602570886,0.23360663585918598,0.0,0.07856256462539721,18.0,0.17829811131290227,-0.18403457876481003,0.015553117620135289,0.18683787800770268,-0.18551974459954687,0.01353382193549208,0.18922113499251295,0.015651325581330255,-0.18374777489990288,0.18340377254275325,-0.0017137442843480274,-0.0011761839079958974,0.023454889477018168,-0.001796163627662224,-0.0017397431371027846,0.02250276376390121,-0.0017510779483644809,0.02165182568253862,-0.0010818912926300493,-0.0016942815038357194,1.0000421909916055,1.0004205376945712,1.0000031182692222,0.9997959120282401,1.0005966635542745,1.0006144480698835,0.9996572958759833,1.000693703033664,1.0006602068243737,1.000149309759894
113,1.31689165800849,0.236499709736826,0.0,0.07856256462063627,18.0,0.18001185559020066,-0.18285839485342162,-0.007901771854879072,0.18863404163572592,-0.1837800014784361,-0.00896894182461505,0.1909722129635082,-0.006000500102696926,-0.18266588363474223,0.18509805407026414,0.0017137442772983862,0.0011761839113884178,-0.02345488947501436,0.0017961636280232217,0.0017397431211107883,-0.02250276376010713,0.0017510779709952477,-0.02165182568402718,0.0010818912651606527,0.0016942815275108874,0.9999890634610386,1.0003710473953509,0.9999575423920244,0.9996923282559618,1.0004959552028574,1.0004926269293957,0.999535245461634,1.0005734563974475,1.0005956545284636,1.000080029553462
114,1.3358012603191276,0.23360663588192715,0.0,0.07856256462193699,18.0,0.1782981113074654,-0.18403457876229054,0.015553117621680171,0.18683787800808088,-0.18551974461176773,0.013533821937440156,0.18922113500986942,0.015651325578748727,-0.18374777492095987,0.18340377256082452,-0.001713744282735271,-0.0011761839088689087,0.023454889476559243,-0.0017961636276450392,-0.001739743133331637,0.022502763762055206,-0.001751077953638763,0.021651825681445653,-0.0010818912862176218,-0.001694281509439627,1.0000421909916062,1.0004205376945725,1.0000031182691962,0.9997959120282263,1.0005966635543035,1.0006144480699022,0.9996572958759349,1.0006937030337042,1.000660206824409,1.0001493097598824
115,1.3168916580528345,0.2364997097541032,0.0,0.07856256461868671,18.0,0.18001185558601435,-0.18285839485154626,-0.007901771853715437,0.1886340416360289,-0.1837800014878409,-0.008968941822474251,0.19097221297664685,-0.0060005001037103135,-0.18266588365101014,0.18509805408384694,0.001713744278548945,0.001176183910744269,-0.023454889475395608,0.0017961636279480268,0.0017397431239268406,-0.022502763759914408,0.0017510779667774213,-0.02165182568245904,0.0010818912699497331,0.0016942815230224274,0.9999890634610392,1.0003710473953522,0.9999575423920045,0.9996923282559528,1.000495955202881,1.0004926269294143,0.9995352454616007,1.0005734563974813,1.000595654528492,1.0000800295534549
116,1.3358012603552691,0.23360663589526515,0.0,0.07856256461977873,18.0,0.17829811130423986,-0.1840345787608994,0.015553117622574008,0.1868378780083709,-0.18551974461895457,0.013533821938524015,0.18922113501995158,0.015651325577131153,-0.18374777493342095,0.18340377257120277,-0.001713744281774483,-0.0011761839093531318,0.023454889476289445,-0.0017961636276580019,-0.0017397431311136557,0.022502763760998266,-0.0017510779566952746,0.021651825680841466,-0.001081891282410818,-0.0016942815126441625,1.0000421909916062,1.0004205376945732,1.0000031182691804,0.9997959120282176,1.00059666355432,1.0006144480699124,0.9996572958759052,1.0006937030337257,1.0006602068244277,1.000149309759874
117,1.3168916580789187,0.2364997097642364,0.0,0.07856256461763039,18.0,0.18001185558353258,-0.1828583948505122,-0.007901771853040213,0.18863404163625752,-0.18378000149337137,-0.008968941821263643,0.190972212984282,-0.0060005001043768255,-0.18266588366063014,0.18509805409165234,0.001713744279292728,0.0011761839103872048,-0.02345488947561422,0.0017961636278866094,0.0017397431255832055,-0.02250276375978766,0.001751077964330404,-0.021651825681507978,0.0010818912727908138,0.0016942815204495601,0.9999890634610393,1.0003710473953527,0.9999575423919926,0.9996923282559472,1.0004959552028942,1.0004926269294245,0.9995352454615801,1.0005734563974995,1.000595654528507,1.0000800295534495
118,1.3358012603763416,0.2336066359030895,0.0,0.07856256461844455,18.0,0.17829811130232937,-0.1840345787601333,0.015553117623090595,0.18683787800857915,-0.18551974462318063,0.013533821939128337,0.18922113502581342,0.01565132557612943,-0.18374777494078506,0.18340377257717227,-0.0017137442812032147,-0.001176183909621093,0.023454889476130808,-0.0017961636276783847,-0.0017397431298092501,0.02250276376039198,-0.0017510779584685736,0.021651825680506255,-0.0010818912801549352,-0.0016942815144800512,1.000042190991606,1.0004205376945734,1.000003118269171,0.9997959120282124,1.0005966635543293,1.000614448069918,0.999657295875887,1.0006937030337373,1.000660206824438,1.0001493097598682
119,1.3168916580942605,0.23649970977018062,0.0,0.0785625646170566,18.0,0.18001185558206362,-0.18285839484994357,-0.007901771852648651,0.18863404163642009,-0.18378000149662327,-0.008968941820577643,0.19097221298872272,-0.006000500104804768,-0.18266588366631167,0.1850980540961445,0.0017137442797342589,0.0011761839101897332,-0.023454889475739246,0.0017961636278409272,0.0017397431265573607,-0.02250276375970598,0.0017510779629092974,-0.021651825680934197,0.0010818912744733776,0.0016942815189722315,0.9999890634610392,1.0003710473953529,0.9999575423919855,0.9996923282559438,1.000495955202902,1.0004926269294303,0.9995352454615676,1.0005734563975095,1.0005956545285155,1.0000800295534458
120,1.335801260388637,0.23360663590768016,0.0,0.0785625646176259,18.0,0.17829811130119946,-0.1840345787597126,0.015553117623388974,0.18683787800872262,-0.18551974462566545,0.013533821939465956,0.18922113502922427,0.015651325575514772,-0.18374777494513186,0.18340377258061083,-0.0017137442808641422,-0.0011761839097690228,0.023454889476037626,-0.0017961636276974632,-0.0017397431290421769,0.0225027637600436,-0.0017510779594984316,0.02165182568031954,-0.0010818912788201987,-0.001694281515533666,1.0000421909916057,1.0004205376945734,1.0000031182691655,0.9997959120282092,1.0005966635543346,1.0006144480699208,0.9996572958758762,1.0006937030337435,1.0006602068244432,1.0001493097598644
121,1.3168916581032828,0.23649970977366813,0.0,0.07856256461674418,18.0,0.1800118555811954,-0.18285839484963182,-0.007901771852421746,0.18863404163653136,-0.1837800014985352,-0.008968941820188122,0.1909722129913075,-0.006000500105074667,-0.18266588366966346,0.18509805409873345,0.0017137442799959293,0.0011761839100807828,-0.02345488947581072,0.0017961636278087509,0.0017397431271302345,-0.022502763759654078,0.0017510779620832384,-0.02165182568058944,0.001081891275468387,0.0016942815181226194,0.999989063461039,1.000371047395353,0.9999575423919813,0.9996923282559417,1.0004959552029065,1.0004926269294334,0.99953524546156,1.0005734563975148,1.00059565452852,1.0000800295534433
122,1.3358012603958156,0.23360663591037395,0.0,0.07856256461712637,18.0,0.17829811130053216,-0.1840345787594823,0.015553117623561211,0.18683787800881876,-0.18551974462712634,0.013533821939655006,0.18922113503121044,0.015651325575140314,-0.18374777494769498,0.18340377258259416,-0.0017137442806632328,-0.0011761839098504763,0.023454889475982958,-0.0017961636277126023,-0.001739743128591121,0.022502763759843128,-0.001751077960097069,0.02165182568021498,-0.001081891278031524,-0.0016942815161393012,1.0000421909916055,1.0004205376945734,1.0000031182691622,0.9997959120282073,1.0005966635543377,1.0006144480699226,0.9996572958758695,1.0006937030337468,1.0006602068244461,1.000149309759862
123,1.3168916581085883,0.23649970977571458,0.0,0.07856256461657364,18.0,0.18001185558068292,-0.18285839484946145,-0.007901771852290282,0.18863404163660563,-0.18378000149965923,-0.008968941819966538,0.19097221299281308,-0.006000500105242751,-0.18266588367163894,0.18509805410022745,0.0017137442801507586,0.001176183910020827,-0.023454889475851493,0.0017961636277868658,0.0017397431274670983,-0.022502763759621545,0.0017510779616026551,-0.021651825680383065,0.001081891276056028,0.0016942815176332817,0.9999890634610389,1.000371047395353,0.9999575423919788,0.9996923282559405,1.000495955202909,1.0004926269294352,0.9995352454615554,1.000573456397518,1.0005956545285224,1.0000800295534418
124,1.3358012604000098,0.2336066359119549,0.0,0.07856256461682348,18.0,0.17829811130013856,-0.18403457875935667,0.01555311762366057,0.1868378780088819,-0.18551974462798515,0.013533821939761053,0.18922113503236776,0.015651325574913746,-0.183747774949205,0.1834037725837395,-0.001713744280544354,-0.0011761839098952025,0.02345488947595085,-0.0017961636277237184,-0.0017397431283259178,0.022502763759727592,-0.001751077960445334,0.021651825680156497,-0.0010818912775660686,-0.0016942815164879513,1.0000421909916053,1.0004205376945734,1.0000031182691604,0.9997959120282061,1.0005966635543395,1.0006144480699235,0.9996572958758655,1.0006937030337486,1.0006602068244477,1.0001493097598604
125,1.3168916581117078,0.2364997097769156,0.0,0.07856256461648047,18.0,0.1800118555803808,-0.18285839484936872,-0.007901771852214221,0.18863404163665426,-0.18378000150031998,-0.008968941819840223,0.19097221299369063,-0.006000500105346241,-0.18266588367280226,0.1850980541010906,0.001713744280242241,0.0011761839099879343,-0.02345488947587479,0.0017961636277723414,0.0017397431276651616,-0.022502763759601276,0.0017510779613228646,-0.021651825680259987,0.0010818912764027327,0.0016942815173510936,0.9999890634610388,1.0003710473953529,0.9999575423919773,0.9996923282559397,1.0004959552029105,1.0004926269294363,0.9995352454615527,1.0005734563975195,1.0005956545285237,1.0000800295534407
126,1.3358012604024618,0.23360663591288283,0.0,0.07856256461664049,18.0,0.17829811129990666,-0.1840345787592884,0.015553117623717912,0.1868378780089228,-0.18551974462848997,0.013533821939820672,0.18922113503304253,0.015651325574777296,-0.1837477749500939,0.18340377258440166,-0.0017137442804741267,-0.0011761839099196777,0.023454889475932134,-0.0017961636277314807,-0.0017397431281699926,0.022502763759660895,-0.0017510779606481133,0.021651825680123537,-0.0010818912772916362,-0.0016942815166889292,1.0000421909916053,1.0004205376945732,1.000003118269159,0.9997959120282054,1.0005966635543404,1.000614448069924,0.9996572958758632,1.0006937030337495,1.0006602068244486,1.0001493097598593
127,1.3168916581135424,0.23649970977762053,0.0,0.07856256461642938,18.0,0.18001185558020288,-0.18285839484931843,-0.007901771852170104,0.18863404163668565,-0.18378000150070836,-0.008968941819768145,0.1909722129942024,-0.006000500105409527,-0.18266588367348682,0.1850980541015898,0.0017137442802962325,0.0011761839099699441,-0.023454889475888016,0.0017961636277628618,0.0017397431277815954,-0.022502763759588817,0.0017510779611598513,-0.021651825680186823,0.0010818912766070664,0.0016942815171881573,0.9999890634610387,1.0003710473953529,0.9999575423919763,0.9996923282559391,1.0004959552029111,1.0004926269294367,0.999535245461551,1.0005734563975204,1.0005956545285244,1.00008002955344
128,1.3358012604038958,0.2336066359134275,0.0,0.07856256461653037,18.0,0.17829811129977022,-0.18403457875925144,0.015553117623750994,0.1868378780089489,-0.1855197446287867,0.013533821939854187,0.18922113503343613,0.015651325574695445,-0.1837477749506168,0.18340377258478485,-0.001713744280432675,-0.001176183909933029,0.023454889475921097,-0.0017961636277367403,-0.0017397431280783326,0.022502763759622332,-0.0017510779607662532,0.021651825680104972,-0.0010818912771299771,-0.0016942815168049384,1.000042190991605,1.0004205376945732,1.0000031182691584,0.999795912028205,1.000596663554341,1.0006144480699242,0.9996572958758617,1.0006937030337502,1.000660206824449,1.0001493097598586
129,1.3168916581146204,0.23649970977803433,0.0,0.07856256461640125,18.0,0.18001185558009827,-0.1828583948492913,-0.007901771852144628,0.18863404163670566,-0.18378000150093665,-0.008968941819726945,0.19097221299450096,-0.006000500105447865,-0.18266588367388942,0.18509805410187882,0.0017137442803280428,0.0011761839099601297,-0.02345488947589562,0.001796163627756764,0.0017397431278500426,-0.022502763759581133,0.0017510779610648303,-0.02165182568014331,0.0010818912767274,0.001694281517093968,0.9999890634610387,1.0003710473953529,0.9999575423919759,0.9996923282559389,1.0004959552029116,1.0004926269294372,0.99953524546155,1.000573456397521,1.0005956545285248,1.0000800295534396
130,1.3358012604047347,0.2336066359137473,0.0,0.07856256461646417,18.0,0.17829811129969,-0.1840345787592316,0.015553117623770051,0.18683787800896545,-0.18551974462896112,0.0135338219398731,0.18922113503366583,0.01565132557464646,-0.18374777495092423,0.18340377258500687,-0.0017137442804082718,-0.0011761839099402877,0.02345488947591468,-0.0017961636277402195,-0.0017397431280244586,0.022502763759600045,-0.0017510779608351176,0.021651825680094324,-0.0010818912770348228,-0.0016942815168719658,1.000042190991605,1.0004205376945732,1.000003118269158,0.9997959120282047,1.0005966635543413,1.0006144480699244,0.9996572958758608,1.0006937030337504,1.0006602068244492,1.0001493097598584
131,1.3168916581152545,0.23649970977827728,0.0,0.07856256461638556,18.0,0.18001185558003677,-0.1828583948492768,-0.007901771852129782,0.18863404163671835,-0.18378000150107085,-0.00896894181970336,0.19097221299467523,-0.006000500105471013,-0.18266588367412603,0.18509805410204633,0.0017137442803467678,0.0011761839099548143,-0.023454889475899833,0.0017961636277528876,0.0017397431278902828,-0.02250276375957646,0.0017510779610094129,-0.021651825680117472,0.0010818912767982063,0.001694281517039451,0.9999890634610386,1.0003710473953529,0.9999575423919755,0.9996923282559387,1.000495955202912,1.0004926269294372,0.9995352454615495,1.0005734563975213,1.000595654528525,1.0000800295534393
132,1.3358012604052258,0.2336066359139351,0.0,0.07856256461642439,18.0,0.17829811129964288,-0.184034578759221,0.015553117623780952,0.18683787800897586,-0.18551974462906362,0.01353382193988376,0.18922113503379995,0.01565132557461727,-0.1837477749511049,0.18340377258513557,-0.0017137442803938797,-0.0011761839099441985,0.023454889475910734,-0.0017961636277424823,-0.0017397431279927685,0.02250276375958712,-0.001751077960875278,0.021651825680088284,-0.0010818912769788506,-0.001694281516910752,1.000042190991605,1.0004205376945732,1.0000031182691578,0.9997959120282045,1.0005966635543415,1.0006144480699246,0.9996572958758604,1.0006937030337506,1.0006602068244494,1.0001493097598582
133,1.3168916581156271,0.2364997097784199,0.0,0.07856256461637696,18.0,0.18001185558000066,-0.18285839484926905,-0.007901771852121306,0.18863404163672629,-0.18378000150114968,-0.008968941819689833,0.190972212994777,-0.006000500105484953,-0.18266588367426503,0.18509805410214344,0.0017137442803577731,0.0011761839099519449,-0.023454889475902258,0.0017961636277504364,0.0017397431279139348,-0.022502763759573594,0.0017510779609770614,-0.021651825680102224,0.001081891276839854,0.0016942815170078681,0.9999890634610386,1.0003710473953529,0.9999575423919753,0.9996923282559386,1.000495955202912,1.0004926269294374,0.999535245461549,1.0005734563975215,1.000595654528525,1.0000800295534393
134,1.3358012604055134,0.2336066359140453,0.0,0.07856256461640078,18.0,0.17829811129961523,-0.18403457875921536,0.015553117623787239,0.18683787800898236,-0.18551974462912382,0.01353382193988984,0.1892211350338783,0.01565132557459994,-0.18374777495121097,0.18340377258521023,-0.001713744280385428,-0.00117618390994631,0.023454889475908545,-0.0017961636277439384,-0.001739743127974155,0.022502763759579672,-0.0017510779608987178,0.021651825680084894,-0.0010818912769459464,-0.001694281516933206,1.000042190991605,1.0004205376945732,1.0000031182691578,0.9997959120282044,1.0005966635543417,1.0006144480699246,0.99965729587586,1.0006937030337506,1.0006602068244494,1.000149309759858
135,1.3168916581158463,0.23649970977850365,0.0,0.07856256461637219,18.0,0.18001185557997948,-0.18285839484926497,-0.007901771852116359,0.18863404163673125,-0.183780001501196,-0.008968941819682089,0.1909722129948365,-0.006000500105493245,-0.18266588367434664,0.18509805410219982,0.0017137442803642376,0.0011761839099503958,-0.023454889475903597,0.0017961636277489075,0.0017397431279278274,-0.022502763759571928,0.0017510779609581793,-0.021651825680093186,0.0010818912768643261,0.0016942815169895772,0.9999890634610386,1.0003710473953529,0.9999575423919752,0.9996923282559386,1.0004959552029122,1.0004926269294374,0.9995352454615488,1.0005734563975215,1.0005956545285253,1.000080029553439
136,1.3358012604056817,0.23360663591411002,0.0,0.07856256461638682,18.0,0.17829811129959902,-0.1840345787592124,0.015553117623790951,0.18683787800898638,-0.1855197446291592,0.01353382193989327,0.18922113503392407,0.015651325574589675,-0.18374777495127326,0.1834037725852536,-0.0017137442803804546,-0.0011761839099474248,0.02345488947590731,-0.0017961636277448658,-0.0017397431279632164,0.02250276375957536,-0.001751077960912414,0.02165182568008292,-0.0010818912769266133,-0.0016942815169462178,1.000042190991605,1.0004205376945732,1.0000031182691576,0.9997959120282044,1.0005966635543417,1.0006144480699246,0.9996572958758598,1.0006937030337506,1.0006602068244494,1.000149309759858
137,1.3168916581159749,0.23649970977855278,0.0,0.07856256461636955,18.0,0.18001185557996707,-0.1828583948492628,-0.007901771852113486,0.18863404163673433,-0.1837800015012232,-0.008968941819677589,0.19097221299487122,-0.006000500105498199,-0.18266588367439457,0.18509805410223254,0.001713744280368041,0.0011761839099495733,-0.023454889475904437,0.0017961636277479501,0.0017397431279359988,-0.02250276375957086,0.001751077960947158,-0.021651825680087874,0.0010818912768786955,0.0016942815169789594,0.9999890634610386,1.0003710473953529,0.9999575423919752,0.9996923282559386,1.0004959552029122,1.0004926269294374,0.9995352454615487,1.0005734563975215,1.0005956545285253,1.000080029553439
138,1.3358012604057805,0.23360663591414804,0.0,0.07856256461637826,18.0,0.17829811129958953,-0.18403457875921084,0.015553117623793026,0.18683787800898888,-0.18551974462918,0.013533821939895193,0.18922113503395083,0.01565132557458352,-0.18374777495130984,0.1834037725852788,-0.001713744280377546,-0.0011761839099480335,0.02345488947590651,-0.0017961636277454515,-0.0017397431279567968,0.02250276375957278,-0.0017510779609203914,0.02165182568008172,-0.0010818912769152576,-0.0016942815169537593,1.000042190991605,1.0004205376945732,1.0000031182691576,0.9997959120282044,1.0005966635543417,1.0006144480699246,0.9996572958758597,1.0006937030337508,1.0006602068244494,1.0001493097598577
139,1.3168916581160506,0.23649970977858167,0.0,0.07856256461636793,18.0,0.1800118555799598,-0.1828583948492617,-0.007901771852111758,0.18863404163673622,-0.18378000150123922,-0.008968941819675046,0.19097221299489153,-0.0060005001055012,-0.18266588367442269,0.18509805410225158,0.001713744280370266,0.001176183909949135,-0.023454889475904784,0.0017961636277473558,0.0017397431279407912,-0.02250276375957024,0.0017510779609407107,-0.02165182568008472,0.001081891276887145,0.0016942815169727879,0.9999890634610386,1.0003710473953529,0.9999575423919751,0.9996923282559385,1.0004959552029122,1.0004926269294374,0.9995352454615487,1.0005734563975215,1.0005956545285253,1.000080029553439
140,1.3358012604058385,0.23360663591417036,0.0,0.0785625646163733,18.0,0.17829811129958398,-0.18403457875921003,0.015553117623794185,0.1868378780089904,-0.18551974462919224,0.013533821939896327,0.18922113503396648,0.015651325574580016,-0.18374777495133127,0.18340377258529345,-0.0017137442803758297,-0.0011761839099483432,0.023454889475905943,-0.0017961636277458093,-0.0017397431279530127,0.022502763759571373,-0.0017510779609250617,0.021651825680081217,-0.0010818912769085937,-0.001694281516958141,1.000042190991605,1.0004205376945732,1.0000031182691576,0.9997959120282043,1.0005966635543417,1.0006144480699246,0.9996572958758597,1.0006937030337508,1.0006602068244494,1.0001493097598577
141,1.3168916581160954,0.23649970977859866,0.0,0.07856256461636725,18.0,0.18001185557995555,-0.18285839484926114,-0.007901771852110873,0.1886340416367374,-0.18378000150124862,-0.008968941819673575,0.19097221299490344,-0.0060005001055029455,-0.18266588367443917,0.18509805410226265,0.001713744280371564,0.001176183909948901,-0.023454889475905058,0.0017961636277469897,0.0017397431279436186,-0.022502763759569902,0.0017510779609369567,-0.02165182568008296,0.0010818912768921025,0.0016942815169692137,0.9999890634610386,1.0003710473953529,0.9999575423919751,0.9996923282559385,1.0004959552029122,1.0004926269294374,0.9995352454615486,1.0005734563975215,1.0005956545285253,1.000080029553439
142,1.3358012604058722,0.23360663591418349,0.0,0.07856256461637046,18.0,0.17829811129958073,-0.18403457875920964,0.01555311762379493,0.18683787800899135,-0.1855197446291994,0.013533821939896966,0.18922113503397564,0.015651325574577837,-0.18374777495134387,0.18340377258530197,-0.0017137442803748263,-0.0011761839099485064,0.023454889475905804,-0.0017961636277460378,-0.0017397431279507873,0.02250276375957054,-0.0017510779609278054,0.021651825680080783,-0.0010818912769046823,-0.0016942815169606934,1.000042190991605,1.0004205376945732,1.0000031182691576,0.9997959120282043,1.0005966635543417,1.0006144480699246,0.9996572958758597,1.0006937030337508,1.0006602068244494,1.0001493097598577
143,1.3168916581161214,0.23649970977860862,0.0,0.07856256461636674,18.0,0.18001185557995306,-0.18285839484926086,-0.007901771852110329,0.1886340416367381,-0.18378000150125412,-0.008968941819672687,0.19097221299491038,-0.006000500105503959,-0.18266588367444886,0.1850980541022691,0.0017137442803723307,0.0011761839099487907,-0.02345488947590526,0.0017961636277467668,0.0017397431279452793,-0.022502763759569652,0.001751077960934748,-0.021651825680081796,0.001081891276895011,0.0016942815169671268,0.9999890634610386,1.0003710473953529,0.9999575423919751,0.9996923282559385,1.0004959552029122,1.0004926269294374,0.9995352454615486,1.0005734563975215,1.0005956545285253,1.000080029553439
144,1.3358012604058924,0.23360663591419117,0.0,0.07856256461636871,18.0,0.17829811129957882,-0.18403457875920945,0.015553117623795298,0.18683787800899193,-0.18551974462920362,0.013533821939897326,0.18922113503398097,0.015651325574576644,-0.18374777495135125,0.18340377258530693,-0.00171374428037424,-0.0011761839099485895,0.023454889475905627,-0.0017961636277461822,-0.0017397431279494895,0.022502763759570013,-0.0017510779609294016,0.021651825680080602,-0.00108189127690238,-0.001694281516962165,1.000042190991605,1.0004205376945732,1.0000031182691576,0.9997959120282043,1.0005966635543417,1.0006144480699246,0.9996572958758596,1.0006937030337508,1.0006602068244494,1.0001493097598577
145,1.3168916581161367,0.23649970977861445,0.0,0.0785625646163665,18.0,0.18001185557995159,-0.18285839484926072,-0.007901771852109964,0.18863404163673855,-0.18378000150125737,-0.00896894181967224,0.19097221299491443,-0.006000500105504566,-0.18266588367445452,0.18509805410227284,0.001713744280372781,0.0011761839099487298,-0.023454889475905263,0.0017961636277466324,0.0017397431279462493,-0.022502763759569566,0.001751077960933463,-0.02165182568008121,0.001081891276896726,0.0016942815169659166,0.9999890634610386,1.0003710473953529,0.9999575423919751,0.9996923282559385,1.0004959552029122,1.0004926269294374,0.9995352454615486,1.0005734563975215,1.0005956545285253,1.000080029553439
146,1.335801260405904,0.2336066359141957,0.0,0.07856256461636757,18.0,0.1782981112995777,-0.18403457875920937,0.015553117623795524,0.1868378780089923,-0.1855197446292061,0.013533821939897503,0.1892211350339841,0.015651325574575884,-0.18374777495135555,0.18340377258530982,-0.0017137442803738892,-0.0011761839099486294,0.023454889475905488,-0.0017961636277462646,-0.0017397431279487182,0.022502763759569742,-0.0017510779609303249,0.02165182568008045,-0.0010818912769010377,-0.001694281516963029,1.000042190991605,1.0004205376945732,1.0000031182691576,0.9997959120282043,1.0005966635543417,1.0006144480699246,0.9996572958758596,1.0006937030337508,1.0006602068244494,1.0001493097598577
147,1.3168916581161458,0.23649970977861792,0.0,0.0785625646163663,18.0,0.18001185557995075,-0.18285839484926067,-0.007901771852109812,0.18863404163673883,-0.18378000150125928,-0.00896894181967193,0.19097221299491682,-0.006000500105504906,-0.18266588367445782,0.18509805410227503,0.0017137442803730402,0.0011761839099486996,-0.023454889475905336,0.0017961636277465437,0.0017397431279468146,-0.022502763759569434,0.0017510779609327066,-0.02165182568008079,0.001081891276897716,0.0016942815169652054,0.9999890634610386,1.0003710473953529,0.9999575423919751,0.9996923282559385,1.0004959552029122,1.0004926269294374,0.9995352454615486,1.0005734563975215,1.0005956545285253,1.000080029553439
148,1.3358012604059106,0.2336066359141984,0.0,0.0785625646163669,18.0,0.17829811129957707,-0.1840345787592093,0.015553117623795652,0.18683787800899251,-0.18551974462920756,0.013533821939897628,0.18922113503398594,0.015651325574575405,-0.18374777495135808,0.18340377258531151,-0.0017137442803736927,-0.0011761839099486467,0.023454889475905464,-0.0017961636277463212,-0.001739743127948272,0.02250276375956956,-0.0017510779609308759,0.02165182568008031,-0.0010818912769002512,-0.001694281516963532,1.000042190991605,1.0004205376945732,1.0000031182691576,0.9997959120282043,1.0005966635543417,1.0006144480699246,0.9996572958758596,1.0006937030337508,1.0006602068244494,1.0001493097598577
149,1.3168916581161514,0.23649970977861995,0.0,0.07856256461636621,18.0,0.18001185557995025,-0.1828583948492606,-0.007901771852109697,0.188634041636739,-0.18378000150126042,-0.008968941819671802,0.1909722129949182,-0.0060005001055051695,-0.1826658836744598,0.1850980541022763,0.001713744280373196,0.001176183909948685,-0.02345488947590535,0.0017961636277464934,0.0017397431279471479,-0.02250276375956943,0.0017510779609322576,-0.021651825680080575,0.0010818912768982955,0.0016942815169647884,0.9999890634610386,1.0003710473953529,0.9999575423919751,0.9996923282559385,1.0004959552029122,1.0004926269294374,0.9995352454615486,1.0005734563975215,1.0005956545285253,1.000080029553439
150,1.3358012604059146,0.23360663591419994,0.0,0.07856256461636672,18.0,0.17829811129957668,-0.18403457875920928,0.015553117623795753,0.18683787800899262,-0.18551974462920842,0.01353382193989768,0.18922113503398702,0.015651325574575218,-0.18374777495135958,0.18340377258531249,-0.0017137442803735782,-0.0011761839099486606,0.02345488947590545,-0.0017961636277463592,-0.001739743127948,0.022502763759569482,-0.0017510779609311933,0.021651825680080387,-0.001081891276899791,-0.0016942815169638207,1.000042190991605,1.0004205376945732,1.0000031182691576,0.9997959120282043,1.0005966635543417,1.0006144480699246,0.9996572958758596,1.0006937030337508,1.0006602068244494,1.0001493097598577
151,1.3168916581161545,0.2364997097786211,0.0,0.07856256461636626,18.0,0.18001185557994998,-0.1828583948492606,-0.007901771852109617,0.18863404163673908,-0.18378000150126106,-0.008968941819671694,0.19097221299491904,-0.006000500105505305,-0.18266588367446093,0.18509805410227703,0.0017137442803732855,0.0011761839099486656,-0.02345488947590537,0.001796163627746464,0.0017397431279473578,-0.022502763759569375,0.0017510779609320112,-0.021651825680080523,0.0010818912768986483,0.0016942815169645584,0.9999890634610386,1.0003710473953529,0.9999575423919751,0.9996923282559385,1.0004959552029122,1.0004926269294374,0.9995352454615486,1.0005734563975215,1.0005956545285253,1.000080029553439
152,1.3358012604059173,0.23360663591420086,0.0,0.0785625646163665,18.0,0.17829811129957648,-0.18403457875920928,0.015553117623795774,0.1868378780089927,-0.1855197446292089,0.01353382193989776,0.18922113503398766,0.015651325574575076,-0.18374777495136047,0.18340377258531304,-0.0017137442803735051,-0.0011761839099486701,0.02345488947590539,-0.001796163627746376,-0.001739743127947847,0.022502763759569454,-0.0017510779609313867,0.02165182568008038,-0.0010818912768995209,-0.0016942815169639946,1.000042190991605,1.0004205376945732,1.0000031182691576,0.9997959120282043,1.0005966635543417,1.0006144480699246,0.9996572958758596,1.0006937030337508,1.0006602068244494,1.0001493097598577
153,1.3168916581161563,0.23649970977862178,0.0,0.07856256461636624,18.0,0.1800118555799498,-0.1828583948492606,-0.007901771852109604,0.18863404163673916,-0.18378000150126142,-0.008968941819671604,0.1909722129949195,-0.006000500105505346,-0.1826658836744616,0.18509805410227748,0.0017137442803733278,0.0011761839099486693,-0.023454889475905377,0.0017961636277464494,0.0017397431279474662,-0.022502763759569364,0.001751077960931856,-0.021651825680080422,0.0010818912768988578,0.0016942815169644237,0.9999890634610386,1.0003710473953529,0.9999575423919751,0.9996923282559385,1.0004959552029122,1.0004926269294374,0.9995352454615486,1.0005734563975215,1.0005956545285253,1.000080029553439
154,1.3358012604059186,0.2336066359142014,0.0,0.0785625646163664,18.0,0.17829811129957635,-0.18403457875920928,0.01555311762379587,0.18683787800899276,-0.18551974462920917,0.013533821939897757,0.18922113503398802,0.01565132557457497,-0.18374777495136096,0.18340377258531337,-0.0017137442803734741,-0.0011761839099486639,0.023454889475905474,-0.0017961636277463904,-0.0017397431279477585,0.02250276375956936,-0.0017510779609314958,0.021651825680080318,-0.0010818912768993567,-0.0016942815169640937,1.000042190991605,1.0004205376945732,1.0000031182691576,0.9997959120282043,1.0005966635543417,1.0006144480699246,0.9996572958758596,1.0006937030337508,1.0006602068244494,1.0001493097598577
155,1.3168916581161572,0.2364997097786222,0.0,0.07856256461636621,18.0,0.1800118555799497,-0.1828583948492606,-0.00790177185210959,0.1886340416367392,-0.18378000150126164,-0.008968941819671583,0.1909722129949198,-0.006000500105505364,-0.182665883674462,0.18509805410227773,0.0017137442803733618,0.0011761839099486704,-0.02345488947590546,0.0017961636277464355,0.0017397431279475282,-0.02250276375956934,0.0017510779609317675,-0.021651825680080335,0.0010818912768989684,0.0016942815169643485,0.9999890634610386,1.0003710473953529,0.9999575423919751,0.9996923282559385,1.0004959552029122,1.0004926269294374,0.9995352454615486,1.0005734563975215,1.0005956545285253,1.000080029553439
156,1.335801260405919,0.23360663591420167,0.0,0.07856256461636626,18.0,0.17829811129957623,-0.18403457875920928,0.015553117623795833,0.1868378780089928,-0.18551974462920937,0.013533821939897805,0.18922113503398824,0.01565132557457488,-0.18374777495136124,0.18340377258531357,-0.001713744280373451,-0.0011761839099486747,0.023454889475905422,-0.0017961636277463986,-0.0017397431279477132,0.02250276375956939,-0.0017510779609315576,0.021651825680080245,-0.0010818912768992624,-0.0016942815169641474,1.000042190991605,1.0004205376945732,1.0000031182691576,0.9997959120282043,1.0005966635543417,1.0006144480699246,0.9996572958758596,1.0006937030337508,1.0006602068244494,1.0001493097598577
157,1.3168916581161576,0.23649970977862245,0.0,0.07856256461636606,18.0,0.18001185557994961,-0.1828583948492606,-0.00790177185210952,0.18863404163673922,-0.18378000150126178,-0.008968941819671552,0.19097221299491995,-0.00600050010550536,-0.1826658836744622,0.18509805410227786,0.0017137442803733885,0.0011761839099486684,-0.023454889475905353,0.0017961636277464281,0.0017397431279475761,-0.022502763759569357,0.001751077960931711,-0.02165182568008024,0.0010818912768990317,0.0016942815169642877,0.9999890634610386,1.0003710473953529,0.9999575423919751,0.9996923282559385,1.0004959552029122,1.0004926269294374,0.9995352454615486,1.0005734563975215,1.0005956545285253,1.000080029553439
158,1.3358012604059195,0.23360663591420186,0.0,0.0785625646163661,18.0,0.17829811129957618,-0.18403457875920928,0.015553117623795857,0.18683787800899282,-0.18551974462920945,0.013533821939897795,0.18922113503398835,0.01565132557457489,-0.1837477749513614,0.1834037725853137,-0.0017137442803734288,-0.0011761839099486695,0.023454889475905377,-0.0017961636277464,-0.0017397431279476757,0.022502763759569347,-0.0017510779609315912,0.02165182568008025,-0.0010818912768992054,-0.0016942815169641709,1.000042190991605,1.0004205376945732,1.0000031182691576,0.9997959120282043,1.0005966635543417,1.0006144480699246,0.9996572958758596,1.0006937030337508,1.0006602068244494,1.0001493097598577
159,1.316891658116158,0.23649970977862259,0.0,0.0785625646163661,18.0,0.1800118555799496,-0.1828583948492606,-0.007901771852109506,0.18863404163673925,-0.18378000150126186,-0.00896894181967156,0.19097221299492004,-0.0060005001055053915,-0.18266588367446235,0.18509805410227798,0.0017137442803733987,0.0011761839099486693,-0.023454889475905363,0.0017961636277464166,0.0017397431279475948,-0.022502763759569354,0.0017510779609316816,-0.02165182568008028,0.0010818912768990707,0.0016942815169642663,0.9999890634610386,1.0003710473953529,0.9999575423919751,0.9996923282559385,1.0004959552029122,1.0004926269294374,0.9995352454615486,1.0005734563975215,1.0005956545285253,1.000080029553439
160,1.33580126040592,0.233606635914202,0.0,0.07856256461636607,18.0,0.17829811129957618,-0.18403457875920928,0.015553117623795826,0.18683787800899285,-0.18551974462920953,0.013533821939897788,0.18922113503398844,0.01565132557457486,-0.18374777495136152,0.18340377258531376,-0.0017137442803734214,-0.0011761839099486693,0.023454889475905332,-0.0017961636277464077,-0.0017397431279476607,0.022502763759569347,-0.0017510779609316138,0.021651825680080252,-0.0010818912768991809,-0.001694281516964203,1.000042190991605,1.0004205376945732,1.0000031182691576,0.9997959120282043,1.0005966635543417,1.0006144480699246,0.9996572958758596,1.0006937030337508,1.0006602068244494,1.0001493097598577
161,1.3168916581161583,0.23649970977862267,0.0,0.07856256461636599,18.0,0.1800118555799496,-0.1828583948492606,-0.0079017718521095,0.18863404163673925,-0.18378000150126192,-0.008968941819671528,0.1909722129949201,-0.006000500105505412,-0.18266588367446243,0.185098054102278,0.0017137442803733943,0.0011761839099486639,-0.023454889475905325,0.0017961636277464097,0.0017397431279476086,-0.022502763759569316,0.001751077960931666,-0.021651825680080273,0.0010818912768990978,0.001694281516964249,0.9999890634610386,1.0003710473953529,0.9999575423919751,0.9996923282559385,1.0004959552029122,1.0004926269294374,0.9995352454615486,1.0005734563975215,1.0005956545285253,1.000080029553439
162,1.33580126040592,0.23360663591420205,0.0,0.07856256461636607,18.0,0.17829811129957618,-0.18403457875920928,0.01555311762379584,0.18683787800899285,-0.18551974462920956,0.013533821939897777,0.18922113503398846,0.015651325574574885,-0.1837477749513616,0.1834037725853138,-0.001713744280373422,-0.0011761839099486704,0.02345488947590534,-0.0017961636277464034,-0.0017397431279476414,0.022502763759569305,-0.0017510779609316224,0.021651825680080297,-0.0010818912768991587,-0.001694281516964212,1.000042190991605,1.0004205376945732,1.0000031182691576,0.9997959120282043,1.0005966635543417,1.0006144480699246,0.9996572958758596,1.0006937030337508,1.0006602068244494,1.0001493097598577
163,1.3168916581161585,0.23649970977862272,0.0,0.07856256461636607,18.0,0.1800118555799496,-0.1828583948492606,-0.007901771852109492,0.18863404163673925,-0.18378000150126195,-0.008968941819671542,0.19097221299492012,-0.00600050010550543,-0.1826658836744625,0.18509805410227803,0.0017137442803733943,0.0011761839099486636,-0.023454889475905332,0.0017961636277464103,0.0017397431279476128,-0.02250276375956932,0.0017510779609316589,-0.021651825680080315,0.0010818912768991134,0.0016942815169642416,0.9999890634610386,1.0003710473953529,0.9999575423919751,0.9996923282559385,1.0004959552029122,1.0004926269294374,0.9995352454615486,1.0005734563975215,1.0005956545285253,1.000080029553439
164,1.33580126040592,0.23360663591420208,0.0,0.078562564616366,18.0,0.17829811129957618,-0.18403457875920928,0.01555311762379584,0.18683787800899285,-0.1855197446292096,0.013533821939897763,0.1892211350339885,0.015651325574574826,-0.18374777495136163,0.18340377258531382,-0.001713744280373422,-0.0011761839099486704,0.023454889475905332,-0.0017961636277464034,-0.001739743127947635,0.022502763759569305,-0.0017510779609316348,0.021651825680080256,-0.00108189127689915,-0.001694281516964219,1.000042190991605,1.0004205376945732,1.0000031182691576,0.9997959120282043,1.0005966635543417,1.0006144480699246,0.9996572958758596,1.0006937030337508,1.0006602068244494,1.0001493097598577
165,1.3168916581161585,0.23649970977862272,0.0,0.07856256461636602,18.0,0.1800118555799496,-0.1828583948492606,-0.007901771852109492,0.18863404163673925,-0.18378000150126197,-0.008968941819671549,0.19097221299492015,-0.006000500105505437,-0.18266588367446251,0.18509805410227806,0.0017137442803733943,0.0011761839099486636,-0.023454889475905332,0.0017961636277464103,0.0017397431279476195,-0.022502763759569312,0.0017510779609316452,-0.021651825680080262,0.0010818912768991262,0.001694281516964229,0.9999890634610386,1.0003710473953529,0.9999575423919751,0.9996923282559385,1.0004959552029122,1.0004926269294374,0.9995352454615486,1.0005734563975215,1.0005956545285253,1.000080029553439
166,1.3358012604059204,0.23360663591420214,0.0,0.07856256461636606,18.0,0.17829811129957618,-0.18403457875920928,0.01555311762379584,0.18683787800899285,-0.18551974462920962,0.013533821939897802,0.18922113503398852,0.015651325574574826,-0.18374777495136166,0.18340377258531385,-0.001713744280373422,-0.0011761839099486704,0.023454889475905332,-0.0017961636277464034,-0.0017397431279476282,0.02250276375956935,-0.0017510779609316433,0.021651825680080262,-0.001081891276899142,-0.0016942815169642214,1.000042190991605,1.0004205376945732,1.0000031182691576,0.9997959120282043,1.0005966635543417,1.0006144480699246,0.9996572958758596,1.0006937030337508,1.0006602068244494,1.0001493097598577
167,1.3168916581161585,0.2364997097786228,0.0,0.07856256461636606,18.0,0.1800118555799496,-0.1828583948492606,-0.007901771852109492,0.18863404163673925,-0.18378000150126197,-0.00896894181967156,0.19097221299492018,-0.006000500105505402,-0.18266588367446254,0.1850980541022781,0.0017137442803733943,0.0011761839099486636,-0.023454889475905332,0.0017961636277464103,0.0017397431279476318,-0.02250276375956936,0.0017510779609316435,-0.021651825680080228,0.0010818912768991277,0.0016942815169642283,0.9999890634610386,1.0003710473953529,0.9999575423919751,0.9996923282559385,1.0004959552029122,1.0004926269294374,0.9995352454615486,1.0005734563975215,1.0005956545285253,1.000080029553439
168,1.3358012604059204,0.23360663591420214,0.0,0.07856256461636613,18.0,0.17829811129957618,-0.18403457875920928,0.01555311762379584,0.18683787800899285,-0.18551974462920962,0.013533821939897819,0.18922113503398852,0.015651325574574854,-0.1837477749513617,0.18340377258531385,-0.001713744280373422,-0.0011761839099486704,0.023454889475905332,-0.0017961636277464034,-0.0017397431279476312,0.022502763759569378,-0.0017510779609316491,0.021651825680080256,-0.0010818912768991362,-0.0016942815169642324,1.000042190991605,1.0004205376945732,1.0000031182691576,0.9997959120282043,1.0005966635543417,1.0006144480699246,0.9996572958758596,1.0006937030337508,1.0006602068244494,1.0001493097598577
169,1.3168916581161585,0.23649970977862275,0.0,0.07856256461636614,18.0,0.1800118555799496,-0.1828583948492606,-0.007901771852109492,0.18863404163673925,-0.18378000150126197,-0.00896894181967158,0.19097221299492015,-0.006000500105505454,-0.18266588367446254,0.18509805410227806,0.0017137442803733943,0.0011761839099486636,-0.023454889475905332,0.0017961636277464103,0.0017397431279476312,-0.0225027637595694,0.0017510779609316426,-0.021651825680080308,0.0010818912768991345,0.0016942815169642264,0.9999890634610386,1.0003710473953529,0.9999575423919751,0.9996923282559385,1.0004959552029122,1.0004926269294374,0.9995352454615486,1.0005734563975215,1.0005956545285253,1.0000800295534389
170,1.3358012604059204,0.2336066359142021,0.0,0.07856256461636614,18.0,0.17829811129957618,-0.18403457875920928,0.01555311762379584,0.18683787800899285,-0.18551974462920962,0.013533821939897802,0.1892211350339885,0.01565132557457481,-0.1837477749513617,0.18340377258531382,-0.001713744280373422,-0.0011761839099486704,0.023454889475905332,-0.001796163627746409,-0.0017397431279476312,0.02250276375956938,-0.0017510779609316491,0.021651825680080262,-0.0010818912768991403,-0.0016942815169642272,1.000042190991605,1.0004205376945732,1.0000031182691576,0.9997959120282043,1.0005966635543417,1.0006144480699246,0.9996572958758596,1.0006937030337508,1.0006602068244494,1.0001493097598577
171,1.3168916581161585,0.23649970977862278,0.0,0.07856256461636614,18.0,0.1800118555799496,-0.1828583948492606,-0.007901771852109492,0.18863404163673927,-0.18378000150126197,-0.008968941819671594,0.19097221299492015,-0.006000500105505416,-0.18266588367446254,0.18509805410227806,0.0017137442803733943,0.0011761839099486636,-0.023454889475905332,0.0017961636277464149,0.0017397431279476312,-0.022502763759569396,0.001751077960931648,-0.021651825680080224,0.0010818912768991336,0.0016942815169642329,0.9999890634610386,1.0003710473953529,0.9999575423919751,0.9996923282559385,1.0004959552029122,1.0004926269294374,0.9995352454615486,1.0005734563975215,1.0005956545285253,1.0000800295534389
172,1.3358012604059206,0.23360663591420214,0.0,0.07856256461636615,18.0,0.17829811129957618,-0.18403457875920928,0.015553117623795885,0.18683787800899285,-0.18551974462920962,0.013533821939897795,0.18922113503398852,0.015651325574574847,-0.1837477749513617,0.18340377258531385,-0.001713744280373422,-0.0011761839099486704,0.023454889475905377,-0.001796163627746419,-0.0017397431279476312,0.02250276375956939,-0.0017510779609316426,0.021651825680080262,-0.001081891276899135,-0.0016942815169642264,1.000042190991605,1.0004205376945732,1.0000031182691576,0.9997959120282043,1.0005966635543417,1.0006144480699246,0.9996572958758596,1.0006937030337508,1.0006602068244494,1.0001493097598577
173,1.3168916581161585,0.23649970977862272,0.0,0.07856256461636621,18.0,0.1800118555799496,-0.1828583948492606,-0.00790177185210951,0.18863404163673925,-0.18378000150126197,-0.008968941819671556,0.19097221299492018,-0.006000500105505461,-0.18266588367446254,0.1850980541022781,0.0017137442803734,0.0011761839099486636,-0.023454889475905395,0.001796163627746413,0.0017397431279476312,-0.02250276375956935,0.0017510779609316435,-0.021651825680080308,0.0010818912768991347,0.0016942815169642272,0.9999890634610386,1.0003710473953529,0.9999575423919751,0.9996923282559385,1.0004959552029122,1.0004926269294374,0.9995352454615486,1.0005734563975215,1.0005956545285253,1.0000800295534389
174,1.3358012604059206,0.23360663591420214,0.0,0.07856256461636618,18.0,0.17829811129957618,-0.18403457875920928,0.015553117623795867,0.18683787800899285,-0.18551974462920962,0.013533821939897819,0.18922113503398852,0.01565132557457481,-0.1837477749513617,0.18340377258531385,-0.0017137442803734212,-0.001176183909948676,0.023454889475905377,-0.0017961636277464084,-0.0017397431279476312,0.022502763759569375,-0.0017510779609316491,0.02165182568008027,-0.0010818912768991403,-0.0016942815169642329,1.000042190991605,1.0004205376945732,1.0000031182691576,0.9997959120282043,1.0005966635543417,1.0006144480699246,0.9996572958758596,1.0006937030337508,1.0006602068244494,1.0001493097598577
175,1.3168916581161585,0.23649970977862278,0.0,0.07856256461636614,18.0,0.1800118555799496,-0.1828583948492606,-0.007901771852109524,0.18863404163673927,-0.18378000150126197,-0.00896894181967158,0.19097221299492015,-0.006000500105505412,-0.18266588367446254,0.18509805410227806,0.0017137442803734,0.0011761839099486623,-0.02345488947590539,0.0017961636277464149,0.0017397431279476312,-0.0225027637595694,0.0017510779609316426,-0.02165182568008022,0.0010818912768991336,0.0016942815169642264,0.9999890634610386,1.0003710473953529,0.9999575423919751,0.9996923282559385,1.0004959552029122,1.0004926269294374,0.9995352454615486,1.0005734563975215,1.0005956545285253,1.0000800295534389
176,1.3358012604059204,0.23360663591420214,0.0,0.07856256461636615,18.0,0.17829811129957618,-0.18403457875920928,0.015553117623795895,0.18683787800899285,-0.18551974462920962,0.013533821939897802,0.18922113503398852,0.0156513255745748,-0.1837477749513617,0.18340377258531385,-0.0017137442803734212,-0.0011761839099486762,0.02345488947590542,-0.001796163627746419,-0.0017397431279476368,0.02250276375956938,-0.0017510779609316435,0.021651825680080214,-0.001081891276899135,-0.0016942815169642162,1.000042190991605,1.0004205376945732,1.0000031182691576,0.9997959120282043,1.0005966635543417,1.0006144480699246,0.9996572958758596,1.0006937030337508,1.0006602068244494,1.0001493097598577
177,1.3168916581161585,0.23649970977862272,0.0,0.07856256461636613,18.0,0.1800118555799496,-0.1828583948492606,-0.00790177185210951,0.18863404163673925,-0.18378000150126197,-0.00896894181967156,0.19097221299492018,-0.006000500105505426,-0.18266588367446254,0.18509805410227806,0.0017137442803734,0.0011761839099486623,-0.023454889475905405,0.001796163627746413,0.0017397431279476414,-0.02250276375956936,0.0017510779609316435,-0.021651825680080228,0.0010818912768991347,0.0016942815169642184,0.9999890634610386,1.0003710473953529,0.9999575423919751,0.9996923282559385,1.0004959552029122,1.0004926269294374,0.9995352454615486,1.0005734563975215,1.0005956545285253,1.0000800295534389
178,1.3358012604059206,0.23360663591420214,0.0,0.07856256461636615,18.0,0.17829811129957618,-0.18403457875920928,0.015553117623795864,0.18683787800899285,-0.18551974462920962,0.013533821939897819,0.18922113503398852,0.015651325574574836,-0.1837477749513617,0.18340377258531385,-0.0017137442803734212,-0.0011761839099486762,0.023454889475905374,-0.0017961636277464084,-0.001739743127947635,0.022502763759569378,-0.0017510779609316491,0.021651825680080262,-0.0010818912768991349,-0.001694281516964218,1.000042190991605,1.0004205376945732,1.0000031182691576,0.9997959120282043,1.0005966635543417,1.0006144480699246,0.9996572958758596,1.0006937030337508,1.0006602068244494,1.0001493097598577
179,1.3168916581161585,0.23649970977862275,0.0,0.0785625646163662,18.0,0.1800118555799496,-0.1828583948492606,-0.0079017718521095,0.18863404163673927,-0.18378000150126197,-0.00896894181967158,0.19097221299492015,-0.006000500105505433,-0.18266588367446254,0.1850980541022781,0.0017137442803734,0.0011761839099486623,-0.023454889475905363,0.0017961636277464149,0.0017397431279476305,-0.0225027637595694,0.0017510779609316426,-0.02165182568008027,0.0010818912768991347,0.001694281516964229,0.9999890634610386,1.0003710473953529,0.9999575423919751,0.9996923282559385,1.0004959552029122,1.0004926269294374,0.9995352454615486,1.0005734563975215,1.0005956545285253,1.000080029553439
180,1.3358012604059206,0.23360663591420214,0.0,0.07856256461636618,18.0,0.17829811129957618,-0.18403457875920928,0.01555311762379587,0.18683787800899285,-0.18551974462920962,0.013533821939897802,0.18922113503398852,0.015651325574574826,-0.1837477749513617,0.18340377258531385,-0.0017137442803734212,-0.0011761839099486708,0.02345488947590537,-0.001796163627746419,-0.0017397431279476316,0.02250276375956938,-0.0017510779609316435,0.02165182568008026,-0.0010818912768991349,-0.0016942815169642324,1.000042190991605,1.0004205376945732,1.0000031182691576,0.9997959120282043,1.0005966635543417,1.0006144480699246,0.9996572958758596,1.0006937030337508,1.0006602068244494,1.0001493097598577
181,1.3168916581161585,0.23649970977862278,0.0,0.07856256461636614,18.0,0.1800118555799496,-0.1828583948492606,-0.007901771852109524,0.18863404163673925,-0.18378000150126197,-0.008968941819671556,0.19097221299492018,-0.006000500105505437,-0.18266588367446254,0.18509805410227806,0.0017137442803734,0.0011761839099486634,-0.023454889475905395,0.001796163627746413,0.0017397431279476312,-0.022502763759569357,0.0017510779609316435,-0.021651825680080262,0.0010818912768991347,0.0016942815169642264,0.9999890634610386,1.0003710473953529,0.9999575423919751,0.9996923282559385,1.0004959552029122,1.0004926269294374,0.9995352454615486,1.0005734563975215,1.0005956545285253,1.0000800295534389
182,1.3358012604059206,0.23360663591420214,0.0,0.0785625646163662,18.0,0.17829811129957618,-0.18403457875920928,0.015553117623795895,0.18683787800899285,-0.18551974462920962,0.013533821939897822,0.18922113503398852,0.015651325574574826,-0.1837477749513617,0.18340377258531385,-0.0017137442803734212,-0.0011761839099486762,0.02345488947590542,-0.0017961636277464084,-0.0017397431279476312,0.022502763759569378,-0.0017510779609316491,0.021651825680080262,-0.0010818912768991349,-0.0016942815169642218,1.000042190991605,1.0004205376945732,1.0000031182691576,0.9997959120282043,1.0005966635543417,1.0006144480699246,0.9996572958758596,1.0006937030337508,1.0006602068244494,1.0001493097598577
183,1.3168916581161585,0.2364997097786228,0.0,0.07856256461636622,18.0,0.1800118555799496,-0.1828583948492606,-0.00790177185210951,0.18863404163673927,-0.18378000150126197,-0.008968941819671577,0.19097221299492015,-0.006000500105505437,-0.18266588367446254,0.1850980541022781,0.0017137442803734,0.001176183909948668,-0.023454889475905405,0.0017961636277464149,0.0017397431279476423,-0.0225027637595694,0.0017510779609316426,-0.021651825680080262,0.0010818912768991347,0.0016942815169642283,0.9999890634610386,1.0003710473953529,0.9999575423919751,0.9996923282559385,1.0004959552029122,1.0004926269294374,0.9995352454615486,1.0005734563975215,1.0005956545285253,1.000080029553439
184,1.3358012604059206,0.23360663591420214,0.0,0.07856256461636622,18.0,0.17829811129957618,-0.18403457875920928,0.015553117623795909,0.18683787800899285,-0.18551974462920962,0.013533821939897805,0.18922113503398852,0.015651325574574826,-0.1837477749513617,0.18340377258531385,-0.0017137442803734212,-0.0011761839099486754,0.02345488947590542,-0.001796163627746419,-0.0017397431279476347,0.02250276375956938,-0.0017510779609316435,0.021651825680080262,-0.0010818912768991349,-0.0016942815169642324,1.000042190991605,1.0004205376945732,1.0000031182691576,0.9997959120282043,1.0005966635543417,1.0006144480699246,0.9996572958758596,1.0006937030337508,1.0006602068244494,1.0001493097598577
185,1.3168916581161585,0.23649970977862278,0.0,0.07856256461636622,18.0,0.1800118555799496,-0.1828583948492606,-0.007901771852109562,0.18863404163673925,-0.18378000150126197,-0.008968941819671552,0.19097221299492018,-0.006000500105505437,-0.18266588367446254,0.18509805410227806,0.0017137442803734,0.0011761839099486626,-0.02345488947590547,0.001796163627746413,0.0017397431279476416,-0.022502763759569357,0.0017510779609316435,-0.021651825680080262,0.0010818912768991347,0.0016942815169642264,0.9999890634610386,1.0003710473953529,0.9999575423919751,0.9996923282559385,1.0004959552029122,1.0004926269294374,0.9995352454615486,1.0005734563975215,1.0005956545285253,1.0000800295534389
186,1.3358012604059206,0.23360663591420214,0.0,0.0785625646163662,18.0,0.17829811129957618,-0.18403457875920928,0.015553117623795857,0.18683787800899285,-0.18551974462920962,0.013533821939897826,0.18922113503398852,0.015651325574574826,-0.1837477749513617,0.18340377258531385,-0.0017137442803734212,-0.0011761839099486819,0.02345488947590542,-0.0017961636277464084,-0.0017397431279476347,0.022502763759569378,-0.0017510779609316491,0.021651825680080262,-0.0010818912768991349,-0.0016942815169642218,1.000042190991605,1.0004205376945732,1.0000031182691576,0.9997959120282043,1.0005966635543417,1.0006144480699246,0.9996572958758596,1.0006937030337508,1.0006602068244494,1.0001493097598577
187,1.3168916581161585,0.23649970977862275,0.0,0.07856256461636618,18.0,0.1800118555799496,-0.1828583948492606,-0.007901771852109503,0.18863404163673927,-0.18378000150126197,-0.008968941819671577,0.19097221299492015,-0.006000500105505437,-0.18266588367446254,0.1850980541022781,0.0017137442803734,0.001176183909948667,-0.02345488947590536,0.0017961636277464149,0.0017397431279476416,-0.022502763759569402,0.0017510779609316426,-0.021651825680080262,0.0010818912768991347,0.0016942815169642283,0.9999890634610386,1.0003710473953529,0.9999575423919751,0.9996923282559385,1.0004959552029122,1.0004926269294374,0.9995352454615486,1.0005734563975215,1.0005956545285253,1.000080029553439
188,1.3358012604059206,0.23360663591420214,0.0,0.07856256461636618,18.0,0.17829811129957618,-0.18403457875920928,0.015553117623795874,0.18683787800899285,-0.18551974462920962,0.013533821939897805,0.18922113503398852,0.015651325574574826,-0.1837477749513617,0.18340377258531385,-0.0017137442803734212,-0.00117618390994867,0.023454889475905377,-0.001796163627746419,-0.0017397431279476347,0.02250276375956938,-0.0017510779609316435,0.021651825680080262,-0.0010818912768991349,-0.0016942815169642324,1.000042190991605,1.0004205376945732,1.0000031182691576,0.9997959120282043,1.0005966635543417,1.0006144480699246,0.9996572958758596,1.0006937030337508,1.0006602068244494,1.0001493097598577
189,1.3168916581161585,0.23649970977862278,0.0,0.07856256461636614,18.0,0.1800118555799496,-0.1828583948492606,-0.00790177185210952,0.18863404163673925,-0.18378000150126197,-0.008968941819671552,0.19097221299492018,-0.006000500105505437,-0.18266588367446254,0.18509805410227806,0.0017137442803734,0.0011761839099486636,-0.023454889475905395,0.001796163627746413,0.0017397431279476305,-0.022502763759569357,0.0017510779609316435,-0.021651825680080262,0.0010818912768991347,0.0016942815169642264,0.9999890634610386,1.0003710473953529,0.9999575423919751,0.9996923282559385,1.0004959552029122,1.0004926269294374,0.9995352454615486,1.0005734563975215,1.0005956545285253,1.0000800295534389
190,1.3358012604059206,0.23360663591420214,0.0,0.0785625646163662,18.0,0.17829811129957618,-0.18403457875920928,0.015553117623795899,0.18683787800899285,-0.18551974462920962,0.013533821939897826,0.18922113503398852,0.015651325574574826,-0.1837477749513617,0.18340377258531385,-0.0017137442803734212,-0.001176183909948676,0.02345488947590542,-0.0017961636277464084,-0.0017397431279476316,0.022502763759569378,-0.0017510779609316491,0.021651825680080262,-0.0010818912768991349,-0.0016942815169642218,1.000042190991605,1.0004205376945732,1.0000031182691576,0.9997959120282043,1.0005966635543417,1.0006144480699246,0.9996572958758596,1.0006937030337508,1.0006602068244494,1.0001493097598577
191,1.316891658116159,0.2364997097786228,0.0,0.07856256461636629,18.0,0.1800118555799496,-0.1828583948492606,-0.007901771852109572,0.18863404163673927,-0.18378000150126197,-0.008968941819671573,0.19097221299492015,-0.006000500105505437,-0.18266588367446254,0.1850980541022781,0.0017137442803734,0.001176183909948668,-0.02345488947590547,0.0017961636277464149,0.0017397431279476423,-0.0225027637595694,0.0017510779609316426,-0.021651825680080262,0.0010818912768991347,0.0016942815169642283,0.9999890634610386,1.0003710473953529,0.9999575423919751,0.9996923282559385,1.0004959552029122,1.0004926269294374,0.9995352454615486,1.0005734563975215,1.0005956545285253,1.0000800295534389
192,1.3358012604059204,0.23360663591420214,0.0,0.07856256461636622,18.0,0.17829811129957618,-0.18403457875920928,0.015553117623795892,0.18683787800899285,-0.18551974462920962,0.01353382193989777,0.18922113503398852,0.015651325574574826,-0.1837477749513617,0.18340377258531385,-0.0017137442803734212,-0.0011761839099486808,0.023454889475905464,-0.001796163627746419,-0.0017397431279476347,0.022502763759569343,-0.0017510779609316435,0.021651825680080262,-0.0010818912768991349,-0.0016942815169642324,1.000042190991605,1.0004205376945732,1.0000031182691576,0.9997959120282043,1.0005966635543417,1.0006144480699246,0.9996572958758596,1.0006937030337508,1.0006602068244494,1.0001493097598577
193,1.3168916581161585,0.2364997097786228,0.0,0.0785625646163661,18.0,0.1800118555799496,-0.1828583948492606,-0.007901771852109503,0.18863404163673925,-0.18378000150126197,-0.008968941819671538,0.19097221299492018,-0.006000500105505437,-0.18266588367446254,0.18509805410227806,0.0017137442803734056,0.0011761839099486671,-0.023454889475905395,0.001796163627746413,0.0017397431279476305,-0.02250276375956931,0.0017510779609316435,-0.021651825680080262,0.0010818912768991347,0.0016942815169642264,0.9999890634610386,1.0003710473953529,0.9999575423919751,0.9996923282559385,1.0004959552029122,1.0004926269294374,0.9995352454615486,1.0005734563975215,1.0005956545285253,1.0000800295534389
194,1.3358012604059204,0.23360663591420214,0.0,0.07856256461636603,18.0,0.17829811129957618,-0.18403457875920928,0.01555311762379583,0.18683787800899285,-0.18551974462920962,0.013533821939897767,0.18922113503398852,0.015651325574574826,-0.1837477749513617,0.18340377258531385,-0.0017137442803734201,-0.0011761839099486697,0.023454889475905332,-0.0017961636277464084,-0.0017397431279476316,0.022502763759569305,-0.0017510779609316491,0.021651825680080262,-0.0010818912768991349,-0.0016942815169642218,1.000042190991605,1.0004205376945732,1.0000031182691576,0.9997959120282043,1.0005966635543417,1.0006144480699246,0.9996572958758596,1.0006937030337508,1.0006602068244494,1.0001493097598577
195,1.3168916581161585,0.23649970977862272,0.0,0.07856256461636604,18.0,0.1800118555799496,-0.1828583948492606,-0.007901771852109496,0.18863404163673925,-0.18378000150126197,-0.008968941819671552,0.19097221299492015,-0.0060005001055054435,-0.18266588367446254,0.1850980541022781,0.0017137442803733948,0.0011761839099486639,-0.023454889475905325,0.0017961636277464095,0.0017397431279476312,-0.02250276375956932,0.0017510779609316426,-0.02165182568008027,0.0010818912768991347,0.0016942815169642283,0.9999890634610386,1.0003710473953529,0.9999575423919751,0.9996923282559385,1.0004959552029122,1.0004926269294374,0.9995352454615486,1.0005734563975215,1.0005956545285253,1.0000800295534389
196,1.3358012604059204,0.23360663591420214,0.0,0.07856256461636608,18.0,0.17829811129957618,-0.18403457875920928,0.01555311762379584,0.18683787800899285,-0.18551974462920962,0.013533821939897795,0.18922113503398852,0.015651325574574822,-0.1837477749513617,0.18340377258531385,-0.001713744280373422,-0.0011761839099486704,0.023454889475905336,-0.0017961636277464034,-0.0017397431279476312,0.022502763759569347,-0.0017510779609316435,0.021651825680080266,-0.0010818912768991349,-0.0016942815169642324,1.000042190991605,1.0004205376945732,1.0000031182691576,0.9997959120282043,1.0005966635543417,1.0006144480699246,0.9996572958758596,1.0006937030337508,1.0006602068244494,1.0001493097598577
197,1.3168916581161585,0.23649970977862272,0.0,0.07856256461636608,18.0,0.1800118555799496,-0.1828583948492606,-0.007901771852109492,0.18863404163673925,-0.18378000150126197,-0.008968941819671566,0.19097221299492018,-0.006000500105505437,-0.18266588367446254,0.18509805410227806,0.0017137442803733943,0.0011761839099486636,-0.023454889475905332,0.0017961636277464103,0.0017397431279476312,-0.02250276375956936,0.0017510779609316435,-0.02165182568008026,0.0010818912768991347,0.0016942815169642264,0.9999890634610386,1.0003710473953529,0.9999575423919751,0.9996923282559385,1.0004959552029122,1.0004926269294374,0.9995352454615486,1.0005734563975215,1.0005956545285253,1.0000800295534389
198,1.3358012604059204,0.23360663591420214,0.0,0.07856256461636611,18.0,0.17829811129957618,-0.18403457875920928,0.01555311762379584,0.18683787800899285,-0.18551974462920962,0.013533821939897812,0.18922113503398852,0.015651325574574826,-0.1837477749513617,0.18340377258531385,-0.001713744280373422,-0.0011761839099486704,0.023454889475905332,-0.0017961636277464034,-0.0017397431279476312,0.022502763759569378,-0.0017510779609316491,0.021651825680080262,-0.0010818912768991349,-0.0016942815169642218,1.000042190991605,1.0004205376945732,1.0000031182691576,0.9997959120282043,1.0005966635543417,1.0006144480699246,0.9996572958758596,1.0006937030337508,1.0006602068244494,1.0001493097598577
199,1.3168916581161585,0.23649970977862272,0.0,0.07856256461636608,18.0,0.1800118555799496,-0.1828583948492606,-0.007901771852109492,0.18863404163673925,-0.18378000150126197,-0.008968941819671549,0.19097221299492015,-0.006000500105505437,-0.18266588367446254,0.1850980541022781,0.0017137442803733943,0.0011761839099486636,-0.023454889475905332,0.0017961636277464103,0.0017397431279476312,-0.02250276375956936,0.0017510779609316426,-0.021651825680080262,0.0010818912768991347,0.0016942815169642283,0.9999890634610386,1.0003710473953529,0.9999575423919751,0.9996923282559385,1.0004959552029122,1.0004926269294374,0.9995352454615486,1.0005734563975215,1.0005956545285253,1.000080029553439
200,1.3358012604059204,0.23360663591420214,0.0,0.07856256461636607,18.0,0.17829811129957618,-0.18403457875920928,0.01555311762379584,0.18683787800899285,-0.18551974462920962,0.013533821939897798,0.18922113503398852,0.015651325574574826,-0.1837477749513617,0.18340377258531385,-0.001713744280373422,-0.0011761839099486704,0.023454889475905332,-0.0017961636277464034,-0.0017397431279476312,0.022502763759569347,-0.0017510779609316435,0.021651825680080262,-0.0010818912768991349,-0.0016942815169642324,1.000042190991605,1.0004205376945732,1.0000031182691576,0.9997959120282043,1.0005966635543417,1.0006144480699246,0.9996572958758596,1.0006937030337508,1.0006602068244494,1.0001493097598577
201,1.3168916581161585,0.23649970977862272,0.0,0.07856256461636608,18.0,0.1800118555799496,-0.1828583948492606,-0.007901771852109492,0.18863404163673925,-0.18378000150126197,-0.008968941819671563,0.19097221299492018,-0.006000500105505437,-0.18266588367446254,0.18509805410227806,0.0017137442803733943,0.0011761839099486636,-0.023454889475905332,0.0017961636277464103,0.0017397431279476312,-0.02250276375956936,0.0017510779609316435,-0.021651825680080262,0.0010818912768991347,0.0016942815169642264,0.9999890634610386,1.0003710473953529,0.9999575423919751,0.9996923282559385,1.0004959552029122,1.0004926269294374,0.9995352454615486,1.0005734563975215,1.0005956545285253,1.0000800295534389
202,1.3358012604059204,0.23360663591420214,0.0,0.07856256461636611,18.0,0.17829811129957618,-0.18403457875920928,0.01555311762379584,0.18683787800899285,-0.18551974462920962,0.013533821939897816,0.18922113503398852,0.015651325574574826,-0.1837477749513617,0.18340377258531385,-0.001713744280373422,-0.0011761839099486704,0.023454889475905332,-0.0017961636277464034,-0.0017397431279476312,0.022502763759569378,-0.0017510779609316491,0.021651825680080262,-0.0010818912768991349,-0.0016942815169642218,1.000042190991605,1.0004205376945732,1.0000031182691576,0.9997959120282043,1.0005966635543417,1.0006144480699246,0.9996572958758596,1.0006937030337508,1.0006602068244494,1.0001493097598577
203,1.3168916581161585,0.23649970977862278,0.0,0.07856256461636613,18.0,0.1800118555799496,-0.1828583948492606,-0.007901771852109492,0.18863404163673925,-0.18378000150126197,-0.008968941819671583,0.19097221299492015,-0.006000500105505437,-0.18266588367446254,0.1850980541022781,0.0017137442803733943,0.0011761839099486636,-0.023454889475905332,0.0017961636277464103,0.0017397431279476312,-0.0225027637595694,0.0017510779609316426,-0.021651825680080262,0.0010818912768991347,0.0016942815169642283,0.9999890634610386,1.0003710473953529,0.9999575423919751,0.9996923282559385,1.0004959552029122,1.0004926269294374,0.9995352454615486,1.0005734563975215,1.0005956545285253,1.000080029553439
204,1.3358012604059204,0.23360663591420214,0.0,0.07856256461636611,18.0,0.17829811129957618,-0.18403457875920928,0.01555311762379584,0.18683787800899285,-0.18551974462920962,0.013533821939897798,0.18922113503398852,0.015651325574574826,-0.1837477749513617,0.18340377258531385,-0.001713744280373422,-0.0011761839099486704,0.023454889475905332,-0.001796163627746409,-0.0017397431279476312,0.02250276375956938,-0.0017510779609316435,0.021651825680080262,-0.0010818912768991349,-0.0016942815169642324,1.000042190991605,1.0004205376945732,1.0000031182691576,0.9997959120282043,1.0005966635543417,1.0006144480699246,0.9996572958758596,1.0006937030337508,1.0006602068244494,1.0001493097598577
205,1.3168916581161585,0.2364997097786228,0.0,0.07856256461636611,18.0,0.1800118555799496,-0.1828583948492606,-0.007901771852109492,0.18863404163673927,-0.18378000150126197,-0.00896894181967156,0.19097221299492018,-0.006000500105505437,-0.18266588367446254,0.18509805410227806,0.0017137442803733943,0.0011761839099486636,-0.023454889475905332,0.0017961636277464149,0.0017397431279476312,-0.022502763759569357,0.0017510779609316435,-0.021651825680080262,0.0010818912768991347,0.0016942815169642264,0.9999890634610386,1.0003710473953529,0.9999575423919751,0.9996923282559385,1.0004959552029122,1.0004926269294374,0.9995352454615486,1.0005734563975215,1.0005956545285253,1.0000800295534389
206,1.3358012604059206,0.23360663591420214,0.0,0.07856256461636618,18.0,0.17829811129957618,-0.18403457875920928,0.015553117623795885,0.18683787800899285,-0.18551974462920962,0.013533821939897819,0.18922113503398852,0.015651325574574826,-0.1837477749513617,0.18340377258531385,-0.001713744280373422,-0.0011761839099486704,0.023454889475905377,-0.001796163627746419,-0.0017397431279476312,0.022502763759569378,-0.0017510779609316491,0.021651825680080262,-0.0010818912768991349,-0.0016942815169642218,1.000042190991605,1.0004205376945732,1.0000031182691576,0.9997959120282043,1.0005966635543417,1.0006144480699246,0.9996572958758596,1.0006937030337508,1.0006602068244494,1.0001493097598577
207,1.3168916581161585,0.23649970977862278,0.0,0.07856256461636618,18.0,0.1800118555799496,-0.1828583948492606,-0.00790177185210951,0.18863404163673925,-0.18378000150126197,-0.00896894181967158,0.19097221299492015,-0.006000500105505437,-0.18266588367446254,0.1850980541022781,0.0017137442803734,0.0011761839099486636,-0.023454889475905395,0.001796163627746413,0.0017397431279476312,-0.0225027637595694,0.0017510779609316426,-0.021651825680080262,0.0010818912768991347,0.0016942815169642283,0.9999890634610386,1.0003710473953529,0.9999575423919751,0.9996923282559385,1.0004959552029122,1.0004926269294374,0.9995352454615486,1.0005734563975215,1.0005956545285253,1.000080029553439
208,1.3358012604059206,0.23360663591420214,0.0,0.07856256461636615,18.0,0.17829811129957618,-0.18403457875920928,0.015553117623795867,0.18683787800899285,-0.18551974462920962,0.013533821939897802,0.18922113503398852,0.015651325574574826,-0.1837477749513617,0.18340377258531385,-0.0017137442803734212,-0.001176183909948676,0.023454889475905377,-0.0017961636277464084,-0.0017397431279476368,0.02250276375956938,-0.0017510779609316435,0.021651825680080262,-0.0010818912768991349,-0.0016942815169642324,1.000042190991605,1.0004205376945732,1.0000031182691576,0.9997959120282043,1.0005966635543417,1.0006144480699246,0.9996572958758596,1.0006937030337508,1.0006602068244494,1.0001493097598577
209,1.3168916581161585,0.23649970977862275,0.0,0.07856256461636617,18.0,0.1800118555799496,-0.1828583948492606,-0.007901771852109524,0.18863404163673927,-0.18378000150126197,-0.008968941819671556,0.19097221299492018,-0.006000500105505437,-0.18266588367446254,0.18509805410227806,0.0017137442803734,0.0011761839099486623,-0.02345488947590539,0.0017961636277464149,0.0017397431279476414,-0.022502763759569357,0.0017510779609316435,-0.021651825680080262,0.0010818912768991347,0.0016942815169642264,0.9999890634610386,1.0003710473953529,0.9999575423919751,0.9996923282559385,1.0004959552029122,1.0004926269294374,0.9995352454615486,1.0005734563975215,1.0005956545285253,1.0000800295534389
210,1.3358012604059206,0.23360663591420214,0.0,0.07856256461636622,18.0,0.17829811129957618,-0.18403457875920928,0.015553117623795895,0.18683787800899285,-0.18551974462920962,0.013533821939897822,0.18922113503398852,0.015651325574574826,-0.1837477749513617,0.18340377258531385,-0.0017137442803734212,-0.0011761839099486762,0.02345488947590542,-0.001796163627746419,-0.001739743127947635,0.022502763759569378,-0.0017510779609316491,0.021651825680080262,-0.0010818912768991349,-0.0016942815169642218,1.000042190991605,1.0004205376945732,1.0000031182691576,0.9997959120282043,1.0005966635543417,1.0006144480699246,0.9996572958758596,1.0006937030337508,1.0006602068244494,1.0001493097598577
211,1.3168916581161585,0.23649970977862278,0.0,0.0785625646163662,18.0,0.1800118555799496,-0.1828583948492606,-0.00790177185210951,0.18863404163673925,-0.18378000150126197,-0.008968941819671577,0.19097221299492015,-0.006000500105505437,-0.18266588367446254,0.1850980541022781,0.0017137442803734,0.0011761839099486623,-0.023454889475905405,0.001796163627746413,0.0017397431279476416,-0.0225027637595694,0.0017510779609316426,-0.021651825680080262,0.0010818912768991347,0.0016942815169642283,0.9999890634610386,1.0003710473953529,0.9999575423919751,0.9996923282559385,1.0004959552029122,1.0004926269294374,0.9995352454615486,1.0005734563975215,1.0005956545285253,1.000080029553439
212,1.3358012604059206,0.23360663591420214,0.0,0.07856256461636615,18.0,0.17829811129957618,-0.18403457875920928,0.015553117623795864,0.18683787800899285,-0.18551974462920962,0.013533821939897805,0.18922113503398852,0.015651325574574826,-0.1837477749513617,0.18340377258531385,-0.0017137442803734212,-0.0011761839099486762,0.023454889475905374,-0.0017961636277464084,-0.0017397431279476347,0.02250276375956938,-0.0017510779609316435,0.021651825680080262,-0.0010818912768991349,-0.0016942815169642324,1.000042190991605,1.0004205376945732,1.0000031182691576,0.9997959120282043,1.0005966635543417,1.0006144480699246,0.9996572958758596,1.0006937030337508,1.0006602068244494,1.0001493097598577
213,1.3168916581161585,0.2364997097786228,0.0,0.07856256461636614,18.0,0.1800118555799496,-0.1828583948492606,-0.0079017718521095,0.18863404163673927,-0.18378000150126197,-0.008968941819671552,0.19097221299492018,-0.006000500105505437,-0.18266588367446254,0.18509805410227806,0.0017137442803734,0.0011761839099486623,-0.023454889475905363,0.0017961636277464149,0.0017397431279476305,-0.022502763759569357,0.0017510779609316435,-0.021651825680080262,0.0010818912768991347,0.0016942815169642264,0.9999890634610386,1.0003710473953529,0.9999575423919751,0.9996923282559385,1.0004959552029122,1.0004926269294374,0.9995352454615486,1.0005734563975215,1.0005956545285253,1.0000800295534389
214,1.3358012604059206,0.23360663591420214,0.0,0.07856256461636618,18.0,0.17829811129957618,-0.18403457875920928,0.015553117623795878,0.18683787800899285,-0.18551974462920962,0.013533821939897826,0.18922113503398852,0.015651325574574826,-0.1837477749513617,0.18340377258531385,-0.0017137442803734212,-0.0011761839099486708,0.023454889475905377,-0.001796163627746419,-0.0017397431279476316,0.022502763759569378,-0.0017510779609316491,0.021651825680080262,-0.0010818912768991349,-0.0016942815169642218,1.000042190991605,1.0004205376945732,1.0000031182691576,0.9997959120282043,1.0005966635543417,1.0006144480699246,0.9996572958758596,1.0006937030337508,1.0006602068244494,1.0001493097598577
215,1.3168916581161585,0.23649970977862278,0.0,0.07856256461636618,18.0,0.1800118555799496,-0.1828583948492606,-0.007901771852109517,0.18863404163673925,-0.18378000150126197,-0.008968941819671573,0.19097221299492015,-0.006000500105505437,-0.18266588367446254,0.1850980541022781,0.0017137442803734,0.0011761839099486634,-0.023454889475905395,0.001796163627746413,0.0017397431279476312,-0.0225027637595694,0.0017510779609316426,-0.021651825680080262,0.0010818912768991347,0.0016942815169642283,0.9999890634610386,1.0003710473953529,0.9999575423919751,0.9996923282559385,1.0004959552029122,1.0004926269294374,0.9995352454615486,1.0005734563975215,1.0005956545285253,1.000080029553439
216,1.3358012604059204,0.23360663591420214,0.0,0.07856256461636615,18.0,0.17829811129957618,-0.18403457875920928,0.015553117623795902,0.18683787800899285,-0.18551974462920962,0.01353382193989777,0.18922113503398852,0.015651325574574826,-0.1837477749513617,0.18340377258531385,-0.0017137442803734212,-0.0011761839099486762,0.02345488947590542,-0.0017961636277464084,-0.0017397431279476368,0.022502763759569343,-0.0017510779609316435,0.021651825680080262,-0.0010818912768991349,-0.0016942815169642324,1.000042190991605,1.0004205376945732,1.0000031182691576,0.9997959120282043,1.0005966635543417,1.0006144480699246,0.9996572958758596,1.0006937030337508,1.0006602068244494,1.0001493097598577
217,1.3168916581161587,0.23649970977862278,0.0,0.07856256461636621,18.0,0.1800118555799496,-0.1828583948492606,-0.007901771852109569,0.18863404163673927,-0.18378000150126197,-0.008968941819671538,0.19097221299492018,-0.006000500105505437,-0.18266588367446254,0.18509805410227806,0.0017137442803734,0.001176183909948668,-0.02345488947590547,0.0017961636277464149,0.0017397431279476301,-0.02250276375956931,0.0017510779609316435,-0.021651825680080262,0.0010818912768991347,0.0016942815169642264,0.9999890634610386,1.0003710473953529,0.9999575423919751,0.9996923282559385,1.0004959552029122,1.0004926269294374,0.9995352454615486,1.0005734563975215,1.0005956545285253,1.0000800295534389
218,1.3358012604059204,0.23360663591420214,0.0,0.0785625646163662,18.0,0.17829811129957618,-0.18403457875920928,0.015553117623795895,0.18683787800899285,-0.18551974462920962,0.013533821939897767,0.18922113503398852,0.015651325574574826,-0.1837477749513617,0.18340377258531385,-0.0017137442803734212,-0.0011761839099486808,0.023454889475905464,-0.001796163627746419,-0.001739743127947637,0.022502763759569305,-0.0017510779609316491,0.021651825680080262,-0.0010818912768991349,-0.0016942815169642218,1.000042190991605,1.0004205376945732,1.0000031182691576,0.9997959120282043,1.0005966635543417,1.0006144480699246,0.9996572958758596,1.0006937030337508,1.0006602068244494,1.0001493097598577
219,1.3168916581161585,0.23649970977862278,0.0,0.07856256461636611,18.0,0.1800118555799496,-0.1828583948492606,-0.0079017718521095,0.18863404163673925,-0.18378000150126197,-0.008968941819671545,0.19097221299492015,-0.0060005001055054435,-0.18266588367446254,0.1850980541022781,0.0017137442803734056,0.0011761839099486671,-0.023454889475905395,0.001796163627746413,0.0017397431279476301,-0.022502763759569312,0.0017510779609316426,-0.02165182568008027,0.0010818912768991347,0.0016942815169642283,0.9999890634610386,1.0003710473953529,0.9999575423919751,0.9996923282559385,1.0004959552029122,1.0004926269294374,0.9995352454615486,1.0005734563975215,1.0005956545285253,1.0000800295534389
220,1.3358012604059204,0.23360663591420214,0.0,0.078562564616366,18.0,0.17829811129957618,-0.18403457875920928,0.015553117623795833,0.18683787800899285,-0.18551974462920962,0.013533821939897729,0.18922113503398852,0.015651325574574822,-0.1837477749513617,0.18340377258531385,-0.0017137442803734201,-0.0011761839099486697,0.023454889475905332,-0.0017961636277464084,-0.0017397431279476316,0.022502763759569274,-0.0017510779609316435,0.021651825680080266,-0.0010818912768991349,-0.0016942815169642324,1.000042190991605,1.0004205376945732,1.0000031182691576,0.9997959120282043,1.0005966635543417,1.0006144480699246,0.9996572958758596,1.0006937030337508,1.0006602068244494,1.0001493097598577
221,1.3168916581161585,0.23649970977862278,0.0,0.07856256461636592,18.0,0.1800118555799496,-0.1828583948492606,-0.007901771852109492,0.18863404163673925,-0.183780001501262,-0.0089689418196715,0.19097221299492018,-0.0060005001055054435,-0.18266588367446254,0.18509805410227806,0.0017137442803733948,0.0011761839099486639,-0.023454889475905325,0.0017961636277464095,0.0017397431279476258,-0.02250276375956923,0.0017510779609316435,-0.021651825680080266,0.0010818912768991347,0.0016942815169642264,0.9999890634610386,1.0003710473953529,0.9999575423919751,0.9996923282559385,1.0004959552029122,1.0004926269294374,0.9995352454615486,1.0005734563975215,1.0005956545285253,1.0000800295534389
222,1.3358012604059204,0.23360663591420214,0.0,0.07856256461636597,18.0,0.17829811129957618,-0.18403457875920928,0.015553117623795843,0.18683787800899285,-0.18551974462920962,0.013533821939897767,0.18922113503398852,0.015651325574574822,-0.1837477749513617,0.18340377258531385,-0.001713744280373422,-0.0011761839099486704,0.023454889475905336,-0.0017961636277464034,-0.0017397431279476212,0.022502763759569267,-0.0017510779609316435,0.021651825680080266,-0.0010818912768991349,-0.0016942815169642218,1.000042190991605,1.0004205376945732,1.0000031182691576,0.9997959120282043,1.0005966635543417,1.0006144480699246,0.9996572958758596,1.0006937030337508,1.0006602068244494,1.0001493097598577
223,1.3168916581161585,0.2364997097786228,0.0,0.07856256461636607,18.0,0.1800118555799496,-0.1828583948492606,-0.00790177185210952,0.18863404163673925,-0.183780001501262,-0.008968941819671552,0.19097221299492018,-0.006000500105505437,-0.18266588367446254,0.1850980541022781,0.0017137442803733943,0.0011761839099486636,-0.023454889475905363,0.0017961636277464103,0.0017397431279476223,-0.02250276375956932,0.0017510779609316435,-0.02165182568008026,0.0010818912768991347,0.0016942815169642283,0.9999890634610386,1.0003710473953529,0.9999575423919751,0.9996923282559385,1.0004959552029122,1.0004926269294374,0.9995352454615486,1.0005734563975215,1.0005956545285253,1.000080029553439
224,1.3358012604059206,0.2336066359142022,0.0,0.07856256461636618,18.0,0.17829811129957618,-0.18403457875920928,0.015553117623795899,0.18683787800899285,-0.18551974462920964,0.013533821939897795,0.18922113503398852,0.015651325574574826,-0.1837477749513617,0.18340377258531385,-0.001713744280373422,-0.001176183909948676,0.02345488947590542,-0.0017961636277464034,-0.0017397431279476275,0.022502763759569347,-0.0017510779609316491,0.021651825680080262,-0.0010818912768991349,-0.0016942815169642324,1.000042190991605,1.0004205376945732,1.0000031182691576,0.9997959120282043,1.0005966635543417,1.0006144480699246,0.9996572958758596,1.0006937030337508,1.0006602068244494,1.0001493097598577
225,1.3168916581161587,0.23649970977862278,0.0,0.07856256461636622,18.0,0.1800118555799496,-0.1828583948492606,-0.007901771852109572,0.18863404163673927,-0.183780001501262,-0.00896894181967156,0.19097221299492015,-0.0060005001055054435,-0.18266588367446254,0.18509805410227806,0.0017137442803734,0.001176183909948668,-0.02345488947590547,0.001796163627746416,0.001739743127947638,-0.022502763759569354,0.0017510779609316426,-0.02165182568008027,0.0010818912768991347,0.0016942815169642264,0.9999890634610386,1.0003710473953529,0.9999575423919751,0.9996923282559385,1.0004959552029122,1.0004926269294374,0.9995352454615486,1.0005734563975215,1.0005956545285253,1.0000800295534389
226,1.3358012604059204,0.23360663591420217,0.0,0.0785625646163662,18.0,0.17829811129957618,-0.18403457875920928,0.015553117623795892,0.18683787800899285,-0.18551974462920964,0.013533821939897746,0.18922113503398852,0.015651325574574822,-0.1837477749513617,0.18340377258531382,-0.0017137442803734212,-0.0011761839099486808,0.023454889475905464,-0.001796163627746419,-0.0017397431279476301,0.022502763759569305,-0.0017510779609316435,0.021651825680080266,-0.0010818912768991349,-0.0016942815169642272,1.000042190991605,1.0004205376945732,1.0000031182691576,0.9997959120282043,1.0005966635543417,1.0006144480699246,0.9996572958758596,1.0006937030337508,1.0006602068244494,1.0001493097598577
227,1.3168916581161587,0.23649970977862278,0.0,0.07856256461636613,18.0,0.1800118555799496,-0.1828583948492606,-0.007901771852109503,0.18863404163673925,-0.183780001501262,-0.008968941819671566,0.19097221299492018,-0.0060005001055054435,-0.18266588367446254,0.18509805410227806,0.0017137442803734056,0.0011761839099486671,-0.023454889475905395,0.001796163627746413,0.001739743127947637,-0.022502763759569312,0.0017510779609316435,-0.021651825680080266,0.0010818912768991347,0.0016942815169642329,0.9999890634610386,1.0003710473953529,0.9999575423919751,0.9996923282559385,1.0004959552029122,1.0004926269294374,0.9995352454615486,1.0005734563975215,1.0005956545285253,1.0000800295534389
228,1.3358012604059204,0.23360663591420214,0.0,0.07856256461636606,18.0,0.17829811129957618,-0.18403457875920928,0.01555311762379583,0.18683787800899285,-0.18551974462920962,0.013533821939897784,0.18922113503398852,0.015651325574574822,-0.1837477749513617,0.18340377258531385,-0.0017137442803734201,-0.0011761839099486697,0.023454889475905332,-0.0017961636277464084,-0.0017397431279476247,0.02250276375956935,-0.0017510779609316491,0.021651825680080266,-0.0010818912768991349,-0.0016942815169642264,1.000042190991605,1.0004205376945732,1.0000031182691576,0.9997959120282043,1.0005966635543417,1.0006144480699246,0.9996572958758596,1.0006937030337508,1.0006602068244494,1.0001493097598577
229,1.3168916581161585,0.23649970977862278,0.0,0.07856256461636603,18.0,0.1800118555799496,-0.1828583948492606,-0.007901771852109496,0.18863404163673925,-0.18378000150126197,-0.008968941819671531,0.19097221299492015,-0.006000500105505437,-0.18266588367446254,0.1850980541022781,0.0017137442803733948,0.0011761839099486639,-0.023454889475905325,0.0017961636277464095,0.0017397431279476327,-0.022502763759569316,0.0017510779609316426,-0.02165182568008026,0.0010818912768991347,0.0016942815169642272,0.9999890634610386,1.0003710473953529,0.9999575423919751,0.9996923282559385,1.0004959552029122,1.0004926269294374,0.9995352454615486,1.0005734563975215,1.0005956545285253,1.000080029553439
230,1.3358012604059204,0.23360663591420214,0.0,0.078562564616366,18.0,0.17829811129957618,-0.18403457875920928,0.015553117623795843,0.18683787800899285,-0.18551974462920962,0.01353382193989774,0.18922113503398852,0.015651325574574826,-0.1837477749513617,0.18340377258531385,-0.001713744280373422,-0.0011761839099486704,0.02345488947590534,-0.0017961636277464034,-0.001739743127947631,0.02250276375956927,-0.0017510779609316435,0.021651825680080262,-0.0010818912768991349,-0.0016942815169642329,1.000042190991605,1.0004205376945732,1.0000031182691576,0.9997959120282043,1.0005966635543417,1.0006144480699246,0.9996572958758596,1.0006937030337508,1.0006602068244494,1.0001493097598577
231,1.3168916581161585,0.23649970977862275,0.0,0.07856256461636604,18.0,0.1800118555799496,-0.1828583948492606,-0.00790177185210952,0.18863404163673925,-0.18378000150126197,-0.008968941819671566,0.19097221299492015,-0.0060005001055054435,-0.18266588367446254,0.18509805410227806,0.0017137442803733943,0.0011761839099486636,-0.023454889475905363,0.0017961636277464103,0.0017397431279476316,-0.022502763759569305,0.001751077960931638,-0.02165182568008027,0.0010818912768991347,0.0016942815169642264,0.9999890634610386,1.0003710473953529,0.9999575423919751,0.9996923282559385,1.0004959552029122,1.0004926269294374,0.9995352454615486,1.0005734563975215,1.0005956545285253,1.0000800295534389
232,1.3358012604059204,0.2336066359142021,0.0,0.0785625646163662,18.0,0.17829811129957618,-0.18403457875920928,0.015553117623795899,0.18683787800899285,-0.18551974462920962,0.013533821939897784,0.1892211350339885,0.015651325574574822,-0.1837477749513617,0.18340377258531382,-0.001713744280373422,-0.001176183909948676,0.02345488947590542,-0.0017961636277464034,-0.0017397431279476312,0.02250276375956935,-0.0017510779609316446,0.021651825680080266,-0.0010818912768991349,-0.0016942815169642272,1.000042190991605,1.0004205376945732,1.0000031182691576,0.9997959120282043,1.0005966635543417,1.0006144480699246,0.9996572958758596,1.0006937030337508,1.0006602068244494,1.0001493097598577
233,1.3168916581161587,0.23649970977862278,0.0,0.07856256461636626,18.0,0.1800118555799496,-0.1828583948492606,-0.007901771852109572,0.18863404163673927,-0.18378000150126197,-0.008968941819671531,0.19097221299492015,-0.006000500105505471,-0.18266588367446254,0.18509805410227806,0.0017137442803734,0.001176183909948668,-0.02345488947590547,0.001796163627746416,0.0017397431279476312,-0.022502763759569316,0.0017510779609316487,-0.021651825680080294,0.0010818912768991347,0.0016942815169642329,0.9999890634610386,1.0003710473953529,0.9999575423919751,0.9996923282559385,1.0004959552029122,1.0004926269294374,0.9995352454615486,1.0005734563975215,1.0005956545285253,1.0000800295534389
234,1.3358012604059204,0.23360663591420214,0.0,0.07856256461636617,18.0,0.17829811129957618,-0.18403457875920928,0.015553117623795892,0.18683787800899285,-0.18551974462920962,0.013533821939897732,0.18922113503398852,0.015651325574574843,-0.1837477749513617,0.18340377258531385,-0.0017137442803734212,-0.0011761839099486808,0.023454889475905464,-0.001796163627746419,-0.0017397431279476368,0.022502763759569264,-0.0017510779609316426,0.021651825680080315,-0.0010818912768991349,-0.0016942815169642264,1.000042190991605,1.0004205376945732,1.0000031182691576,0.9997959120282043,1.0005966635543417,1.0006144480699246,0.9996572958758596,1.0006937030337508,1.0006602068244494,1.0001493097598577
235,1.3168916581161585,0.23649970977862272,0.0,0.07856256461636615,18.0,0.1800118555799496,-0.1828583948492606,-0.007901771852109503,0.18863404163673925,-0.18378000150126197,-0.008968941819671573,0.19097221299492018,-0.006000500105505457,-0.18266588367446254,0.1850980541022781,0.0017137442803734056,0.0011761839099486671,-0.023454889475905395,0.001796163627746413,0.0017397431279476301,-0.022502763759569305,0.0017510779609316435,-0.0216518256800803,0.0010818912768991403,0.0016942815169642272,0.9999890634610386,1.0003710473953529,0.9999575423919751,0.9996923282559385,1.0004959552029122,1.0004926269294374,0.9995352454615486,1.0005734563975215,1.0005956545285253,1.0000800295534389
236,1.3358012604059204,0.23360663591420214,0.0,0.07856256461636615,18.0,0.17829811129957618,-0.18403457875920928,0.01555311762379583,0.18683787800899285,-0.18551974462920962,0.013533821939897812,0.18922113503398852,0.015651325574574812,-0.1837477749513617,0.18340377258531385,-0.0017137442803734201,-0.0011761839099486697,0.023454889475905332,-0.0017961636277464084,-0.0017397431279476316,0.022502763759569385,-0.0017510779609316491,0.02165182568008027,-0.0010818912768991392,-0.0016942815169642329,1.000042190991605,1.0004205376945732,1.0000031182691576,0.9997959120282043,1.0005966635543417,1.0006144480699246,0.9996572958758596,1.0006937030337508,1.0006602068244494,1.0001493097598577
237,1.3168916581161585,0.23649970977862278,0.0,0.07856256461636607,18.0,0.1800118555799496,-0.1828583948492606,-0.007901771852109496,0.18863404163673927,-0.18378000150126197,-0.008968941819671545,0.19097221299492015,-0.0060005001055054435,-0.18266588367446254,0.18509805410227806,0.0017137442803733948,0.0011761839099486639,-0.023454889475905325,0.0017961636277464149,0.0017397431279476312,-0.022502763759569357,0.0017510779609316426,-0.021651825680080256,0.001081891276899134,0.0016942815169642264,0.9999890634610386,1.0003710473953529,0.9999575423919751,0.9996923282559385,1.0004959552029122,1.0004926269294374,0.9995352454615486,1.0005734563975215,1.0005956545285253,1.0000800295534389
238,1.3358012604059204,0.23360663591420214,0.0,0.07856256461636607,18.0,0.17829811129957618,-0.18403457875920928,0.015553117623795881,0.18683787800899285,-0.18551974462920962,0.013533821939897722,0.18922113503398852,0.015651325574574826,-0.1837477749513617,0.18340377258531382,-0.001713744280373422,-0.0011761839099486704,0.023454889475905377,-0.001796163627746419,-0.0017397431279476312,0.022502763759569267,-0.0017510779609316435,0.02165182568008027,-0.001081891276899135,-0.0016942815169642272,1.000042190991605,1.0004205376945732,1.0000031182691576,0.9997959120282043,1.0005966635543417,1.0006144480699246,0.9996572958758596,1.0006937030337508,1.0006602068244494,1.0001493097598577
239,1.3168916581161585,0.23649970977862278,0.0,0.078562564616366,18.0,0.1800118555799496,-0.1828583948492606,-0.00790177185210952,0.18863404163673925,-0.183780001501262,-0.00896894181967151,0.19097221299492015,-0.00600050010550544,-0.18266588367446254,0.18509805410227806,0.0017137442803734,0.0011761839099486636,-0.0234548894759054,0.0017961636277464073,0.0017397431279476258,-0.022502763759569232,0.001751077960931638,-0.021651825680080266,0.0010818912768991347,0.0016942815169642329,0.9999890634610386,1.0003710473953529,0.9999575423919751,0.9996923282559385,1.0004959552029122,1.0004926269294374,0.9995352454615486,1.0005734563975215,1.0005956545285253,1.0000800295534389
240,1.3358012604059204,0.23360663591420214,0.0,0.07856256461636603,18.0,0.17829811129957618,-0.18403457875920928,0.015553117623795899,0.18683787800899285,-0.18551974462920962,0.013533821939897753,0.18922113503398852,0.015651325574574826,-0.1837477749513617,0.18340377258531385,-0.0017137442803734212,-0.001176183909948676,0.02345488947590542,-0.0017961636277464043,-0.0017397431279476266,0.022502763759569264,-0.0017510779609316335,0.021651825680080266,-0.0010818912768991349,-0.0016942815169642207,1.000042190991605,1.0004205376945732,1.0000031182691576,0.9997959120282043,1.0005966635543417,1.0006144480699246,0.9996572958758596,1.0006937030337508,1.0006602068244494,1.0001493097598577
241,1.316891658116159,0.23649970977862278,0.0,0.07856256461636618,18.0,0.1800118555799496,-0.1828583948492606,-0.007901771852109572,0.18863404163673925,-0.18378000150126197,-0.008968941819671556,0.19097221299492015,-0.00600050010550544,-0.18266588367446254,0.1850980541022781,0.0017137442803734,0.001176183909948668,-0.02345488947590547,0.0017961636277464103,0.0017397431279476323,-0.02250276375956931,0.00175107796093164,-0.021651825680080266,0.0010818912768991347,0.0016942815169642288,0.9999890634610386,1.0003710473953529,0.9999575423919751,0.9996923282559385,1.0004959552029122,1.0004926269294374,0.9995352454615486,1.0005734563975215,1.0005956545285253,1.0000800295534389
242,1.3358012604059204,0.23360663591420214,0.0,0.07856256461636621,18.0,0.17829811129957618,-0.18403457875920928,0.015553117623795853,0.18683787800899285,-0.18551974462920962,0.013533821939897795,0.1892211350339885,0.015651325574574826,-0.1837477749513617,0.18340377258531385,-0.0017137442803734212,-0.0011761839099486808,0.023454889475905426,-0.001796163627746409,-0.0017397431279476368,0.02250276375956935,-0.0017510779609316443,0.021651825680080266,-0.0010818912768991349,-0.0016942815169642324,1.000042190991605,1.0004205376945732,1.0000031182691576,0.9997959120282043,1.0005966635543417,1.0006144480699246,0.9996572958758596,1.0006937030337508,1.0006602068244494,1.0001493097598577
243,1.3168916581161587,0.23649970977862278,0.0,0.07856256461636621,18.0,0.1800118555799496,-0.1828583948492606,-0.007901771852109503,0.18863404163673927,-0.18378000150126197,-0.008968941819671597,0.19097221299492015,-0.006000500105505471,-0.18266588367446254,0.18509805410227806,0.0017137442803734,0.0011761839099486671,-0.023454889475905356,0.0017961636277464149,0.0017397431279476414,-0.022502763759569392,0.0017510779609316491,-0.021651825680080297,0.0010818912768991347,0.0016942815169642264,0.9999890634610386,1.0003710473953529,0.9999575423919751,0.9996923282559385,1.0004959552029122,1.0004926269294374,0.9995352454615486,1.0005734563975215,1.0005956545285253,1.0000800295534389
244,1.3358012604059204,0.2336066359142021,0.0,0.07856256461636624,18.0,0.17829811129957618,-0.18403457875920928,0.01555311762379587,0.18683787800899285,-0.18551974462920962,0.013533821939897788,0.18922113503398852,0.01565132557457484,-0.1837477749513617,0.18340377258531382,-0.0017137442803734212,-0.0011761839099486697,0.023454889475905374,-0.001796163627746419,-0.001739743127947635,0.022502763759569385,-0.0017510779609316426,0.02165182568008031,-0.0010818912768991349,-0.0016942815169642272,1.000042190991605,1.0004205376945732,1.0000031182691576,0.9997959120282043,1.0005966635543417,1.0006144480699246,0.9996572958758596,1.0006937030337508,1.0006602068244494,1.0001493097598577
245,1.3168916581161585,0.23649970977862278,0.0,0.07856256461636617,18.0,0.1800118555799496,-0.1828583948492606,-0.007901771852109524,0.18863404163673925,-0.18378000150126197,-0.008968941819671563,0.19097221299492018,-0.006000500105505423,-0.18266588367446254,0.18509805410227806,0.0017137442803734,0.0011761839099486639,-0.023454889475905395,0.001796163627746413,0.0017397431279476305,-0.02250276375956935,0.0017510779609316491,-0.021651825680080262,0.0010818912768991403,0.0016942815169642385,0.9999890634610386,1.0003710473953529,0.9999575423919751,0.9996923282559385,1.0004959552029122,1.0004926269294374,0.9995352454615486,1.0005734563975215,1.0005956545285253,1.0000800295534389
246,1.3358012604059206,0.23360663591420214,0.0,0.0785625646163662,18.0,0.17829811129957618,-0.18403457875920928,0.015553117623795895,0.18683787800899285,-0.18551974462920962,0.013533821939897819,0.18922113503398852,0.01565132557457484,-0.1837477749513617,0.18340377258531385,-0.0017137442803734212,-0.001176183909948676,0.02345488947590542,-0.0017961636277464084,-0.0017397431279476316,0.02250276375956938,-0.001751077960931648,0.021651825680080262,-0.0010818912768991336,-0.0016942815169642197,1.000042190991605,1.0004205376945732,1.0000031182691576,0.9997959120282043,1.0005966635543417,1.0006144480699246,0.9996572958758596,1.0006937030337508,1.0006602068244494,1.0001493097598577
247,1.3168916581161585,0.2364997097786228,0.0,0.07856256461636624,18.0,0.1800118555799496,-0.1828583948492606,-0.00790177185210951,0.18863404163673927,-0.18378000150126197,-0.008968941819671577,0.19097221299492015,-0.00600050010550543,-0.18266588367446254,0.1850980541022781,0.0017137442803734,0.001176183909948668,-0.023454889475905405,0.0017961636277464149,0.0017397431279476423,-0.022502763759569396,0.0017510779609316426,-0.02165182568008027,0.001081891276899135,0.0016942815169642288,0.9999890634610386,1.0003710473953529,0.9999575423919751,0.9996923282559385,1.0004959552029122,1.0004926269294374,0.9995352454615486,1.0005734563975215,1.0005956545285253,1.000080029553439
248,1.3358012604059206,0.23360663591420214,0.0,0.07856256461636622,18.0,0.17829811129957618,-0.18403457875920928,0.015553117623795909,0.18683787800899285,-0.18551974462920962,0.013533821939897809,0.18922113503398852,0.01565132557457483,-0.1837477749513617,0.18340377258531385,-0.0017137442803734212,-0.0011761839099486754,0.02345488947590542,-0.001796163627746419,-0.0017397431279476347,0.022502763759569385,-0.0017510779609316435,0.02165182568008026,-0.0010818912768991347,-0.0016942815169642324,1.000042190991605,1.0004205376945732,1.0000031182691576,0.9997959120282043,1.0005966635543417,1.0006144480699246,0.9996572958758596,1.0006937030337508,1.0006602068244494,1.0001493097598577
249,1.3168916581161585,0.23649970977862278,0.0,0.07856256461636622,18.0,0.1800118555799496,-0.1828583948492606,-0.007901771852109562,0.18863404163673925,-0.18378000150126197,-0.008968941819671549,0.19097221299492018,-0.006000500105505433,-0.18266588367446254,0.18509805410227806,0.0017137442803734,0.0011761839099486626,-0.02345488947590547,0.001796163627746413,0.0017397431279476416,-0.022502763759569357,0.0017510779609316435,-0.021651825680080262,0.0010818912768991349,0.0016942815169642264,0.9999890634610386,1.0003710473953529,0.9999575423919751,0.9996923282559385,1.0004959552029122,1.0004926269294374,0.9995352454615486,1.0005734563975215,1.0005956545285253,1.0000800295534389
250,1.3358012604059206,0.23360663591420214,0.0,0.0785625646163662,18.0,0.17829811129957618,-0.18403457875920928,0.015553117623795857,0.18683787800899285,-0.18551974462920962,0.01353382193989783,0.18922113503398852,0.01565132557457483,-0.1837477749513617,0.18340377258531385,-0.0017137442803734212,-0.0011761839099486819,0.02345488947590542,-0.0017961636277464084,-0.0017397431279476347,0.022502763759569378,-0.0017510779609316491,0.021651825680080262,-0.0010818912768991347,-0.0016942815169642218,1.000042190991605,1.0004205376945732,1.0000031182691576,0.9997959120282043,1.0005966635543417,1.0006144480699246,0.9996572958758596,1.0006937030337508,1.0006602068244494,1.0001493097598577
251,1.3168916581161585,0.23649970977862278,0.0,0.07856256461636618,18.0,0.1800118555799496,-0.1828583948492606,-0.007901771852109503,0.18863404163673927,-0.18378000150126197,-0.008968941819671573,0.19097221299492015,-0.006000500105505433,-0.18266588367446254,0.1850980541022781,0.0017137442803734,0.001176183909948667,-0.02345488947590536,0.0017961636277464149,0.0017397431279476416,-0.022502763759569402,0.0017510779609316426,-0.021651825680080262,0.0010818912768991349,0.0016942815169642283,0.9999890634610386,1.0003710473953529,0.9999575423919751,0.9996923282559385,1.0004959552029122,1.0004926269294374,0.9995352454615486,1.0005734563975215,1.0005956545285253,1.000080029553439
252,1.3358012604059204,0.23360663591420214,0.0,0.07856256461636614,18.0,0.17829811129957618,-0.18403457875920928,0.015553117623795874,0.18683787800899285,-0.18551974462920962,0.01353382193989777,0.18922113503398852,0.01565132557457483,-0.1837477749513617,0.18340377258531385,-0.0017137442803734212,-0.00117618390994867,0.023454889475905377,-0.001796163627746419,-0.0017397431279476347,0.022502763759569343,-0.0017510779609316435,0.021651825680080262,-0.0010818912768991347,-0.0016942815169642324,1.000042190991605,1.0004205376945732,1.0000031182691576,0.9997959120282043,1.0005966635543417,1.0006144480699246,0.9996572958758596,1.0006937030337508,1.0006602068244494,1.0001493097598577
253,1.3168916581161585,0.23649970977862272,0.0,0.0785625646163661,18.0,0.1800118555799496,-0.1828583948492606,-0.00790177185210952,0.18863404163673925,-0.18378000150126197,-0.008968941819671538,0.19097221299492018,-0.006000500105505433,-0.18266588367446254,0.18509805410227806,0.0017137442803734,0.0011761839099486636,-0.023454889475905395,0.001796163627746413,0.0017397431279476305,-0.02250276375956931,0.0017510779609316435,-0.021651825680080262,0.0010818912768991349,0.0016942815169642264,0.9999890634610386,1.0003710473953529,0.9999575423919751,0.9996923282559385,1.0004959552029122,1.0004926269294374,0.9995352454615486,1.0005734563975215,1.0005956545285253,1.0000800295534389
254,1.3358012604059204,0.23360663591420214,0.0,0.07856256461636613,18.0,0.17829811129957618,-0.18403457875920928,0.015553117623795899,0.18683787800899285,-0.18551974462920962,0.013533821939897767,0.18922113503398852,0.01565132557457483,-0.1837477749513617,0.18340377258531385,-0.0017137442803734212,-0.001176183909948676,0.02345488947590542,-0.0017961636277464084,-0.0017397431279476316,0.022502763759569305,-0.0017510779609316491,0.021651825680080262,-0.0010818912768991347,-0.0016942815169642218,1.000042190991605,1.0004205376945732,1.0000031182691576,0.9997959120282043,1.0005966635543417,1.0006144480699246,0.9996572958758596,1.0006937030337508,1.0006602068244494,1.0001493097598577
255,1.316891658116159,0.2364997097786228,0.0,0.07856256461636621,18.0,0.1800118555799496,-0.1828583948492606,-0.007901771852109572,0.18863404163673927,-0.18378000150126197,-0.008968941819671545,0.19097221299492015,-0.00600050010550544,-0.18266588367446254,0.1850980541022781,0.0017137442803734,0.001176183909948668,-0.02345488947590547,0.0017961636277464149,0.0017397431279476312,-0.022502763759569312,0.0017510779609316426,-0.02165182568008027,0.0010818912768991349,0.0016942815169642283,0.9999890634610386,1.0003710473953529,0.9999575423919751,0.9996923282559385,1.0004959552029122,1.0004926269294374,0.9995352454615486,1.0005734563975215,1.0005956545285253,1.0000800295534389
256,1.3358012604059204,0.23360663591420214,0.0,0.07856256461636617,18.0,0.17829811129957618,-0.18403457875920928,0.015553117623795892,0.18683787800899285,-0.18551974462920962,0.013533821939897729,0.18922113503398852,0.015651325574574826,-0.1837477749513617,0.18340377258531385,-0.0017137442803734212,-0.0011761839099486808,0.023454889475905464,-0.001796163627746419,-0.0017397431279476368,0.022502763759569274,-0.0017510779609316435,0.021651825680080266,-0.0010818912768991347,-0.0016942815169642324,1.000042190991605,1.0004205376945732,1.0000031182691576,0.9997959120282043,1.0005966635543417,1.0006144480699246,0.9996572958758596,1.0006937030337508,1.0006602068244494,1.0001493097598577
257,1.3168916581161585,0.2364997097786228,0.0,0.07856256461636599,18.0,0.1800118555799496,-0.1828583948492606,-0.007901771852109503,0.18863404163673925,-0.183780001501262,-0.0089689418196715,0.19097221299492018,-0.00600050010550544,-0.18266588367446254,0.18509805410227806,0.0017137442803734056,0.0011761839099486671,-0.023454889475905395,0.001796163627746413,0.0017397431279476247,-0.02250276375956923,0.0017510779609316435,-0.021651825680080266,0.0010818912768991349,0.0016942815169642264,0.9999890634610386,1.0003710473953529,0.9999575423919751,0.9996923282559385,1.0004959552029122,1.0004926269294374,0.9995352454615486,1.0005734563975215,1.0005956545285253,1.0000800295534389
258,1.3358012604059204,0.23360663591420214,0.0,0.07856256461636597,18.0,0.17829811129957618,-0.18403457875920928,0.01555311762379583,0.18683787800899285,-0.18551974462920962,0.013533821939897767,0.18922113503398852,0.015651325574574826,-0.1837477749513617,0.18340377258531385,-0.0017137442803734201,-0.0011761839099486697,0.023454889475905332,-0.0017961636277464027,-0.0017397431279476214,0.022502763759569267,-0.0017510779609316435,0.021651825680080266,-0.0010818912768991347,-0.0016942815169642218,1.000042190991605,1.0004205376945732,1.0000031182691576,0.9997959120282043,1.0005966635543417,1.0006144480699246,0.9996572958758596,1.0006937030337508,1.0006602068244494,1.0001493097598577
259,1.3168916581161585,0.23649970977862278,0.0,0.07856256461636604,18.0,0.1800118555799496,-0.1828583948492606,-0.007901771852109496,0.18863404163673925,-0.183780001501262,-0.008968941819671552,0.19097221299492018,-0.00600050010550544,-0.18266588367446254,0.1850980541022781,0.0017137442803733948,0.0011761839099486639,-0.023454889475905325,0.0017961636277464103,0.0017397431279476223,-0.02250276375956932,0.0017510779609316435,-0.021651825680080266,0.0010818912768991349,0.0016942815169642283,0.9999890634610386,1.0003710473953529,0.9999575423919751,0.9996923282559385,1.0004959552029122,1.0004926269294374,0.9995352454615486,1.0005734563975215,1.0005956545285253,1.000080029553439
260,1.3358012604059204,0.23360663591420214,0.0,0.07856256461636608,18.0,0.17829811129957618,-0.18403457875920928,0.01555311762379584,0.18683787800899285,-0.18551974462920962,0.013533821939897795,0.18922113503398852,0.015651325574574826,-0.1837477749513617,0.18340377258531385,-0.001713744280373422,-0.0011761839099486704,0.023454889475905336,-0.0017961636277464034,-0.0017397431279476219,0.022502763759569347,-0.0017510779609316491,0.021651825680080266,-0.0010818912768991347,-0.0016942815169642324,1.000042190991605,1.0004205376945732,1.0000031182691576,0.9997959120282043,1.0005966635543417,1.0006144480699246,0.9996572958758596,1.0006937030337508,1.0006602068244494,1.0001493097598577
261,1.3168916581161585,0.23649970977862275,0.0,0.07856256461636606,18.0,0.1800118555799496,-0.1828583948492606,-0.007901771852109492,0.18863404163673925,-0.18378000150126197,-0.008968941819671566,0.19097221299492015,-0.006000500105505433,-0.18266588367446254,0.18509805410227806,0.0017137442803733943,0.0011761839099486636,-0.023454889475905332,0.0017961636277464103,0.0017397431279476334,-0.02250276375956936,0.0017510779609316426,-0.02165182568008026,0.0010818912768991349,0.0016942815169642264,0.9999890634610386,1.0003710473953529,0.9999575423919751,0.9996923282559385,1.0004959552029122,1.0004926269294374,0.9995352454615486,1.0005734563975215,1.0005956545285253,1.0000800295534389
262,1.3358012604059204,0.23360663591420214,0.0,0.07856256461636607,18.0,0.17829811129957618,-0.18403457875920928,0.01555311762379584,0.18683787800899285,-0.18551974462920962,0.01353382193989778,0.18922113503398852,0.01565132557457483,-0.1837477749513617,0.18340377258531382,-0.001713744280373422,-0.0011761839099486704,0.023454889475905332,-0.0017961636277464034,-0.001739743127947631,0.022502763759569347,-0.0017510779609316435,0.021651825680080262,-0.0010818912768991347,-0.0016942815169642272,1.000042190991605,1.0004205376945732,1.0000031182691576,0.9997959120282043,1.0005966635543417,1.0006144480699246,0.9996572958758596,1.0006937030337508,1.0006602068244494,1.0001493097598577
263,1.3168916581161585,0.2364997097786228,0.0,0.07856256461636608,18.0,0.1800118555799496,-0.1828583948492606,-0.007901771852109492,0.18863404163673925,-0.18378000150126197,-0.008968941819671535,0.19097221299492018,-0.00600050010550544,-0.18266588367446254,0.18509805410227806,0.0017137442803733943,0.0011761839099486636,-0.023454889475905332,0.0017961636277464103,0.0017397431279476316,-0.022502763759569316,0.0017510779609316435,-0.02165182568008027,0.0010818912768991349,0.0016942815169642329,0.9999890634610386,1.0003710473953529,0.9999575423919751,0.9996923282559385,1.0004959552029122,1.0004926269294374,0.9995352454615486,1.0005734563975215,1.0005956545285253,1.0000800295534389
264,1.3358012604059204,0.23360663591420214,0.0,0.07856256461636604,18.0,0.17829811129957618,-0.18403457875920928,0.01555311762379584,0.18683787800899285,-0.18551974462920962,0.01353382193989777,0.18922113503398852,0.015651325574574826,-0.1837477749513617,0.18340377258531385,-0.001713744280373422,-0.0011761839099486704,0.023454889475905332,-0.0017961636277464034,-0.0017397431279476312,0.022502763759569305,-0.0017510779609316491,0.021651825680080266,-0.0010818912768991347,-0.0016942815169642207,1.000042190991605,1.0004205376945732,1.0000031182691576,0.9997959120282043,1.0005966635543417,1.0006144480699246,0.9996572958758596,1.0006937030337508,1.0006602068244494,1.0001493097598577
265,1.3168916581161585,0.23649970977862278,0.0,0.07856256461636604,18.0,0.1800118555799496,-0.1828583948492606,-0.007901771852109492,0.18863404163673925,-0.18378000150126197,-0.008968941819671542,0.19097221299492015,-0.00600050010550544,-0.18266588367446254,0.1850980541022781,0.0017137442803733943,0.0011761839099486636,-0.023454889475905332,0.0017961636277464103,0.0017397431279476312,-0.022502763759569312,0.0017510779609316426,-0.021651825680080266,0.0010818912768991349,0.0016942815169642288,0.9999890634610386,1.0003710473953529,0.9999575423919751,0.9996923282559385,1.0004959552029122,1.0004926269294374,0.9995352454615486,1.0005734563975215,1.0005956545285253,1.000080029553439
266,1.3358012604059204,0.23360663591420214,0.0,0.078562564616366,18.0,0.17829811129957618,-0.18403457875920928,0.01555311762379584,0.18683787800899285,-0.18551974462920962,0.013533821939897732,0.18922113503398852,0.015651325574574826,-0.1837477749513617,0.18340377258531385,-0.001713744280373422,-0.0011761839099486704,0.023454889475905332,-0.0017961636277464034,-0.0017397431279476312,0.022502763759569274,-0.0017510779609316435,0.021651825680080266,-0.0010818912768991347,-0.0016942815169642324,1.000042190991605,1.0004205376945732,1.0000031182691576,0.9997959120282043,1.0005966635543417,1.0006144480699246,0.9996572958758596,1.0006937030337508,1.0006602068244494,1.0001493097598577
267,1.3168916581161585,0.23649970977862272,0.0,0.07856256461636604,18.0,0.1800118555799496,-0.1828583948492606,-0.007901771852109492,0.18863404163673925,-0.18378000150126197,-0.008968941819671573,0.19097221299492018,-0.00600050010550544,-0.18266588367446254,0.18509805410227806,0.0017137442803733943,0.0011761839099486636,-0.023454889475905332,0.0017961636277464103,0.0017397431279476312,-0.022502763759569305,0.0017510779609316435,-0.021651825680080266,0.0010818912768991349,0.0016942815169642264,0.9999890634610386,1.0003710473953529,0.9999575423919751,0.9996923282559385,1.0004959552029122,1.0004926269294374,0.9995352454615486,1.0005734563975215,1.0005956545285253,1.0000800295534389
268,1.3358012604059204,0.2336066359142021,0.0,0.07856256461636614,18.0,0.17829811129957618,-0.18403457875920928,0.01555311762379584,0.18683787800899285,-0.18551974462920962,0.013533821939897812,0.18922113503398852,0.015651325574574826,-0.1837477749513617,0.18340377258531382,-0.001713744280373422,-0.0011761839099486704,0.023454889475905332,-0.0017961636277464034,-0.0017397431279476312,0.022502763759569385,-0.0017510779609316491,0.021651825680080266,-0.0010818912768991347,-0.0016942815169642272,1.000042190991605,1.0004205376945732,1.0000031182691576,0.9997959120282043,1.0005966635543417,1.0006144480699246,0.9996572958758596,1.0006937030337508,1.0006602068244494,1.0001493097598577
269,1.3168916581161585,0.23649970977862272,0.0,0.07856256461636608,18.0,0.1800118555799496,-0.1828583948492606,-0.007901771852109492,0.18863404163673925,-0.18378000150126197,-0.008968941819671545,0.19097221299492015,-0.00600050010550544,-0.18266588367446254,0.18509805410227806,0.0017137442803733943,0.0011761839099486636,-0.023454889475905332,0.0017961636277464103,0.0017397431279476312,-0.022502763759569357,0.0017510779609316426,-0.021651825680080266,0.0010818912768991349,0.0016942815169642329,0.9999890634610386,1.0003710473953529,0.9999575423919751,0.9996923282559385,1.0004959552029122,1.0004926269294374,0.9995352454615486,1.0005734563975215,1.0005956545285253,1.0000800295534389
270,1.3358012604059204,0.23360663591420214,0.0,0.07856256461636596,18.0,0.17829811129957618,-0.18403457875920928,0.01555311762379584,0.18683787800899285,-0.18551974462920962,0.013533821939897722,0.18922113503398852,0.01565132557457482,-0.1837477749513617,0.18340377258531385,-0.001713744280373422,-0.0011761839099486704,0.023454889475905332,-0.0017961636277464034,-0.0017397431279476312,0.022502763759569267,-0.0017510779609316435,0.02165182568008026,-0.0010818912768991347,-0.0016942815169642264,1.000042190991605,1.0004205376945732,1.0000031182691576,0.9997959120282043,1.0005966635543417,1.0006144480699246,0.9996572958758596,1.0006937030337508,1.0006602068244494,1.0001493097598577
271,1.3168916581161585,0.23649970977862278,0.0,0.07856256461636593,18.0,0.1800118555799496,-0.1828583948492606,-0.007901771852109492,0.18863404163673925,-0.183780001501262,-0.008968941819671504,0.19097221299492015,-0.0060005001055054505,-0.18266588367446254,0.1850980541022781,0.0017137442803733943,0.0011761839099486636,-0.023454889475905332,0.0017961636277464103,0.0017397431279476258,-0.022502763759569226,0.001751077960931638,-0.02165182568008027,0.0010818912768991349,0.0016942815169642272,0.9999890634610386,1.0003710473953529,0.9999575423919751,0.9996923282559385,1.0004959552029122,1.0004926269294374,0.9995352454615486,1.0005734563975215,1.0005956545285253,1.0000800295534389
272,1.3358012604059204,0.23360663591420214,0.0,0.07856256461636597,18.0,0.17829811129957618,-0.18403457875920928,0.01555311762379584,0.18683787800899285,-0.18551974462920962,0.013533821939897763,0.18922113503398852,0.01565132557457482,-0.1837477749513617,0.18340377258531385,-0.001713744280373422,-0.0011761839099486704,0.023454889475905332,-0.0017961636277464034,-0.0017397431279476212,0.022502763759569267,-0.0017510779609316335,0.02165182568008027,-0.0010818912768991347,-0.0016942815169642329,1.000042190991605,1.0004205376945732,1.0000031182691576,0.9997959120282043,1.0005966635543417,1.0006144480699246,0.9996572958758596,1.0006937030337508,1.0006602068244494,1.0001493097598577
273,1.3168916581161585,0.23649970977862278,0.0,0.07856256461636599,18.0,0.1800118555799496,-0.1828583948492606,-0.007901771852109492,0.18863404163673925,-0.183780001501262,-0.008968941819671552,0.19097221299492015,-0.00600050010550544,-0.18266588367446254,0.18509805410227806,0.0017137442803733943,0.0011761839099486636,-0.023454889475905332,0.0017961636277464103,0.0017397431279476223,-0.022502763759569316,0.00175107796093164,-0.02165182568008026,0.0010818912768991349,0.0016942815169642264,0.9999890634610386,1.0003710473953529,0.9999575423919751,0.9996923282559385,1.0004959552029122,1.0004926269294374,0.9995352454615486,1.0005734563975215,1.0005956545285253,1.0000800295534389
274,1.3358012604059204,0.23360663591420214,0.0,0.07856256461636607,18.0,0.17829811129957618,-0.18403457875920928,0.01555311762379584,0.18683787800899285,-0.18551974462920964,0.013533821939897757,0.1892211350339885,0.015651325574574822,-0.1837477749513617,0.18340377258531382,-0.001713744280373422,-0.0011761839099486704,0.023454889475905332,-0.0017961636277464034,-0.0017397431279476275,0.02250276375956931,-0.0017510779609316443,0.021651825680080262,-0.0010818912768991347,-0.0016942815169642272,1.000042190991605,1.0004205376945732,1.0000031182691576,0.9997959120282043,1.0005966635543417,1.0006144480699246,0.9996572958758596,1.0006937030337508,1.0006602068244494,1.0001493097598577
275,1.3168916581161587,0.23649970977862278,0.0,0.07856256461636611,18.0,0.1800118555799496,-0.1828583948492606,-0.007901771852109492,0.18863404163673925,-0.183780001501262,-0.008968941819671556,0.19097221299492015,-0.006000500105505478,-0.18266588367446254,0.18509805410227806,0.0017137442803733943,0.0011761839099486636,-0.023454889475905332,0.0017961636277464103,0.001739743127947638,-0.022502763759569312,0.0017510779609316491,-0.0216518256800803,0.0010818912768991349,0.0016942815169642329,0.9999890634610386,1.0003710473953529,0.9999575423919751,0.9996923282559385,1.0004959552029122,1.0004926269294374,0.9995352454615486,1.0005734563975215,1.0005956545285253,1.0000800295534389
276,1.3358012604059204,0.23360663591420214,0.0,0.07856256461636604,18.0,0.17829811129957618,-0.18403457875920928,0.01555311762379584,0.18683787800899285,-0.18551974462920962,0.013533821939897757,0.18922113503398852,0.015651325574574836,-0.1837477749513617,0.18340377258531385,-0.001713744280373422,-0.0011761839099486704,0.023454889475905332,-0.0017961636277464034,-0.0017397431279476247,0.022502763759569312,-0.0017510779609316426,0.021651825680080315,-0.0010818912768991347,-0.0016942815169642264,1.000042190991605,1.0004205376945732,1.0000031182691576,0.9997959120282043,1.0005966635543417,1.0006144480699246,0.9996572958758596,1.0006937030337508,1.0006602068244494,1.0001493097598577
277,1.3168916581161585,0.2364997097786228,0.0,0.07856256461636606,18.0,0.1800118555799496,-0.1828583948492606,-0.007901771852109492,0.18863404163673925,-0.18378000150126197,-0.008968941819671549,0.19097221299492018,-0.006000500105505426,-0.18266588367446254,0.1850980541022781,0.0017137442803733943,0.0011761839099486636,-0.023454889475905332,0.0017961636277464103,0.0017397431279476327,-0.022502763759569305,0.0017510779609316435,-0.021651825680080262,0.0010818912768991403,0.0016942815169642272,0.9999890634610386,1.0003710473953529,0.9999575423919751,0.9996923282559385,1.0004959552029122,1.0004926269294374,0.9995352454615486,1.0005734563975215,1.0005956545285253,1.000080029553439
278,1.3358012604059204,0.23360663591420214,0.0,0.07856256461636614,18.0,0.17829811129957618,-0.18403457875920928,0.01555311762379584,0.18683787800899285,-0.18551974462920962,0.013533821939897836,0.18922113503398852,0.015651325574574836,-0.1837477749513617,0.18340377258531385,-0.001713744280373422,-0.0011761839099486704,0.023454889475905332,-0.0017961636277464034,-0.001739743127947631,0.022502763759569385,-0.0017510779609316491,0.021651825680080262,-0.0010818912768991336,-0.0016942815169642329,1.000042190991605,1.0004205376945732,1.0000031182691576,0.9997959120282043,1.0005966635543417,1.0006144480699246,0.9996572958758596,1.0006937030337508,1.0006602068244494,1.0001493097598577
279,1.3168916581161585,0.23649970977862275,0.0,0.0785625646163661,18.0,0.1800118555799496,-0.1828583948492606,-0.007901771852109492,0.18863404163673925,-0.18378000150126197,-0.008968941819671566,0.19097221299492015,-0.006000500105505426,-0.18266588367446254,0.18509805410227806,0.0017137442803733943,0.0011761839099486636,-0.023454889475905332,0.0017961636277464103,0.0017397431279476316,-0.022502763759569402,0.0017510779609316426,-0.021651825680080262,0.001081891276899135,0.0016942815169642264,0.9999890634610386,1.0003710473953529,0.9999575423919751,0.9996923282559385,1.0004959552029122,1.0004926269294374,0.9995352454615486,1.0005734563975215,1.0005956545285253,1.0000800295534389
280,1.3358012604059204,0.23360663591420214,0.0,0.07856256461636607,18.0,0.17829811129957618,-0.18403457875920928,0.01555311762379584,0.18683787800899285,-0.18551974462920962,0.013533821939897777,0.18922113503398852,0.015651325574574836,-0.1837477749513617,0.18340377258531382,-0.001713744280373422,-0.0011761839099486704,0.023454889475905332,-0.001796163627746409,-0.0017397431279476312,0.022502763759569343,-0.0017510779609316435,0.021651825680080262,-0.0010818912768991347,-0.0016942815169642272,1.000042190991605,1.0004205376945732,1.0000031182691576,0.9997959120282043,1.0005966635543417,1.0006144480699246,0.9996572958758596,1.0006937030337508,1.0006602068244494,1.0001493097598577
281,1.3168916581161585,0.2364997097786228,0.0,0.07856256461636608,18.0,0.1800118555799496,-0.1828583948492606,-0.007901771852109492,0.18863404163673925,-0.18378000150126197,-0.008968941819671538,0.19097221299492018,-0.006000500105505433,-0.18266588367446254,0.18509805410227806,0.0017137442803733943,0.0011761839099486636,-0.023454889475905332,0.0017961636277464095,0.0017397431279476312,-0.022502763759569316,0.0017510779609316435,-0.02165182568008027,0.0010818912768991349,0.0016942815169642329,0.9999890634610386,1.0003710473953529,0.9999575423919751,0.9996923282559385,1.0004959552029122,1.0004926269294374,0.9995352454615486,1.0005734563975215,1.0005956545285253,1.0000800295534389
282,1.3358012604059204,0.23360663591420214,0.0,0.07856256461636604,18.0,0.17829811129957618,-0.18403457875920928,0.01555311762379584,0.18683787800899285,-0.18551974462920962,0.013533821939897767,0.18922113503398852,0.015651325574574833,-0.1837477749513617,0.18340377258531385,-0.001713744280373422,-0.0011761839099486704,0.023454889475905332,-0.0017961636277464034,-0.0017397431279476312,0.022502763759569305,-0.0017510779609316491,0.021651825680080266,-0.0010818912768991347,-0.0016942815169642207,1.000042190991605,1.0004205376945732,1.0000031182691576,0.9997959120282043,1.0005966635543417,1.0006144480699246,0.9996572958758596,1.0006937030337508,1.0006602068244494,1.0001493097598577
283,1.3168916581161585,0.23649970977862278,0.0,0.07856256461636604,18.0,0.1800118555799496,-0.1828583948492606,-0.007901771852109492,0.18863404163673925,-0.18378000150126197,-0.008968941819671545,0.19097221299492015,-0.006000500105505433,-0.18266588367446254,0.1850980541022781,0.0017137442803733943,0.0011761839099486636,-0.023454889475905332,0.0017961636277464103,0.0017397431279476312,-0.022502763759569312,0.0017510779609316426,-0.021651825680080266,0.0010818912768991349,0.0016942815169642288,0.9999890634610386,1.0003710473953529,0.9999575423919751,0.9996923282559385,1.0004959552029122,1.0004926269294374,0.9995352454615486,1.0005734563975215,1.0005956545285253,1.000080029553439
284,1.3358012604059204,0.23360663591420214,0.0,0.078562564616366,18.0,0.17829811129957618,-0.18403457875920928,0.01555311762379584,0.18683787800899285,-0.18551974462920962,0.013533821939897729,0.18922113503398852,0.015651325574574833,-0.1837477749513617,0.18340377258531385,-0.001713744280373422,-0.0011761839099486704,0.023454889475905332,-0.0017961636277464034,-0.0017397431279476312,0.022502763759569274,-0.0017510779609316435,0.021651825680080266,-0.0010818912768991347,-0.0016942815169642324,1.000042190991605,1.0004205376945732,1.0000031182691576,0.9997959120282043,1.0005966635543417,1.0006144480699246,0.9996572958758596,1.0006937030337508,1.0006602068244494,1.0001493097598577
285,1.3168916581161585,0.2364997097786228,0.0,0.07856256461636593,18.0,0.1800118555799496,-0.1828583948492606,-0.007901771852109492,0.18863404163673925,-0.183780001501262,-0.0089689418196715,0.19097221299492018,-0.006000500105505433,-0.18266588367446254,0.18509805410227806,0.0017137442803733943,0.0011761839099486636,-0.023454889475905332,0.0017961636277464103,0.0017397431279476258,-0.02250276375956923,0.0017510779609316435,-0.021651825680080266,0.0010818912768991349,0.0016942815169642264,0.9999890634610386,1.0003710473953529,0.9999575423919751,0.9996923282559385,1.0004959552029122,1.0004926269294374,0.9995352454615486,1.0005734563975215,1.0005956545285253,1.0000800295534389
286,1.3358012604059204,0.23360663591420214,0.0,0.07856256461636597,18.0,0.17829811129957618,-0.18403457875920928,0.01555311762379584,0.18683787800899285,-0.18551974462920962,0.013533821939897767,0.18922113503398852,0.015651325574574833,-0.1837477749513617,0.18340377258531385,-0.001713744280373422,-0.0011761839099486704,0.023454889475905332,-0.0017961636277464034,-0.0017397431279476212,0.022502763759569267,-0.0017510779609316435,0.021651825680080266,-0.0010818912768991347,-0.0016942815169642218,1.000042190991605,1.0004205376945732,1.0000031182691576,0.9997959120282043,1.0005966635543417,1.0006144480699246,0.9996572958758596,1.0006937030337508,1.0006602068244494,1.0001493097598577
287,1.3168916581161585,0.23649970977862278,0.0,0.07856256461636606,18.0,0.1800118555799496,-0.1828583948492606,-0.007901771852109492,0.18863404163673925,-0.183780001501262,-0.008968941819671552,0.19097221299492018,-0.006000500105505433,-0.18266588367446254,0.1850980541022781,0.0017137442803733943,0.0011761839099486636,-0.023454889475905332,0.0017961636277464103,0.0017397431279476223,-0.02250276375956932,0.0017510779609316435,-0.021651825680080266,0.0010818912768991349,0.0016942815169642283,0.9999890634610386,1.0003710473953529,0.9999575423919751,0.9996923282559385,1.0004959552029122,1.0004926269294374,0.9995352454615486,1.0005734563975215,1.0005956545285253,1.000080029553439
288,1.3358012604059204,0.2336066359142022,0.0,0.07856256461636611,18.0,0.17829811129957618,-0.18403457875920928,0.01555311762379584,0.18683787800899285,-0.18551974462920964,0.013533821939897795,0.18922113503398852,0.015651325574574833,-0.1837477749513617,0.18340377258531385,-0.001713744280373422,-0.0011761839099486704,0.023454889475905332,-0.0017961636277464034,-0.0017397431279476275,0.022502763759569347,-0.0017510779609316491,0.021651825680080266,-0.0010818912768991347,-0.0016942815169642324,1.000042190991605,1.0004205376945732,1.0000031182691576,0.9997959120282043,1.0005966635543417,1.0006144480699246,0.9996572958758596,1.0006937030337508,1.0006602068244494,1.0001493097598577
289,1.3168916581161585,0.23649970977862278,0.0,0.07856256461636607,18.0,0.1800118555799496,-0.1828583948492606,-0.007901771852109492,0.18863404163673925,-0.183780001501262,-0.008968941819671566,0.19097221299492015,-0.006000500105505433,-0.18266588367446254,0.18509805410227806,0.0017137442803733943,0.0011761839099486636,-0.023454889475905332,0.0017961636277464103,0.001739743127947638,-0.02250276375956936,0.0017510779609316426,-0.021651825680080266,0.0010818912768991349,0.0016942815169642264,0.9999890634610386,1.0003710473953529,0.9999575423919751,0.9996923282559385,1.0004959552029122,1.0004926269294374,0.9995352454615486,1.0005734563975215,1.0005956545285253,1.0000800295534389
290,1.3358012604059204,0.23360663591420214,0.0,0.07856256461636602,18.0,0.17829811129957618,-0.18403457875920928,0.01555311762379584,0.18683787800899285,-0.18551974462920962,0.013533821939897746,0.18922113503398852,0.015651325574574826,-0.1837477749513617,0.18340377258531382,-0.001713744280373422,-0.0011761839099486704,0.023454889475905332,-0.0017961636277464034,-0.0017397431279476247,0.022502763759569312,-0.0017510779609316435,0.02165182568008026,-0.0010818912768991347,-0.0016942815169642272,1.000042190991605,1.0004205376945732,1.0000031182691576,0.9997959120282043,1.0005966635543417,1.0006144480699246,0.9996572958758596,1.0006937030337508,1.0006602068244494,1.0001493097598577
291,1.3168916581161585,0.23649970977862278,0.0,0.07856256461636607,18.0,0.1800118555799496,-0.1828583948492606,-0.007901771852109492,0.18863404163673925,-0.18378000150126197,-0.008968941819671566,0.19097221299492018,-0.0060005001055054435,-0.18266588367446254,0.18509805410227806,0.0017137442803733943,0.0011761839099486636,-0.023454889475905332,0.0017961636277464103,0.0017397431279476327,-0.022502763759569312,0.0017510779609316435,-0.02165182568008027,0.0010818912768991349,0.0016942815169642329,0.9999890634610386,1.0003710473953529,0.9999575423919751,0.9996923282559385,1.0004959552029122,1.0004926269294374,0.9995352454615486,1.0005734563975215,1.0005956545285253,1.0000800295534389
292,1.3358012604059204,0.23360663591420214,0.0,0.07856256461636611,18.0,0.17829811129957618,-0.18403457875920928,0.01555311762379584,0.18683787800899285,-0.18551974462920962,0.013533821939897819,0.18922113503398852,0.015651325574574822,-0.1837477749513617,0.18340377258531385,-0.001713744280373422,-0.0011761839099486704,0.023454889475905332,-0.0017961636277464034,-0.001739743127947631,0.022502763759569385,-0.0017510779609316491,0.021651825680080266,-0.0010818912768991347,-0.0016942815169642264,1.000042190991605,1.0004205376945732,1.0000031182691576,0.9997959120282043,1.0005966635543417,1.0006144480699246,0.9996572958758596,1.0006937030337508,1.0006602068244494,1.0001493097598577
293,1.3168916581161585,0.23649970977862278,0.0,0.07856256461636613,18.0,0.1800118555799496,-0.1828583948492606,-0.007901771852109492,0.18863404163673925,-0.18378000150126197,-0.008968941819671577,0.19097221299492015,-0.006000500105505437,-0.18266588367446254,0.1850980541022781,0.0017137442803733943,0.0011761839099486636,-0.023454889475905332,0.0017961636277464103,0.0017397431279476316,-0.022502763759569396,0.0017510779609316426,-0.02165182568008026,0.0010818912768991349,0.0016942815169642272,0.9999890634610386,1.0003710473953529,0.9999575423919751,0.9996923282559385,1.0004959552029122,1.0004926269294374,0.9995352454615486,1.0005734563975215,1.0005956545285253,1.000080029553439
294,1.3358012604059204,0.23360663591420214,0.0,0.07856256461636611,18.0,0.17829811129957618,-0.18403457875920928,0.01555311762379584,0.18683787800899285,-0.18551974462920962,0.013533821939897809,0.18922113503398852,0.015651325574574826,-0.1837477749513617,0.18340377258531385,-0.001713744280373422,-0.0011761839099486704,0.023454889475905332,-0.001796163627746409,-0.0017397431279476312,0.022502763759569385,-0.0017510779609316435,0.021651825680080262,-0.0010818912768991347,-0.0016942815169642329,1.000042190991605,1.0004205376945732,1.0000031182691576,0.9997959120282043,1.0005966635543417,1.0006144480699246,0.9996572958758596,1.0006937030337508,1.0006602068244494,1.0001493097598577
295,1.3168916581161585,0.2364997097786228,0.0,0.07856256461636611,18.0,0.1800118555799496,-0.1828583948492606,-0.007901771852109492,0.18863404163673927,-0.18378000150126197,-0.008968941819671549,0.19097221299492018,-0.006000500105505437,-0.18266588367446254,0.18509805410227806,0.0017137442803733943,0.0011761839099486636,-0.023454889475905332,0.0017961636277464149,0.0017397431279476312,-0.022502763759569357,0.0017510779609316435,-0.021651825680080262,0.0010818912768991349,0.0016942815169642264,0.9999890634610386,1.0003710473953529,0.9999575423919751,0.9996923282559385,1.0004959552029122,1.0004926269294374,0.9995352454615486,1.0005734563975215,1.0005956545285253,1.0000800295534389
296,1.3358012604059206,0.23360663591420214,0.0,0.07856256461636618,18.0,0.17829811129957618,-0.18403457875920928,0.015553117623795885,0.18683787800899285,-0.18551974462920962,0.01353382193989783,0.18922113503398852,0.015651325574574826,-0.1837477749513617,0.18340377258531385,-0.001713744280373422,-0.0011761839099486704,0.023454889475905377,-0.001796163627746419,-0.0017397431279476312,0.022502763759569378,-0.0017510779609316491,0.021651825680080262,-0.0010818912768991347,-0.0016942815169642218,1.000042190991605,1.0004205376945732,1.0000031182691576,0.9997959120282043,1.0005966635543417,1.0006144480699246,0.9996572958758596,1.0006937030337508,1.0006602068244494,1.0001493097598577
297,1.3168916581161585,0.23649970977862272,0.0,0.0785625646163662,18.0,0.1800118555799496,-0.1828583948492606,-0.00790177185210951,0.18863404163673925,-0.18378000150126197,-0.008968941819671573,0.19097221299492015,-0.006000500105505437,-0.18266588367446254,0.1850980541022781,0.0017137442803734,0.0011761839099486636,-0.023454889475905395,0.001796163627746413,0.0017397431279476312,-0.022502763759569402,0.0017510779609316426,-0.021651825680080262,0.0010818912768991349,0.0016942815169642283,0.9999890634610386,1.0003710473953529,0.9999575423919751,0.9996923282559385,1.0004959552029122,1.0004926269294374,0.9995352454615486,1.0005734563975215,1.0005956545285253,1.000080029553439
298,1.3358012604059204,0.23360663591420214,0.0,0.07856256461636611,18.0,0.17829811129957618,-0.18403457875920928,0.015553117623795867,0.18683787800899285,-0.18551974462920962,0.01353382193989777,0.18922113503398852,0.015651325574574826,-0.1837477749513617,0.18340377258531385,-0.0017137442803734212,-0.001176183909948676,0.023454889475905377,-0.0017961636277464084,-0.0017397431279476368,0.022502763759569343,-0.0017510779609316435,0.021651825680080262,-0.0010818912768991347,-0.0016942815169642324,1.000042190991605,1.0004205376945732,1.0000031182691576,0.9997959120282043,1.0005966635543417,1.0006144480699246,0.9996572958758596,1.0006937030337508,1.0006602068244494,1.0001493097598577
299,1.3168916581161585,0.23649970977862272,0.0,0.0785625646163661,18.0,0.1800118555799496,-0.1828583948492606,-0.007901771852109524,0.18863404163673925,-0.18378000150126197,-0.008968941819671538,0.19097221299492018,-0.006000500105505437,-0.18266588367446254,0.18509805410227806,0.0017137442803734,0.0011761839099486623,-0.02345488947590539,0.0017961636277464095,0.0017397431279476301,-0.02250276375956931,0.0017510779609316435,-0.021651825680080262,0.0010818912768991349,0.0016942815169642264,0.9999890634610386,1.0003710473953529,0.9999575423919751,0.9996923282559385,1.0004959552029122,1.0004926269294374,0.9995352454615486,1.0005734563975215,1.0005956545285253,1.0000800295534389
300,1.3358012604059204,0.23360663591420214,0.0,0.07856256461636613,18.0,0.17829811129957618,-0.18403457875920928,0.015553117623795895,0.18683787800899285,-0.18551974462920962,0.013533821939897767,0.18922113503398852,0.015651325574574826,-0.1837477749513617,0.18340377258531385,-0.0017137442803734212,-0.0011761839099486762,0.02345488947590542,-0.0017961636277464034,-0.0017397431279476316,0.022502763759569305,-0.0017510779609316491,0.021651825680080262,-0.0010818912768991347,-0.0016942815169642218,1.000042190991605,1.0004205376945732,1.0000031182691576,0.9997959120282043,1.0005966635543417,1.0006144480699246,0.9996572958758596,1.0006937030337508,1.0006602068244494,1.0001493097598577
